{"omega": {"vertices": [[87.38302075198938, 27.23679726131538, 74.92972948455515, 39.284907499060125, 72.38647429362592], [21.402611061425503, 18.291626490865333, 90.03030409303523, 10.90989989426464, 88.5210248868755], [5.396713996065738, 95.12771492210184, 80.01735530070424, 49.03565786129851, 22.456749139093233], [93.71657723428422, 69.29414698295734, 34.54991871678583, 24.872712908949236, 18.020937192782494], [96.40724108754455, 56.36434120952748, 66.34193017761055, 33.2103808285521, 96.40730712291584], [61.16237797698996, 32.86790109193649, 2.8442878505777314, 17.879210372391352, 34.85255743297363], [67.20227266370138, 90.84844894887675, 57.541846580510416, 95.36701483745288, 39.46132399307222], [2.6253845973296386, 12.018746311986028, 82.70822743824407, 8.815175780077467, 7.256645729550271], [78.81036739346612, 3.4206461257104026, 61.387986670189996, 99.71012894559654, 3.7073125752406733], [12.05565058691892, 79.54975108743687, 33.497449443667925, 15.381910444059145, 60.61957357385951], [79.78648667919799, 39.9718457136552, 23.84491418229715, 4.038525342511646, 58.268173332315186], [23.934663068322237, 79.16792688879735, 14.709796170688982, 57.91355873855463, 2.4393354547784796], [69.48564615431933, 48.430021308053064, 23.52667711976314, 39.26307837506078, 51.45302368378212], [55.13655099026755, 84.03380289933034, 76.4105339522786, 73.7442464937068, 0.05452850391811648], [22.346974834698685, 29.253137426188047, 34.82990433250438, 91.15611401301813, 39.75782487149409]], "constraints": [[-0.9631697272340394, -0.02194626459144262, -0.2413908923903468, 0.10998528625359216, -0.03815903417404737, 22.06483734329152], [-0.9600861893762207, -0.0786201812080164, -0.027189157480331655, 0.14110709042355332, 0.22672210925177746, 2.8251526955808117], [-0.7032601147187284, -0.3238589142828917, -0.6217645389522968, -0.11541921209529998, -0.02505749919775879, 58.3630233430064], [-0.646433498703772, -0.4700632752511428, -0.531464653525632, -0.1495149165008136, 0.23739178757994878, 50.898539414831035], [-0.5799902243112686, -0.0921800559954136, 0.11947171704773471, 0.4804267861915827, -0.6403364653956075, -6.839059529127615], [-0.5499510172522252, -0.035574752425464665, 0.11689405458960557, 0.5458411828191065, -0.6202269735776981, -15.838879771917588], [-0.5485438700373245, 0.48265357060083885, -0.3130965245272083, 0.49641677272042833, 0.3488353587604814, -50.076072209114], [-0.5419176534823362, -0.07014276542505468, 0.1367210507585638, 0.45265854194715643, -0.6912400798452538, -8.016365640111282], [-0.4757627700527645, 0.28860493768645956, 0.08324947088506307, 0.44630345564034685, 0.6958733560465994, -69.06001207021612], [-0.46671840277972715, 0.2844363463250195, 0.0031930768365770125, 0.7706630039062201, -0.32762514565669526, -55.22710717215742], [-0.46650050376352437, -0.22794624024377058, 0.669653582910488, 0.5285236425661961, 0.051425963197719256, -56.45369837808208], [-0.3814506893359361, 0.04491359263506284, 0.4857215006810725, 0.7804163586914584, -0.08662027282710873, -77.40311687647271], [-0.34670682405280473, 0.24194694399561426, -0.04037583232706761, 0.42802949568110765, 0.7977572296364815, -68.65816988822382], [-0.33480927227675905, 0.44511887100725367, 0.19336314396900778, 0.30741254243574023, 0.746913760201504, -87.85610976947949], [-0.33212034326095763, -0.551674276544761, -0.5579451223530648, 0.07508508011473213, -0.5180840099613441, 56.74669282669497], [-0.3241074900298335, -0.2399584796934137, -0.3445351204620165, -0.8350804714621963, 0.14598088875084458, 38.532845562183226], [-0.29449630358052514, -0.07668200840111634, 0.6767161661642851, 0.6257093185547706, 0.24069664702819327, -81.35247363375073], [-0.2788850677106267, 0.18222686128275545, -0.10200198440443663, 0.8238785164883553, -0.4470305082224013, -52.87435379118013], [-0.17825014013536145, -0.22182198697270952, -0.577834115922164, 0.09606269891380441, 0.7588817997495064, -8.32994458461468], [-0.177533801529304, -0.9190584467392398, -0.32219107771053085, -0.008193542716462962, 0.14120586423123474, 37.20742434678896], [-0.1724283524734273, -0.21845319181507342, -0.5794514074298218, 0.06754427059708552, 0.7630337503585359, -8.426963263245277], [-0.1412216715352132, -0.1124734250647693, 0.9275317013971237, 0.3233132183663835, -0.050593219663589976, -77.47487793188971], [-0.1339669786212636, 0.441794981668164, -0.08217092633663545, -0.7112577768509436, -0.5236700836843259, 11.908055304255786], [-0.1310305209327074, 0.27905171020605984, -0.28078067874572654, -0.7622191461861155, -0.49512152977382706, 30.525043327723232], [-0.11888374719913142, -0.021875724572822386, 0.839585806448778, 0.5028236014712171, 0.16628952684873669, -92.84947478197712], [-0.11368180633040381, -0.08364143812378454, -0.6510002982323745, 0.17122531427259313, 0.7259208360363085, -16.807770682394363], [-0.07173465342614246, 0.2163751274777216, -0.8066013014627323, 0.2940110429948731, 0.4593340731782524, -21.695780475662453], [-0.05494079677504969, 0.2292398581149028, -0.20498212885349076, -0.8785586429716551, -0.36131376117119673, 24.709348389261685], [-0.040647651401843, 0.28617422760529004, -0.7528658337962222, 0.34159562539890115, 0.48265675681656284, -31.568809584437293], [-0.028211507480963845, -0.1837473147633327, 0.43694933444618034, 0.6716071741718932, 0.5687355430169636, -93.04606447695764], [-0.026688732051879396, 0.2369879194918135, -0.6461248230468231, 0.347480450379023, 0.6363210567343403, -40.805470667862934], [-0.02185421820106505, 0.38094175781792144, 0.07502719480957809, -0.48448460919100433, -0.7836142889160826, -0.7692046353295949], [-0.02130208219993231, -0.21189248753979623, 0.413754056215686, 0.6672314924678722, 0.5815990985569934, -91.68180214907629], [-0.018958930238105173, -0.1763072549309952, 0.467092291816733, 0.6643410120310409, 0.5559065762175224, -94.87905781196099], [-0.013610745247243037, 0.08032641778384457, -0.7138744459235887, 0.1033550302187325, 0.6877960652734237, -25.59658899149106], [0.06779735019592775, -0.6279649139553898, -0.44174976171444774, 0.15641603525237555, 0.6176202377582578, -6.5725350053186276], [0.07113645871922798, -0.004274921966241981, 0.890564657230504, 0.41187228195113884, 0.1793798872096491, -101.9944944125422], [0.07168385059687273, -0.6303481539887827, -0.4408511941433411, 0.14845989606402304, 0.6173593072187287, -6.583122716062931], [0.07853833001297918, -0.7967482528892618, -0.36689502890951503, 0.13199381427921045, 0.4549611225041022, 4.2109029931700235], [0.08205729921120303, 0.20116497144045017, 0.9104837424780496, 0.266436154013205, 0.22984861198045647, -110.660229657299], [0.10340718202232448, 0.41330111765323246, 0.40203109707970347, -0.8073346605889179, -0.07121013723801788, -30.856580636254613], [0.10953385797971989, 0.3579007288057391, 0.3312205435841741, -0.8640261273661364, -0.060507892153672825, -23.928124090482704], [0.11165757443109058, 0.12340410906861675, 0.9123759967986964, 0.3078040275401074, 0.2124399515929627, -108.95202731654602], [0.12386283030186025, 0.9548021561254255, -0.21015278076942354, -0.16626860675749958, -0.034661232950509824, -65.74926073127526], [0.13360436123691807, 0.4537250658351983, 0.4159543601481563, -0.776539887022597, -0.01584971381414329, -38.732343804115345], [0.13579241339635295, -0.22935181912811956, -0.29372512713548066, -0.23901712887433266, -0.886315138830728, 35.232151611885286], [0.14353435488039762, -0.04748248270764349, -0.060944320250164226, -0.17699355996190308, -0.9706195816931803, 13.838115515273099], [0.14866086501912745, 0.4076769989170705, 0.3463992162564139, -0.831627820306471, 0.010107583043725683, -33.64699018565214], [0.16391000062210903, 0.9461265953096161, -0.1353425923594579, -0.11854187884004556, -0.21356072438158566, -69.44902150670305], [0.18145745681957662, -0.11339811831501945, 0.9673891959366916, 0.05933309824298695, -0.12186790047027812, -78.7632175458235], [0.20015389984756204, 0.12906405474895943, -0.8275713451956411, 0.45900409302491324, 0.21845319257228452, -29.950385120955133], 