{"omega": {"vertices": [[57.434422406800046, 15.115603934799038, 16.041638881233045, 13.871462268568635, 45.264432277062994], [64.09052552871427, 10.200764546980267, 47.845034561297, 17.8053350558282, 30.4210826021154], [35.6410088497226, 43.94044406851867, 5.164123821334954, 10.766387594368387, 71.10953188954076], [12.780699944110363, 95.31210051205122, 39.915339691165386, 58.34385348164726, 76.41239434153432], [16.602848196488473, 62.480707964847056, 5.629366991581264, 32.85528198863293, 98.04118301943397], [40.67028703340123, 16.68138145292579, 27.54701840044086, 92.8123824274193, 62.69219445617967], [37.8846898080457, 85.64730629853469, 87.92717648611894, 77.86384040043949, 15.599250030509426], [13.766274094560316, 1.088873380347899, 75.82782604769962, 31.995283807767837, 98.43834501935108], [51.90823222119894, 80.99887106624163, 1.2603767029876312, 67.24698446537339, 68.68082266569918], [67.17297848174204, 35.24296302164088, 85.58283672539278, 19.50374860087073, 74.73208103319232], [3.608969013164365, 84.3606492633257, 44.996638080956, 97.648098121021, 5.744723785276074], [73.39429857330612, 18.4755415550771, 92.0697343905002, 66.00629746897259, 69.00753608385438], [74.44714753875596, 97.77178561544794, 41.560409965957454, 9.155826221333896, 26.129816366655454], [42.337355591597046, 17.70093720452809, 70.12388826400876, 59.759792239864105, 27.55838908054532], [62.96714142998388, 94.99550336907694, 4.009536994516982, 46.42330143162392, 6.970286241274593], [31.096766272637698, 95.47816396403105, 91.75048562990035, 84.85473052182941, 52.527177315370984], [6.271018288023855, 25.761222696511453, 59.188898872799264, 8.820669758410283, 86.1043143927466]], "constraints": [[-0.9498209989454628, -0.03643070132922367, -0.06917089519178557, 0.19452536026880063, 0.23213820330476537, -10.714951417371815], [-0.9046644715441133, 0.1383021295987243, 0.35075848855930847, 0.0952827571883404, 0.1741964229266636, -34.49019452312722], [-0.8215852219885613, -0.39921887651812676, -0.3803960836401964, 0.13757857655530223, -0.044642652988243, 40.58215749968293], [-0.7644875106142703, -0.0009281269309206545, 0.6102253000222099, -0.0929441016797282, -0.18586140500638756, -14.477240650995578], [-0.7634083366123892, -0.10155207181165106, -0.1157383789442637, 0.4969036480945414, 0.3828658778882709, -34.19120120838063], [-0.7242330338373143, -0.44414002701490524, -0.48604767024246937, 0.008427387500320042, -0.20472613534618866, 62.305363465885335], [-0.6980336713535948, -0.4762037601278237, -0.46901065513371726, -0.013796045489934985, -0.25654950203932303, 66.61690661139392], [-0.6822166778389438, 0.3560003327360552, -0.19256799096271995, -0.5402195805238111, -0.28093511928107506, 35.45990110607668], [-0.6762433906499494, 0.35989412517626085, -0.18715900908211122, -0.5450922301302111, -0.2846349613750025, 35.36353437703814], [-0.671671625514694, 0.36730751275747064, -0.18629653915766659, -0.5530682246364179, -0.2708349256387847, 33.97494917858423], [-0.6698033584382591, 0.37096116132238405, -0.20990239776841088, -0.5373488468138835, -0.2845144601844314, 34.673227275169594], [-0.6695815564575854, 0.37116083482884304, -0.2105927379587381, -0.5371454542287425, -0.28465001960553915, 34.667563052065425], [-0.6695511842924325, 0.37147904473174004, -0.210594300484319, -0.5370394788869505, -0.28450513116312665, 34.629498719595105], [-0.6665155499651818, 0.4439663877251571, 0.36467650471897, -0.43244857666204095, -0.19659639791668762, -8.099902403036197], [-0.660646264371832, -0.5872632531064318, -0.2984771559917804, -0.005685576841313749, -0.35992700161204116, 67.97949675332627], [-0.6593180316726481, -0.21481567879601288, 0.5487194154465383, -0.18013243397844603, -0.4308285814517454, 15.875500323607389], [-0.653519359347465, -0.5926714662809487, -0.26179981774471733, -0.023770450891793127, -0.39057496221302135, 68.70167705783658], [-0.6535022649511152, 0.24991917624681306, -0.18277749736078183, -0.5685147202416373, -0.392248128580595, 47.267236690177796], [-0.6458995390942268, -0.6024460307958295, -0.2748024709714454, -0.0012849811598331705, -0.3799401481123344, 67.82708422853374], [-0.6421899629086939, -0.4972349626157228, -0.1638927928277802, -0.1929152273501236, -0.5256161251402316, 73.4966571476809], [-0.6284963147373681, -0.5721973288724893, -0.5257688630844498, -0.011422583320477867, -0.031925325274883884, 52.65115784649613], [-0.6253059860972993, -0.039276810860337276, 0.10372132399195025, 0.6309565412398855, 0.44562931444809933, -63.26870725541977], [-0.620811928294044, 0.4624598227005873, 0.3096663494518905, -0.49515933529662887, -0.24422826773596998, -0.9524732438612333], [-0.6128427929056038, -0.5949987160596375, -0.5141469866053552, -0.02732629683983312, -0.07284496370165941, 56.11613868312457], [-0.5987837839418788, -0.6387762560102543, -0.15835505482227125, -0.14178662056720803, -0.4338699179317845, 68.19222754520553], [-0.5773250955573308, 0.4905534615467861, 0.3759897279110277, -0.5020655406590234, -0.1805961040342193, -11.292600666514758], [-0.5769879844490708, -0.0454598382268339, -0.18754193191934326, -0.541852236219018, -0.5798641623571841, 70.59810943577612], [-0.5402485626878788, -0.04615619114557207, -0.11207934919130018, -0.5606623212476165, -0.61570859791845, 69.17138567182754], [-0.5324286191110037, -0.029772644040798327, -0.08484630837188464, -0.5700739585166645, -0.6192335108787097, 67.47491991603508], [-0.5296536414395567, 0.6634315598849847, 0.2772784157847195, -0.3870579725352082, -0.22940878687453078, -27.419245081588187], [-0.5267971871060353, -0.010945689642935344, -0.15382851536685188, -0.6112249056179041, -0.5701805136514435, 67.17688483131414], [-0.5249368076760667, -0.03314649526401812, -0.10688360872448373, -0.5846383861059191, -0.6083720156911151, 68.01246311379903], [-0.5037844608615958, -0.1097301478767647, 0.3375792034619021, -0.4642614806423117, -0.6361305452681635, 44.87376467488881], [-0.4844702248034185, -0.3482027894755999, 0.6423016889935119, 0.4573411218052404, -0.1494357965895128, -41.57838857562526], [-0.48214404945125616, 0.5575662812829407, -0.6691522601738258, 0.0919785017770392, -0.020788589903332377, -24.04910954958925], [-0.47632322472598904, -0.008220021631121673, 0.2777517069339896, -0.5398347828753742, -0.6359882179130142, 46.28200557672497], [-0.4569696868689571, 0.13194727193857791, -0.43370034357486, 0.665521226761508, 0.37782817711727124, -57.124311262236375], [-0.41527880478027906, -0.38578287669094946, 0.5698730262880021, 0.5905293058102496, -0.07235301818816864, -48.847163517957966], [-0.4028254535420712, -0.35169262617446806, 0.7167595731143753, 0.42658017407702065, -0.13538471149449582, -48.74347267962934], [-0.40148291824964993, -0.22047966734677601, -0.8402422541040756, 0.15544735940601473, -0.24500868456485167, 44.08519212014839], [-0.399449073678728, -0.3786775144972447, 0.49162045827628575, 0.6745626389887921, 0.017842327092801404, -54.70644552218515], [-0.3988116004525599, -0.43056310751204635, 0.48695087727418657, 0.6450760757050064, -0.048170711734067666, -46.86299488374874], [-0.3960976479841412, -0.2948315534873934, -0.7978710252468887, 0.1103694785481804, -0.3277215488888745, 53.30849927759984], [-0.3871196263486269, -0.8387692681307227, -0.20345381255020345, 0.03526458526229505, -0.32243986248634987, 52.282114736411586], [-0.38242592402811426, -0.18415788715844464, -0.8566260463437109, 0.19888454187732957, -0.21557606767999063, 37.27886211889081], [-0.3454538246699247, -0.36621238820417645, 0.5989169466081169, 0.6061881189274421, -0.14277463809631608, -53.18151815860432], [-0.3366110723970992, 0.07628376706090309, 0.8561758202316295, -0.37110954124429546, -0.10057060241848849, -38.597375484636565], [-0.32728954633079577, -0.21742523764561492, -0.8809938244732864, 0.16727377567552978, -0.20365948077247506, 38.449448345762036], [-0.2957059715737454, -0.17121012351698361, 0.7482387039888472, -0.41954905157624517, -0.3838782452230003, -1.2681885610497927], [-0.27265675392656574, 0.34201027951255836, 