{"omega": {"vertices": [[8.748220955359088, 81.63515118272142, 5.696439948283272, 57.07158515462564, 59.560793360264555], [22.730973628468874, 18.513039826903068, 22.881367096037586, 99.675342520821, 3.2426325314457105], [17.47658763563116, 24.035562484913886, 49.72500933605313, 59.437262383097774, 6.537171504222639], [60.70941619724605, 57.42190888408597, 51.90159840736788, 97.5989068330905, 45.17331486914753], [31.437661611405044, 70.18765297563104, 66.41025553547935, 81.68351087916218, 9.357709581748075], [1.3136356923072245, 35.300608554182475, 49.20718014935584, 73.00912110901044, 46.86283427461092], [41.358641500116136, 34.898759722078886, 17.47201501089225, 90.15625846693213, 37.543483316785775], [98.43834501935108, 22.0234226159156, 33.870802548167966, 52.38961356661317, 75.48914570605328], [20.26021252196626, 43.11817551603709, 40.420190577514724, 14.675148076429412, 72.93189193611234], [78.21818168314053, 5.61410396619153, 83.5271602489966, 19.22500168221477, 39.50968688899732], [10.806532869723684, 78.75518396525072, 10.65838767888011, 98.57088237131877, 17.716116443841734], [86.19665576670734, 1.9775099516344263, 86.02369974231152, 55.890381116093835, 40.32204721058492], [42.337355591597046, 17.70093720452809, 70.12388826400876, 59.759792239864105, 27.55838908054532], [62.96714142998388, 94.99550336907694, 4.009536994516982, 46.42330143162392, 6.970286241274593]], "constraints": [[-0.8657100605327487, -0.18895056458641932, -0.3569932208512796, -0.17080056854800116, -0.24130226125083679, 49.15203455548561], [-0.8152463936053943, 0.3246169081226406, 0.21756421228572612, -0.28457632930881227, -0.3188719288427717, 14.62595101641106], [-0.7999114953771068, 0.012441645757336936, 0.32244744720465196, 0.28716402267367563, -0.41659485460995027, -16.69791227722583], [-0.7752684638721515, 0.3307526967309931, 0.2757888012561778, -0.3716908153129605, -0.27449578766195526, 15.77232997970576], [-0.7465983417868349, -0.37838105994872595, -0.4624679191994159, -0.2718034892093663, -0.10800452063781195, 62.00011393759541], [-0.6441800425134381, 0.398426106287221, 0.09645737817961518, -0.4340331065355305, -0.47812126838493635, 25.80862972966284], [-0.6026167544836664, 0.3999830017505643, 0.16614790153556153, -0.5231026710936685, -0.41907650356012494, 26.487527826189055], [-0.5550116148304672, 0.0669194229927628, 0.7483713412830645, -0.33683696896676385, -0.11817398238640786, -8.32831788455225], [-0.5407268210720453, 0.007793296798057975, 0.7920212426657091, -0.2552884439902171, -0.12281665615728839, -14.144000508961504], [-0.5181232277657706, -0.11772633818879558, -0.5937445426800001, -0.3828763691174423, -0.46750607927105997, 67.2218883127379], [-0.4707436685379005, -0.28596804497441414, -0.4419977317021839, 0.5298520902991992, 0.46959284849823274, -28.22779355719004], [-0.4423357094631593, -0.3108792011463341, 0.6744858451434919, 0.4460692626813127, -0.2319144239161513, -43.33321113516228], [-0.39767182772512094, -0.5719402981076647, -0.580271922277689, 0.06771225952185343, 0.41646243403322486, 24.805558918021283], [-0.38848783844777457, -0.9116398758523251, 0.08271258720966332, -0.013834691800248999, 0.10467647946892877, 24.726342890361593], [-0.38817092447450885, -0.9118851461253094, 0.08314657540652429, -0.010500578872906037, 0.10375547460317015, 24.51296967925254], [-0.3868361724119027, -0.9126387345729319, 0.07809045726264317, -0.013999209774562578, 0.10561353360732426, 24.954973804496245], [-0.3832533145771871, 0.4966913978095692, 0.4271150658699894, 0.4635248532429012, 0.4573095047564587, -93.31954304490382], [-0.37533404170386253, -0.8910562907929752, -0.13919541725150483, -0.153982172423826, 0.14851656529938484, 43.07949137586443], [-0.364649951757735, 0.04001752827038182, 0.9148324792175379, 0.01730561752171363, 0.1679614857194823, -55.084571715589355], [-0.36310683330997956, 0.00350211982394681, 0.40151353033434567, 0.8360508430562855, 0.08914614710497648, -84.62096385621157], [-0.3457945412355062, -0.30217070174110766, -0.6805680318117204, -0.4761314550979401, -0.3150317345970905, 77.50676982612731], [-0.2977731692669136, 0.3091226013936432, 0.3701682909772918, -0.6715604919900809, -0.4772381993568369, 22.403006688278843], [-0.28863696199571376, -0.4811115865134901, -0.4424812683007792, 0.20706399234462616, 0.6682478400785117, -7.297596794587022], [-0.28369959502595526, -0.7196698073030992, -0.43859266485222415, 0.07883226026565997, 0.4505683714128864, 20.488983385423232], [-0.28130259187980117, 0.1662000112333183, -0.021706221950462647, -0.03225422378539306, -0.9443171676107504, 10.091106774411703], [-0.27658921782620766, -0.28791817779746287, 0.6636391194298533, 0.6313640629724598, -0.03954828220481579, -66.37077608786245], [-0.27508081365841197, -0.15250926004090748, -0.025936776346956552, 0.8354077377564585, 0.44999185202419534, -75.05897699671988], [-0.2553441640763256, 0.4950838896365173, 0.5944197205077044, 0.14484302061877585, 0.5615843617339347, -83.28334816244175], [-0.2527752447334435, -0.8922206144274631, -0.17993635997457139, -0.028479723500337034, 0.32689273859948864, 27.442305465803365], [-0.25216306405755784, -0.8940559960647001, -0.19058874378550647, -0.031873862888326346, 0.31581268599076184, 28.797510944141095], [-0.2512827857854081, -0.8947601746818956, -0.18740284299194362, -0.028323553516143008, 0.31676354292421827, 28.36067850079504], [-0.25087857883190784, -0.029971430017283064, -0.1357672965768642, 0.6932547262139247, 0.6611556381278673, -73.5292467693703], [-0.242448229086923, 0.23255199064656842, 0.8468821944638946, 0.00902744750350137, 0.41212556551435053, -69.5358809364295], [-0.2251912565636398, -0.24954908887341112, 0.6264191209650273, 0.7023258150091586, 0.03676526446067022, -74.71837954220729], [-0.17021333176940767, -0.17921527817121907, 0.7648387701557744, -0.019640161893231926, -0.5945966914349426, -25.69498875696679], [-0.16793557032158013, 0.2879966317655265, 0.7839668231412625, 0.09602578241817865, 0.5148112796328866, -79.65892055941842], [-0.16470544566407636, -0.3311492887712384, 0.65505137212495, 0.36832696243467156, -0.5463105466085836, -40.05560758845079], [-0.1547843560034798, -0.1239583154398692, -0.12859245723115442, 0.5543135713655685, 0.7980454772211295, -66.96181317295606], [-0.15239060351543673, 0.08123955248444963, 0.20158388841235142, 0.3350366404536122, 0.9040418267748683, -79.41368758203555], [-0.10582790259888367, 0.0023498925003475344, 0.5090268941417551, 0.2537750137988654, 0.8156499227294405, -81.74326927795482], [-0.09965138439184021, -0.6035461008431607, 0.05278058590504748, 0.5969326142119062, 0.5164178246221429, -48.943061990063555], [-0.08110941225986266, -0.5156506225756337, 0.12527247293682237, 0.680358055006786, 0.49894430870779277, -60.909264233082794], [-0.07985585354517155, -0.47680085311403064, -0.8357170639618589, -0.25100840506012806, 0.06968327429480924, 54.55797491099683], [-0.07254372984172178, -0.5068862536191728, 0.11015190925613992, 0.6564597449812308, 0.5428912352018362, -60.800546598209976], [-0.025026240355848703, -0.42145729513335906, -0.8442427980217279, -0.32779196104714087, -0.039420349235358955, 60.48935757918922], [-0.010382511025661262, -0.18979089785831624, -0.9788711205859522, 0.06364148662535996, -0.04040679420410351, 19.935057892453795], [-0.006805683000818024, 0.43713079823308754, 0.7617637129745646, -0.017617121810529046, 0.477782409187817, -84.08807351580435], [-0.0008130479480442571, -0.4001687110297293, -0.876722189625716, -0.26608691962488856, -0.020501099684346415, 54.076205304995206], [0.013268086254275314, -0.5060474162108477, -0.6286289897998448, -0.5142960119599616, -0.2899399518844891, 75.65357000403601], [0.049665321227801075, -0.516468580339902, -0.6561645244760224, -0.4890123122806937, -0.24720161133388754, 72.99045736024483], [0.06899332180849771, 0.9010694741126328, 0.23073319325741007, 0.2712251223622833, 0.23772431700820007, -105.11516593741972], [0.06962393546539641, -0.5246722487710378, 0.051629238100004075, 0.7328879126162859, 