{"omega": {"vertices": [[9.83468338330501, 68.65009276815837, 28.044399206440517, 28.777533858634875, 49.15731592803383], [95.7889530150502, 1.8288277344191806, 10.322600657764202, 1.9366957870297075, 57.411760549201304], [53.316528497301704, 75.01443149449675, 44.78935261759052, 67.8835532939891, 14.672857490581015], [69.18771139504733, 98.88610889064947, 90.85955030930955, 21.162811600005902, 58.93055369032842], [94.45947559908133, 58.65550405019929, 90.34019152878835, 13.747470414623752, 13.927634725075855], [31.551563100606295, 74.81656543798394, 29.36141483736795, 26.554665937222623, 69.97583600209312], [89.58862181960669, 42.809118987129494, 96.48400471483856, 66.3441497818448, 62.16957202091218], [84.20308923596058, 12.417331511991115, 27.91836790111395, 58.575927145828786, 96.95957483196746], [42.11076250050522, 83.46256718973729, 78.92793284514885, 13.002857211827767, 5.336254511708038], [76.25731346670645, 45.52824669879853, 53.18264513359677, 10.933606758523895, 14.603274598822868], [60.43104829199733, 54.95479215085626, 92.61814267064537, 91.8733435633606, 39.48756129235549], [1.2712665062582507, 45.95452841220066, 96.13172622555156, 33.41852204130513, 47.20834208741505], [86.38017946127414, 23.526833126611034, 81.5100055768022, 54.38972352743908, 19.126026919431403], [22.50399578140846, 59.25118687657967, 31.226983770191698, 91.63055534683508, 90.96355249515571]], "constraints": [[-0.6176752034457376, -0.5923184387599624, -0.24895972682502637, -0.21650452124513708, 0.39847340796199876, 40.3618647807481], [-0.5986103665386442, 0.6913474345821566, 0.12688456910522627, 0.33849559999123374, -0.18172888784862062, -45.94008783986757], [-0.5929208821847537, 0.6754587160934595, 0.16585538574847333, -0.055289562275866615, 0.40203905984891175, -63.36249285168837], [-0.5501510144888989, 0.7821585890552397, 0.17499638875791323, 0.23338780532449843, -0.021637908204240497, -58.845031223864666], [-0.5435041678250497, -0.364389668019122, -0.1463711392600324, -0.36654924362067876, 0.64501203941519, 13.306789253280215], [-0.519420218767494, -0.3833333668430963, -0.14662489222999248, -0.421686399416378, 0.6196288306123747, 17.21201605307359], [-0.4966086826150384, 0.7236856008206114, 0.2485807368505392, 0.3892072457327161, -0.1280011900423702, -63.48581081238567], [-0.49265955369366027, -0.3123784258803175, -0.4415784218537496, -0.3239913127171196, 0.5997869703785569, 18.513513564412612], [-0.48526865995292096, -0.40804660095605344, -0.17183719996142965, -0.5747740453811618, -0.4879744589435979, 78.13206586520047], [-0.47647346361212706, 0.744263822717119, 0.2694493525475561, 0.3719242756227635, -0.09007652458964736, -67.675995838292], [-0.45514124148003937, 0.7589526925559663, 0.24759384841848203, 0.381064968828902, -0.10160726609259325, -68.13259715898214], [-0.4513786808980564, -0.4366338540849449, -0.22446293192077343, 0.012072776420614427, -0.7450361092998686, 76.9855997415253], [-0.4504148528728624, -0.5689647407160063, -0.1615414383374391, 0.4710268614694761, -0.4748090601574191, 48.92228796954013], [-0.4482823857639438, -0.6258916134689845, -0.3000980927625833, 0.32018055771575066, -0.46338767353488003, 69.35719079685349], [-0.44233112056701385, -0.659261398909102, -0.30788301551827085, 0.2946481023181473, -0.4337143440584301, 71.08392420356913], [-0.43941133192839554, 0.8542143836717349, 0.04755306748981121, 0.2634754898687253, -0.07453079975403662, -59.57246332732224], [-0.4258174399203818, -0.5319566458527744, -0.25499364484335996, 0.06714770664426291, -0.6827672087722377, 79.48845434366405], [-0.4226356428725754, -0.5729254677796163, -0.26603488802033687, 0.04924587440380579, -0.6480245396228481, 81.38663505425097], [-0.4207223074146104, -0.6332270494802718, -0.3388525580662349, 0.3119796364679408, -0.4581090417919473, 70.65308913157197], [-0.4132730958580152, -0.45642079867708085, -0.1568718776934968, 0.04766037780404052, -0.7707172666752706, 71.37189219608902], [-0.4099377502861215, -0.7851715328597952, -0.19688807550876278, 0.3169136138371454, -0.27614769954517016, 57.976208696305115], [-0.40120374922485225, -0.5502988063673431, -0.30062874198965317, 0.07980948848549335, -0.6629174762789121, 80.44525196495984], [-0.3840437947253749, 0.2552599977260005, 0.10134919758421193, -0.851615628157583, 0.22766611368549786, -3.273008256445072], [-0.36931715122331066, -0.23250741904835304, 0.2210593409416945, 0.3154597696672728, -0.8131193291292901, 17.74726945788821], [-0.34707623191743814, -0.8042671427213539, 0.07302098146091171, 0.4663668071774226, -0.09930956553345616, 19.4842611686856], [-0.28375717160975233, 0.024248982010952613, 0.04175128732902107, -0.939470055136691, 0.18586742570794448, 17.853964861314804], [-0.2533940309473092, -0.6189286895161136, 0.45026475975067404, 0.4321701917309382, 0.403991725014328, -48.034289854358825], [-0.2375696972002086, 0.045107815618885105, 0.08686723882137778, -0.9385121133855814, 0.23059709406315881, 10.355989630446363], [-0.2327227898918921, 0.9304542786797161, -0.20440385088445576, 0.19573710976660344, 0.0009939594384893256, -61.536326081526035], [-0.21674760303238935, 0.03332027821559917, 0.25144264568281816, -0.31583429855695616, 0.8882204272737759, -56.80398759216798], [-0.21534956156118573, -0.5463796769985133, 0.31420359349856797, -0.36349028316710646, -0.651340717884341, 38.073476711105165], [-0.20455002808551906, 0.2587553550234067, 0.6575431423087562, 0.2876981842327004, 0.6132468695793385, -113.40651616674893], [-0.18652083451813536, -0.8104098570824304, 0.40341891362688864, 0.3559893382543502, 0.13773384846007916, -19.70106024856745], [-0.18131148728956376, -0.3444446741276804, 0.2725522421218917, -0.8618695632695503, -0.17714441076648893, 27.02347120199232], [-0.15433423331414295, -0.585437432897436, -0.44365326705941327, 0.5094908786161787, -0.420755011644804, 43.60339148424085], [-0.13989730377360207, -0.10508502042618265, 0.20934017233692667, -0.5994283202100279, 0.7524946937055672, -30.609271209924], [-0.1335205192424326, -0.6822787879765397, 0.33637370366165015, -0.4917452593667443, -0.40212840958302476, 34.604570632762716], [-0.12747931321482348, -0.1213484010940527, 0.7685590804687259, 0.11406376422205651, -0.6044253368074137, -43.42226673726221], [-0.11771394536633044, -0.015394709687150076, 0.46803581188353743, -0.08668925182898392, 0.8713976603088799, -82.37620028100608], [-0.11379842902532206, 0.9303852632350992, -0.32001886553406556, -0.009201095669037438, -0.13760975636597494, -46.74781518299165], [-0.11215135307379993, -0.08039906438402829, 0.2803632970720649, -0.9363608039797344, 0.15994665009057013, 0.6264456227189583], [-0.05457207544229252, 0.22942238016197303, 0.9371495376445979, 0.04274069269401213, -0.2535966035720673, -90.01987998833278], [-0.007382135646234009, -0.8137378124926563, 0.5015864508618109, -0.1715551649233777, 0.23823545977232688, -16.327630308619153], [0.011886720778176122, 0.11044470634076277, 0.9879909441432299, 0.01633018465206485, -0.10615032769917772, -95.60237019422907], [0.012056266690394455, -0.22183766519737086, 0.943198081700265, 0.046607019686432924, -0.24258578096450337, -70.59760638765604], [0.06381528600144493, -0.44746494768512146, -0.3747258240684492, 0.7254779592031296, -0.35911699674672776, 2.968897027303659], [0.07481874738392429, -0.30295295033210545, 0.501458247145969, -0.5166564464661566, 0.6198607969691495, -46.375807238059586], [0.09475839756959926, 0.2963090084486581, -0.9322628544473672, 0.14688044235317302, -0.1119550064713408, 6.147742619257035], [0.10074864603741418, -0.6361707748201014, 0.6135413090630556, -0.4196349580525826, 0.1805824455472317, -24.37535335308568], [0.12202166285190036, 0.4939251625219763, -0.6285984136658906, -0.5125910978565857, -0.2885533717657835, 11.456229137860005], [0.12320752189356728, -0.3357815758369598, 0.5743968411213982, -0.5767099783288169, 0.4577603190350042, -42.28101611713975], [0.13957433987738008, 0.15384991114059748, 0.31928060715902123, 0.3400675537201279, -0.8598041412372927, 