{"omega": {"vertices": [[93.91802231506318, 30.567079153268885, 1.6380591319275162, 76.0328719231138, 91.56276637472456], [98.56836811415684, 77.73167993277117, 66.20061500185469, 37.54757213575664, 26.365996196588426], [60.23340057756581, 40.70733119929842, 63.57480442863621, 21.042261063578593, 10.01277875375064], [86.68910227557191, 74.17880919615374, 95.65629334860661, 14.25080600118016, 49.50020256052745], [54.9767648858799, 97.76082424651608, 53.13397740826191, 46.815623742948155, 20.4316358152029], [13.93352706810841, 3.798643292112891, 84.24535408318455, 21.215568707776068, 43.44096300360572], [88.69161050139142, 30.15660082080118, 60.936290211872034, 0.7423696678887426, 54.93056774716489], [76.76607219004644, 78.23160640858313, 31.332515638979054, 27.10511281107507, 98.37519851084643], [90.47647664647238, 63.85219540891117, 34.45569129366769, 27.479148445400636, 81.77105029436986]], "constraints": [[-0.4777693283837469, -0.0032851007444486794, -0.7909730578673697, -0.34005589245374224, -0.17449724554924567, 88.10010366452187], [-0.3869531416399855, 0.32802709281155934, -0.1630991501367238, -0.8434250656946314, -0.06854428013501114, 38.75728177988398], [-0.3839952216852987, 0.33984339339870406, -0.1330219556906955, -0.846118255069137, -0.058678747678299434, 35.765887028987656], [-0.3809241460364741, 0.33705073201174385, -0.13035968064701808, -0.8481371515669861, -0.07045086805836548, 36.06364441729827], [-0.31043817506329785, -0.15337890276367533, -0.7686554651394147, -0.523982384562952, -0.12130246588347998, 86.04986249804847], [-0.25342607006734924, 0.20677524144834208, 0.5145899544298326, 0.6630479017026976, 0.4342624614006509, -73.53787713012684], [-0.11214401737247764, -0.03979172068505002, -0.8133096032247148, -0.5240914391752132, -0.22292597654422217, 73.34080660454576], [-0.06645374843071829, 0.093249747559738, -0.8389004602625298, -0.4372198714079611, -0.3032708125040609, 65.7763978116502], [-0.04760867780695218, 0.018011336496816525, 0.735175785538996, 0.4515754439837514, -0.5029962110225786, -49.069996272377736], [-0.012857587886979716, -0.006209402862923125, 0.5739354971414486, 0.8146537392465844, 0.08205763829388972, -68.99666552952354], [0.035176501929074726, -0.2510867363590279, 0.2734853812693229, 0.8362748580100435, -0.4019554361230363, -22.856932055568958], [0.0418038397084064, 0.2286234603225629, -0.663177015568509, -0.6438495094604785, -0.30271737242008123, 46.91580226290098], [0.13409925168840675, 0.394944369503917, -0.24048104873304874, -0.7963073012835963, -0.3661965084711373, 11.556901183363884], [0.1749982672053282, 0.4692299528702578, -0.31676059072935925, -0.7759684516039826, -0.2161817477971093, 2.0819983338821633], [0.1791903447626848, -0.3326284081597376, 0.5337768986143634, 0.042264502249428036, 0.7553443564257225, -79.9109923667084], [0.1930486100884968, 0.46901759189238124, 0.3995521066380888, 0.6800777777557453, 0.3472852759940213, -116.62839866787351], [0.20996233558062938, 0.3928712851532393, -0.4763228627849534, -0.7074510392188595, -0.2723922327014325, 14.043638178852596], [0.2336764957359485, 0.22555616376292406, -0.6558482931637513, -0.5608597527881155, -0.38706467984791443, 34.11585787810474], [0.27085033427443855, 0.12776415392481705, -0.7679636270102945, -0.36307104473060453, -0.43442801643393264, 39.29763030618138], [0.3461662737761576, 0.058182491523254665, -0.7339416627194565, -0.3945934076946643, -0.42709411949661485, 36.02050830640318], [0.40508263490684243, 0.44637233630114137, -0.2735473595828436, -0.7398540213816414, -0.12019844172308765, -25.567728518772523], [0.4548325933443639, 0.5250050355091784, -0.6821406722498384, -0.09115195193400441, -0.20945751273899507, -31.538407378878325], [0.48490532197012287, -0.5418488971405461, 0.5649240938563777, 0.2741923211461905, -0.2773913131257721, -46.057381325134884], [0.48575704580803314, -0.5392199591300119, 0.5326097219713345, 0.42791603743760565, -0.08060196702932425, -55.16695430686763], [0.4898837881234286, -0.6088411531038805, 0.4040532789417484, 0.4070752643557909, -0.24567661945545738, -36.516554516325215], [0.5230462599735592, -0.21831363327662084, 0.43097538632649746, -0.03684420846877964, 0.7011879121435767, -104.55755737537896], [0.7675006061075716, 0.33980642294391866, 0.2568081929427918, 0.27268489850519784, 0.39391231602380344, -139.6904132113823], [0.9562637104357634, -0.0602157488302031, 0.17883205356090673, -0.032773486590710194, 0.22108544703874605, -106.01404724107665]]}, "solution": {"min": {"arg": [60.68670214270799, 40.29901197508144, 69.94039298896014, 30.377828238685225, 51.41398741409999], "value": -21.526764004977622, "pred": -37.9479439874415}}, "policies": {"policy0": {"pos": [76.97031320783087, 46.91301112660381, 67.29046102500988, 24.037499779838196, 47.127519408043554], "value": -5.574265807316266, "pred": -10.958732900352459}, "policy1": {"pos": [54.8078847610232, 57.6333563649885, 78.22735740164404, 25.231940988846212, 44.4285944815281], "value": -11.88600168514887, "pred": -16.263058877311266}, "policy2": {"pos": [57.59097864588364, 34.857194529873134, 69.72692900569704, 18.881333611223944, 57.922435632212455], "value": -3.2951407795544583, "pred": -9.018002101294485}, "policy3": {"pos": [62.26350696348513, 38.254701413094686, 58.06520780583695, 22.22799305918379, 39.22426230332062], "value": 24.22724175999179, "pred": 26.49269781321243}, "policy4": {"pos": [60.88536875219681, 69.46586450019471, 81.43422972301659, 21.809064802196314, 45.49640408112475], "value": -11.176142325900031, "pred": -6.612353004999818}, "policy5": {"pos": [56.85989378580916, 80.75778572465184, 61.56449897533561, 39.30329090444931, 27.069997005103154], "value": 15.07289104038611, "pred": 18.18684637343847}}, "model": {"name": "ElasticNet", "alpha": 0.1, "l1_ratio": 0.1, "fit_intercept": true, "normalize": false, "precompute": false, "max_iter": 10000.0, "copy_X": true, "tol": 0.0001, "warm_start": false, "positive": false, "random_state": 1, "selection": "cyclic"}, "objective_id": "6fr8naxr", "data_id": "oyernaan", "solution_id": "2zujcryb", "generated_file_name": "solution_6fr8naxr_oyernaan_2zujcryb.json"}