{"omega": {"vertices": [[53.48927159810535, 84.09268023190427, 74.3068917386814, 22.541537690631053, 90.56002365210344], [94.163113957495, 41.57735683538315, 8.526681606208065, 18.661642842080195, 12.687518908977557], [47.77587067125633, 96.58491963108598, 93.64219084560114, 73.6698451722425, 95.96550190101404], [10.446712732546493, 43.00184486355219, 16.897236840098863, 43.34916149904484, 89.0731238831139], [10.079463767031339, 52.10975393847518, 4.075727461346879, 66.88449330627965, 48.497948856170034], [11.911750642692242, 11.009159403076419, 80.5819261418933, 11.14081645029118, 25.884278911827874], [87.68154619039467, 49.588094502567905, 63.79129163889312, 20.798782987799015, 72.81922002089209], [70.47546167225724, 12.27632021634102, 98.5342803111992, 0.48905431192564075, 62.74620329514988], [17.327779117814014, 1.9169587539533794, 6.935032803238316, 38.38700056040838, 54.93480192094752], [24.46774870470104, 31.47412500076475, 20.726294498427368, 9.666073955015353, 59.63763020608484], [2.899080363428086, 41.631248379048856, 7.259010386421805, 82.96503452430711, 53.36806129742382], [52.89220230300257, 85.40105694060188, 60.56495754655305, 36.194111201817506, 51.53170352294369], [60.76597679931882, 68.97744807287661, 15.173796825759167, 18.75582557082027, 31.716522123335047], [12.685544781964431, 23.23652670271812, 77.67510356010614, 34.255836576529575, 28.24915559147777], [71.17088897279967, 20.73903427921209, 23.412701442050132, 25.459352133979184, 59.72479505560654], [21.18801029704729, 76.77583192828828, 73.89157063704586, 57.55007209446856, 17.701967541349482]], "constraints": [[-0.9580248626345895, 0.20732428953725734, 0.17060683654799158, -0.06406577201780686, 0.07742018936102239, -5.908761148485482], [-0.9336902255002778, 0.27857946182223614, -0.003127426504094047, -0.21822917947334083, -0.05461035328513473, 12.151774342137289], [-0.9222527053266626, 0.1743841281673134, 0.28451402796234365, 0.06530908327829121, 0.18392013183708328, -21.88526574767372], [-0.9146775468006842, 0.022976865775090248, -0.22712039425594827, -0.31837134957976426, -0.0994638592535891, 35.065720756575], [-0.910700392316755, 0.027304074628847395, -0.23099632113366989, -0.32586393640570493, -0.10164977872902609, 35.42309108939217], [-0.9047677811027894, 0.23535716712949498, 0.28919066880962296, -0.07735984837707216, 0.190752397341772, -19.192893870991412], [-0.8302873631037708, 0.3701027085604656, -0.09748461656836994, -0.3911696307858273, -0.10549857472872108, 20.759858079892872], [-0.8259303927703538, 0.3718385323691271, 0.24164306932506519, -0.29420292302842566, 0.18608696696027507, -15.266482943266235], [-0.8026304716536906, 0.5805570990758104, -0.02039173792624472, -0.016732443462066423, 0.13432044909763302, -27.47461692441472], [-0.7338851855339747, 0.46182560883183044, 0.03924785985027989, -0.49488473713989173, 0.040967596024489523, 4.947880781392721], [-0.6256561568002814, 0.3149595375840692, -0.282920678663316, -0.44658992190582303, -0.47944571577976414, 44.16899658397653], [-0.6134420094265577, 0.7416592011980686, -0.1476304154498964, -0.20450924818316615, 0.10005877368125812, -23.036958482493823], [-0.6032707060651155, 0.6258711823819788, -0.2060644523659127, -0.44674044639469834, -0.04806384601426461, 6.517520802063683], [-0.5985208729572784, -0.5454305167066639, 0.29574579046177496, 0.30428892579527905, 0.4052418946037713, -24.57702384575007], [-0.5887461111671584, 0.637045363418331, -0.1815901525025083, -0.46259119328719717, -0.024199709502337748, 4.033191489951129], [-0.5720571423345556, -0.15546113919542578, 0.43118634362514074, -0.25564404846138894, 0.6303228677920034, -39.68749709406124], [-0.5691068850564734, 0.6844887748669488, -0.20957737179200056, -0.4044479456408731, -0.009573659806790716, -1.562470378349044], [-0.5227001546779004, 0.7478808301737389, -0.22868136466195843, -0.3393192116272048, -0.005110600294940368, -9.828258677207266], [-0.5115137260323444, -0.07010546360302457, 0.1883315743016949, -0.6384325752467042, 0.5388636163617093, -15.146730836554173], [-0.5015286015093962, 0.04441097004421063, -0.4374192215546675, -0.3926982097963074, -0.6332055497585641, 61.498287331425374], [-0.4949647725770986, 0.5259860333574853, 0.004041789355697935, -0.6735489236120773, -0.15704801195932283, 11.348497163845444], [-0.48801358939665085, 0.8249172737652777, -0.2163665251590973, -0.1793956741401935, 0.04854839748356855, -27.54117880705862], [-0.46625279355012206, 0.016133174445551523, -0.4355569538323322, -0.34603640991420664, -0.6876750658348779, 62.129393941135504], [-0.4539509780933229, 0.000990020630760019, -0.44541787977441927, -0.43057728599041606, -0.6404167725111941, 62.66279112075463], [-0.4480932845873701, -0.491397579914964, 0.06304995250097953, -0.4959866237316999, 0.5547637328902028, -3.167200112946592], [-0.4410308998175368, 0.09488603479760983, -0.34308853725813854, -0.2349923592013544, -0.7896564015605605, 54.91326307518855], [-0.3917006148433548, -0.5535685753157151, 0.4096511376741167, 0.3032849607683683, 0.5294682603596729, -39.33405918937456], [-0.3583508544828223, -0.6092580675171733, 0.3699068064843733, 0.3291101761531136, 0.505217496456397, -35.57554440926309], [-0.350834869890044, -0.1994682983715877, -0.3247779785563772, 0.036474427655450864, -0.8545853806297061, 54.26024230261929], [-0.3362074776348446, -0.1455530757880152, -0.27525948666670336, 0.07767593120004898, -0.8854250385115907, 49.84139163542963], [-0.33252293334196986, -0.5897148890710099, 0.3602342577370228, 0.43181383549575103, 0.4747977879442185, -38.26485371314508], [-0.3122263949422458, -0.601856130561326, 0.370972268394335, 0.3963934383743271, 0.49551558452106914, -38.44618709142077], [-0.27664989995773664, 0.8695406934774702, -0.37229582939328953, -0.11568830179293713, 0.1239993850175208, -39.28165498411374], [-0.25494714411413516, -0.23651980891281332, -0.20713836017983936, 0.19891269381504428, -0.8925176601508467, 43.21848536487529], [-0.24905256168575685, 0.5327582227360798, 0.17450797329253273, -0.732206492160024, -0.29590896863883887, -1.1439883910816775], [-0.24041456878527867, 0.38226536891459506, 0.7851108474506548, -0.40341497815728317, -0.13012046517765827, -56.7479596711401], [-0.18694925731163842, -0.6370908389185601, 0.36093243578275275, 0.5185070075126276, 0.40005436895114777, -39.92322228814607], [-0.16635967371968632, -0.41189787239549414, -0.18297259248745745, 0.2852931308457651, -0.8293331426915149, 39.54886019012196], [-0.13855393200083452, 0.30496092382458195, 0.05007188055662123, -0.9370076206427106, -0.08550537118903972, 6.910442676085837], [-0.11977277895602996, -0.028668671955457845, 0.9526559859381736, 0.16208217734015154, -0.22585067835696748, -70.98427867795667], [-0.08782679725072005, 0.1291429479857437, -0.9267350382380307, -0.3106045407777316, 0.14246241897582193, 11.798251442108306], [-0.06854300891377538, 0.7812988305936109, -0.5281822954989407, -0.03303803605681888, 0.32373746174497625, -51.36055651449874], [-0.05616230491317211, 0.8913773521975613, -0.34841648539340453, 0.23084749717756536, -0.1661553407178541, -51.845242597825596], [-0.03564291794350529, 0.11259904237442209, -0.057686265415379294, -0.9709946119348536, -0.1997318112688744, 19.821005779926985], [-0.029359497954621484, 0.4820858325821419, 0.40782928185771955, -0.6830176125379809, -0.3659145907527726, -20.740496648837798], [-0.014103146856024745, 0.4613254899505958, 0.2778842551099849, -0.7662371051636062, -0.35020127498777853, -9.702046785118444], [0.0030733521158350743, 0.10708166829990817, -0.946926064026663, -0.24145716381902438, 0.18317624881060698, 5.514503146018971], [0.007843042115670619, 0.08850098269461763, -0.9213406239235599, -0.3150418567769046, 0.2097287437123593, 6.6560771546434765], [0.043536962204550916, -0.5954294308458177, -0.25520699797806756, -0.7474786256833258, -0.14040448046346085, 38.56343844394705], [0.06110339550584314, -0.46856249223655033, -0.23481756165958623, -0.4631738474673068, 0.7120718121687641, -19.869772889208146], 