{"omega": {"vertices": [[29.494442340469853, 86.65504552979871, 55.970271349005884, 56.869492093781105, 20.573614241368798, 74.75993255953772, 3.6119341023007623], [12.11017274938162, 5.583437056929775, 33.35683753285551, 45.140119950607605, 49.91975055590211, 18.78832905659373, 48.566405996633414], [6.511138477461664, 9.779441090603946, 13.637982933010795, 1.351688192621947, 88.99429669557016, 21.84438804109715, 77.44039465891517], [79.44630476773428, 9.618291692962588, 55.1977500465346, 75.15617746254438, 81.30225919868104, 65.24655392741727, 63.94528265496015], [64.41502197605402, 68.59720905115807, 96.32849293138844, 65.83923756774722, 98.06160249663985, 0.7102465754430853, 86.50840970955241], [25.628666263255294, 64.00771218511686, 54.56722624142414, 23.9345231805152, 78.3421689187795, 81.8744881413651, 75.76189200619895], [86.76273949362029, 92.36947070670436, 47.48475725868462, 67.90090158154828, 4.767874136549577, 39.225197641198776, 60.30122287933979], [71.22606075783887, 11.358381715361531, 81.20312544585092, 38.39122190415266, 59.04733653260919, 76.7613374029317, 89.76012398514398], [48.237326807148015, 40.50169251720151, 25.169172414009232, 83.83950863543757, 81.89184249434182, 92.89080544926956, 62.0805678757042], [37.28009268236775, 81.59379897625746, 41.03219096382635, 18.53473038720609, 45.05966765846458, 90.19932724775283, 64.78803348728857], [90.60420403895442, 82.04874717298468, 67.85595295469197, 56.17873239752473, 68.01776473205474, 47.63785928543521, 82.22377367483045]], "constraints": [[-0.6901848469104005, 0.44873106715899386, -0.12382149205481743, 0.26679083935671477, -0.18213188619214693, -0.22288748309131273, 0.391056694758684, -7.772437544066122], [-0.6454469765851595, 0.42634525716104826, -0.2822259643830217, 0.3898451750144452, -0.10735432490045017, -0.14247443191267525, 0.3717166284089469, -12.764472903660948], [-0.6393933863207744, 0.4449036718325812, -0.2609161502667097, 0.40501931763820254, -0.06612534293128575, -0.1745461778124954, 0.3553589819074411, -14.998327172276383], [-0.5835458186409652, -0.37238437551250636, 0.47351339749327975, 0.25114542311411364, 0.4460105043507702, 0.18466770666034482, 0.02208305661793738, -44.79244405636838], [-0.5653163627841477, 0.5547404470764339, -0.3589317642024117, 0.3526729678094099, 0.04215588271896182, -0.19364170176873027, 0.2831889575129702, -18.77771030586528], [-0.5633295394990591, 0.03699728242802191, 0.2862040560057572, 0.479333986809645, -0.3566922313336128, 0.10466443568637993, 0.4810750528186262, -32.09317879280735], [-0.5589511592670418, -0.001679778986115429, 0.17699071674235556, 0.4046525256069342, -0.45345145970860423, 0.1855386201027605, 0.5024525786002537, -22.643632905671275], [-0.5544962152581872, 0.08057069208147669, 0.47976755671146526, 0.0321453832601967, -0.5112610830106376, -0.0635649594285842, 0.4352053281333496, -5.609444882175843], [-0.548671990180973, -0.26723153976483704, 0.6070345870558719, 0.2937833798874894, 0.2772385449842009, 0.22604327068406876, -0.21163628261488338, -33.181828774761804], [-0.4765732893151093, 0.07426958128486723, 0.2671101667184032, -0.054946086943674276, -0.4819779277905008, -0.14374533474355783, 0.6633472480041128, -6.5284113351999835], [-0.4189330021357936, -0.5128334718284636, -0.015145662948987773, -0.22031990912451527, -0.12968469871750457, 0.6600161568978992, -0.24553465739755417, 24.38516591046981], [-0.41805441818030564, -0.012606497188904326, -0.12143618804832179, 0.27599616310668307, -0.3808620446723849, 0.07726239124133476, 0.7636265944025754, -22.800366084504816], [-0.4169384718050278, 0.023882147187693548, -0.049894366402957656, 0.3418637057824972, -0.28700937360962364, -0.012227663276903777, 0.7897517434963325, -32.64982807021183], [-0.3732036373610567, -0.18503600628336578, 0.36244012465040537, 0.0648046168582318, 0.617042487999212, 0.10872924833377073, -0.5462185988017534, -15.780020864963113], [-0.3724479482157738, 0.025180352102566524, 0.6357037295624899, -0.5283955000116675, -0.363234162144073, -0.20129038875623104, 0.0697894144657361, 25.541634098137123], [-0.35794324434631725, 0.6311294567422301, 0.14718299957322653, 0.4959361866905715, 0.004516969030364969, 0.24784186170690176, 0.3801193425793643, -100.56926416117118], [-0.34324770941977123, -0.18244546475110401, 0.39270243988203807, 0.7213378850494229, -0.3607821052947891, 0.03794839268853353, 0.20675421075366374, -33.22927144491446], [-0.31603161462304047, -0.4839680010490218, 0.2504552560951553, -0.16985694105515994, 0.29066780274960047, 0.4680010661534751, -0.5203912060296486, 7.812878077126971], [-0.2892919863949189, 0.27570267049706976, 0.47897718555191904, 0.49080627521166437, -0.19974511607782436, 0.3851141644191574, 0.42635338510309917, -96.30049861157929], [-0.2684558712203115, 0.5052362511794545, -0.45893700776291957, 0.23194114209322508, 0.08860806747840222, -0.11212137684275006, 0.6227562223247649, -50.91038924306072], [-0.2622433828857009, 0.33288907288446723, 0.6067401754899596, 0.30097113840257184, -0.2592473833963537, 0.35269895586931505, 0.4124199889829485, -94.71101178604833], [-0.23442603103837087, 0.2989904573911382, 0.46241069780905575, 0.455681399447201, -0.20849585960176603, 0.46335399904321967, 0.41953843591474904, -102.65653413404002], [-0.22593855267676463, 0.08960521084498252, -0.1760862038428079, 0.24908348916472403, -0.1829016128005245, 0.010139859752550393, 0.9023956583033168, -51.166568798477385], [-0.21806497391896631, -0.2874083027902024, 0.5537595638616574, -0.20666828777483418, 0.45065056804216835, 0.09369694830868172, -0.5555336590143322, -2.173605643316769], [-0.1801783682571004, 0.16483141468960105, -0.029455536328151136, -0.06495467191919865, -0.27575351233410245, -0.07008865305577422, 0.9242982221487591, -45.455765718256686], [-0.13471020570459388, 0.03464358076794915, 0.529840127282431, -0.6320064587583053, -0.4483674137977694, -0.31512619256844604, 0.012345177250206998, 39.996513087377075], [-0.1243209982875212, 0.09608180064703555, -0.279206381987986, 0.15268944299373416, -0.18540884016297782, 0.07834971918508138, 0.9129771030632137, -52.44121123180597], [-0.09479917588704587, 0.6699331335506535, -0.5675865131169028, 0.08822827154632372, 0.3833721204495652, -0.23005053436023162, -0.1112052334760353, -18.793684908412555], [-0.04059898894889983, -0.2034596380789302, -0.27206898197810936, 0.4271462129369124, -0.20961845323499786, -0.19064828226554542, 0.7875238511440343, -32.779545134394894], [0.025375145964138403, 0.5899053653423815, -0.43732169176713526, -0.07711187248692318, 0.5845945398315234, -0.1188252666856498, -0.3135299649719539, -25.015779347532924], [0.043387529481116495, 0.10898747812804875, 0.596790010748722, 0.6823654592222402, -0.13342680472359233, 0.37052436234638353, 0.09678481139534807, -108.23716688593416], [0.07346163577578524, -0.37153357668070053, -0.0501287148391186, -0.43922790913643395, 0.24031679790302557, 0.5386365818120111, -0.5596879618427716, 14.62187131029782], [0.09806753322052521, -0.13852586486589588, -0.34969881588505003, 0.3339236276197037, -0.12203619689403784, -0.16036936128794319, 0.8347382388418689, -45.244762476855925], [0.12601320353414647, 0.18516049225722436, 0.6214938500829505, 0.14718735127929833, 0.43290234624743246, 0.5378041181135672, -0.25549918146275113, -111.10714866306412], [0.21135429953016324, -0.5026955372487921, -0.4034908459014695, -0.34515737041855443, -0.2475269693571951, 0.44879820520661984, -0.3974904455001236, 52.51585407033353], [0.2835939013096929, -0.009667747496747698, -0.16059601896828452, -0.14526182142547672, 0.7129110947189856, 0.22472884226442996, 0.5602175240092416, -111.10297121056101], [0.2904472911872115, 0.18179782710187953, -0.11812566468409588, -0.27599674633552224, 0.665059152693695, 0.029129154527262422, -0.5910244159364854, -15.738582418283677], [0.3144397728190491, -0.4393091818991141, -0.507767804075536, -0.2033734567583336, -0.4839920241491432, 0.35335302940857294, -0.22324767270211243, 53.12695081250657], [0.3274629835585762, 