{"omega": {"vertices": [[18.433218026078702, 20.90050287422369, 78.36451419744506, 85.30181377202572, 92.62958979564479], [62.144756705011595, 0.8754564540654486, 73.07600490739775, 36.62917406783125, 90.60044642600232], [60.0437749277572, 95.1142515070255, 99.75109964027031, 62.581595727679264, 88.60343973681421], [63.740755343696044, 65.1111369077368, 55.89827407648189, 43.6796278540967, 8.045819858501845], [17.900200862263915, 47.770254015643346, 57.242264997547665, 89.20254678278351, 92.22963389706368], [30.80907494924392, 38.3818940622082, 16.57825892151005, 55.33938105640884, 75.34127603010207], [55.02892026694499, 39.4131559197423, 15.932906378281364, 74.04486292490529, 23.438949001647615], [91.24092551254067, 11.415653669478642, 29.022385566860066, 36.4505073148098, 60.03153283636221], [96.47311178449276, 21.788953466548456, 6.127845858969461, 94.61246443042359, 30.85907075865052], [18.63912452587654, 15.341690087033843, 37.27420789648441, 99.81095924723587, 25.731085838933687], [34.56809788666098, 64.08864219824616, 5.104420129807652, 89.91284420650027, 87.03105407469651], [95.6767952166024, 88.81851795632662, 62.738769293476636, 76.42123507909734, 20.386679776432516], [79.42881824576737, 30.442788479041017, 89.84704744929174, 40.94685945082334, 58.425809556004225], [7.771896268614265, 62.761121449138216, 60.123550146524096, 79.1850480190348, 55.28265791547161], [50.73537002109097, 95.62978928658087, 61.785284170314846, 91.40137698214481, 58.20672975260782], [9.228201206672292, 2.820952513707209, 65.82226001403068, 3.3917064401590924, 17.093152040666293]], "constraints": [[-0.9443905126261501, -0.19135149289888626, -0.2151981007087677, 0.0395347488775422, 0.15374637202097935, 20.657544107425842], [-0.9189204099160763, -0.15670802756575003, -0.3231044448466832, -0.000245249372506728, 0.1631910901648265, 27.400894818297168], [-0.9131615798719366, -0.1312705494137444, -0.3488899735386668, 0.02606188765524184, 0.1627898531187875, 25.249020201848406], [-0.894789697531871, -0.009761672689855479, -0.4443086189289821, -0.04296428231429976, 0.0001689016174891673, 37.673069195206885], [-0.8855281820593095, -0.2639408862811906, -0.3160328495861488, 0.00787048789209996, 0.21502637217474732, 26.016220486474932], [-0.8030725815363251, -0.3323536960723604, -0.387887390680877, 0.10867905979647195, 0.28696286101891155, 16.294405277821788], [-0.7338421422950172, 0.24144502733307804, 0.2433468986396521, -0.40194179296372795, 0.42708909019027336, -15.863735035378653], [-0.6426925694049868, 0.3234127042299678, -0.5572310037045419, -0.10840918971789908, -0.4001144087250706, 48.90367704619723], [-0.6372622949382932, 0.34653201912017134, -0.0394839584769513, -0.5172396132648788, 0.45245610468537845, 1.5225816282533984], [-0.619421335742337, 0.43571076259210956, -0.11361092182492644, -0.44974552970271836, 0.45966820331962593, -5.4994844371326295], [-0.6005883017138761, 0.09836314833048661, -0.7136297086695818, -0.1368890342385581, -0.31876702166999565, 58.15061274380607], [-0.5968001338448475, 0.677843414592251, -0.014759723231104329, 0.18436567748380073, 0.3874911006368665, -73.03708015996554], [-0.5791599348112062, 0.3979351891872422, -0.40148640512901446, -0.06168754071689404, -0.5841443904831026, 40.84288559690824], [-0.5408008560158577, 0.07662926169016154, -0.0013335963077787398, -0.5436283464330887, 0.6372823807862963, -4.18710493737688], [-0.537518374477251, 0.48211222776305795, -0.5210391306322489, -0.23410403379788824, -0.3903271994752895, 45.36221947046082], [-0.5225910866082746, 0.13552992458854093, 0.07055077924653377, -0.5588275966852118, 0.6255113911587418, -9.000141674802954], [-0.5049939249286669, 0.1536881654167159, 0.023021189772729805, -0.5745173559505203, 0.6251087234466137, -6.025152443882632], [-0.45399297206517986, 0.28148350265711136, -0.04615543735722726, 0.8440904048880993, 0.00620346882934586, -78.54508874679199], [-0.447263837702956, 0.30648710563174625, 0.5193249137121523, 0.6511692937047922, 0.11090941573449178, -104.67728287992074], [-0.4423431703796447, 0.5393095777190372, -0.43350788921458683, 0.28228435878275937, -0.4958469015475624, 0.7132387769848183], [-0.43347282173788015, 0.6193012280670698, -0.4587589897901905, 0.032136476106441346, -0.4659128007678727, 15.295254924950232], [-0.42228851257158084, 0.5387740694166578, -0.31939680891188416, 0.22619193670920365, -0.6149941467192522, 4.7586794313429035], [-0.4188193991487182, 0.6609780093060045, -0.3107557206238669, -0.5386924809245546, -0.030654122161095695, 24.8060682790865], [-0.412516193461172, 0.483805596820601, -0.003623420162920559, 0.3179113668279497, -0.703336170181283, -13.231829823617801], [-0.3967979395054246, 0.6709858976362163, -0.2709362166477944, -0.5646081628181967, 0.011853664632105016, 21.314914619160163], [-0.39303523106703314, 0.6773048960150203, -0.2771573084689942, -0.5566327676297145, 0.011188089080521246, 20.668380675441316], [-0.39109465612935884, -0.781737557497369, -0.38291291490477464, -0.0004598251358758492, 0.29884586211804826, 25.911879987056956], [-0.387340289778018, 0.45184263342450354, -0.626857386436568, -0.3979480330214278, -0.3073969983896763, 50.165103935473454], [-0.3869206202528928, 0.7122944619462633, -0.2779740013950414, -0.5153081893621644, -0.01081469502653655, 16.418060308197152], [-0.36573952661599624, 0.5284005651720385, -0.2966458302510406, 0.28048871678246184, -0.6483477250279946, -1.5454116975608176], [-0.36300292822067964, 0.14492737066969494, 0.3512702048658037, 0.8496119954766155, -0.04465010246081008, -92.20238530493164], [-0.36253355642287566, 0.4532844527711222, 0.6029955499948702, 0.10207540101241845, -0.5376612358520036, -40.244803939926186], [-0.31977728848856657, -0.30259851887270417, -0.8868571806973888, 0.012658180164085124, -0.1396450273491982, 45.989433407031335], [-0.31393903064623335, -0.14523713876207694, -0.23649440751975057, -0.23307449330081084, 0.8775506448892627, -34.05027404780444], [-0.2848040376331836, -0.4544961755699057, -0.8127056143697173, -0.13755882379649084, -0.18140297932457436, 60.971769211398076], [-0.2745770688153289, 0.15866658257479516, 0.7610095670192801, 0.1942927458122082, -0.5315516124373045, -39.578199479092795], [-0.2707706807313887, 0.08487056753763379, 0.7052151178005158, 0.2768675542424752, -0.5877892651754496, -35.05142455714883], [-0.25268404747155293, 0.16198244419095328, -0.12036379438299623, -0.4196720669232578, 0.8481157781655798, -37.11054162584951], [-0.2474642975517042, 0.6790648050437079, -0.5319511996442966, 0.02680865284036256, -0.4403880440226225, 3.666324599853824], [-0.2247439904863778, -0.8194694222021397, -0.4853430834027004, -0.03355265327753726, 0.20316573448085873, 32.973103683680876], [-0.22073981416669547, -0.04104101140621223, 0.817248576423799, 0.3075964051869496, -0.43252605201738764, -45.29038526947858], [-0.21049347218787726, -0.20370354693509882, 0.9201475419333295, -0.21150227337722213, 0.15097235694877997, -59.91231643812977], [-0.2059191838463144, -0.7304767940567624, -0.6443285623691757, -0.08021375213132118, 0.04906527033358902, 45.8054475499419], [-0.20364892358515127, -0.002928678551876635, 0.7994536703079796, 0.29987620911195306, -0.47902674977948095, -43.56328745486285], [-0.19886825054901866, 0.04885131495623335, 0.7366576124024634, 0.5486921993117096, -0.33813813812493954, -70.56589392866074], [-0.18897476437930966, 0.06499444256856124, 0.7450048458071468, 0.48657953952658256, -0.4102101806403089, -63.2550831564224], [-0.1625217449256432, -0.075922939437683, 0.8265004892399062, 0.309381767873329, -0.43474389321442486, -46.30636040408301], [-0.15180345557742977, -0.06054369168768463, 0.8194199574723658, 0.30616299535244945, -0.45618562652102473, -45.6051745204247], [-0.1450919384280954, 0.44102966447022895, -0.4483253329282442, 0.6183363884498986, -0.4484480694951983, -37.528474356771525], [-0.14365833841732983, -0.7966475293913485, -0.4932000438937956, 0.11068323915627391, 0.29869371099985614, 14.550112344051083], [-0.1384282349914665, 