{"omega": {"vertices": [[28.65819752411083, 46.85770107906784, 27.500202593592647, 73.03264920780131, 59.60490783104069, 53.50745946792528, 47.33386638834853], [91.25093085268284, 89.29538665716758, 47.332852770054046, 20.023118028006415, 17.20570359335697, 93.09761811770764, 58.917233499687406], [27.61566418042859, 7.731200247533199, 49.33755232480469, 15.417888918779287, 83.69748181006015, 6.978550481958212, 25.511311527431445], [43.653376805489195, 12.646486184761018, 49.32985986383313, 71.44546966121284, 82.02851861992183, 91.60585777509426, 32.90824983689507], [64.3339277613798, 52.06194165671712, 15.441447442116473, 34.96363165024652, 10.623413718731767, 72.91544099838369, 69.4500839870556], [2.7070268505741124, 32.399922865911975, 11.27366307111859, 29.008680518798347, 57.174808970998356, 48.3347094570826, 69.50657443993641], [67.54774776271222, 70.71707592958451, 62.95425124270203, 28.89218876226709, 5.795529896000662, 97.75124641276973, 11.145516554909063], [67.99023410677746, 75.80926612468171, 75.08659847289377, 20.833862198797558, 46.9136138750273, 28.39309682964609, 85.05725675838747], [65.18697855608258, 76.60954235317955, 61.06534042108965, 68.3327115817676, 11.678661217727115, 46.30286894007667, 64.919311686252], [75.63616132237487, 14.919881995707707, 24.214408456664682, 80.54160374509154, 24.29717834436511, 48.658525507690186, 98.79713569871753], [45.239325132679696, 61.42304726958196, 37.73323743537195, 15.176046592437464, 14.422935338365562, 36.946409405983815, 1.4422603701334635]], "constraints": [[-0.7430136823354992, 0.3098963613753011, 0.578280910050848, 0.0700449248757692, -0.014045310893150696, -0.014823649167765768, -0.11028508197289022, -7.395442201982891], [-0.7216839832684593, 0.17763313312426363, 0.6573729168508439, 0.0988781405472819, -0.012622304610142668, 0.0641070007759392, -0.03786330282735264, -13.826173982703313], [-0.7031406801550102, -0.18573830551547132, 0.5110100817374355, 0.23932307990908477, -0.3657317337872586, -0.009574159435289192, -0.13724525468297188, 26.130778959215956], [-0.5764726205104321, 0.4651609544565366, 0.38597483953436335, 0.1175209689948525, 0.13776129749234303, 0.4471447716773679, 0.26381855017923467, -69.09734290962376], [-0.5753346088863955, -0.3838438519405773, 0.275366085412938, 0.32688887947103734, -0.567059968806634, 0.022099004431032555, -0.13009915606051828, 41.803101000315806], [-0.5665873728228932, -0.415578136609042, 0.34337199681896613, 0.31812842986774265, -0.514974750798011, -0.07822826816156687, -0.12587644474490514, 43.872884707725824], [-0.5659387363479739, 0.021379872569491077, 0.06974073352039002, 0.38836740571676004, -0.3949682231530509, 0.5484612650796634, 0.2583671407535782, -33.09865248477543], [-0.5533546950994985, -0.193579504266919, 0.6088453020700199, 0.3641296900201277, 0.0038443161535674187, -0.15618047849799213, 0.3586577802051372, -27.256865307905013], [-0.5525804981127778, 0.3055513454266618, 0.15465524269002917, -0.3359628374533343, -0.6141766765718037, 0.03368247868568214, 0.29352409910769883, 12.683864433522885], [-0.552382084385689, -0.14267278472336428, -0.12703890641504015, 0.3865867699720005, -0.6953670712579478, 0.10973478145943844, -0.11555608524297545, 38.82111040489046], [-0.5495976191587373, 0.8226548525353488, 0.05371910660851616, -0.004297085049483971, 0.1010454502646348, 0.0764452662775512, -0.04715062571083622, -31.842072171666455], [-0.5420353332017221, -0.4462503229488862, 0.4122638393377575, 0.21240106357909747, -0.53514892109783, -0.016110224753124847, -0.073066782467171, 41.570924149226464], [-0.5149941687312937, 0.23307671294342774, 0.06491777139893462, 0.3177646998726263, -0.19943060576022315, 0.6398582800278599, 0.3550723102321629, -60.312177453655], [-0.4802247367862896, 0.6962881336038343, -0.39282830677725283, 0.1698775606783149, -0.26833799250488544, 0.16417932093834703, -0.04934009838053771, -10.922935568376406], [-0.47406645352649485, 0.0018009855361096497, 0.30279292798184737, 0.1480820957870081, -0.265312563110179, 0.5985434602069352, 0.482701626124083, -53.79645847300473], [-0.44320599864234983, -0.417595207467047, 0.6503276556348926, -0.0469348489006324, -0.3715901667061125, 0.11183990888249022, 0.2312278714419399, 8.527756247679898], [-0.43825087947030367, 0.23688066885696415, 0.043154543278883274, 0.342351756266363, -0.10527066845074144, 0.6207671145867724, 0.48613059104797907, -74.68128088422137], [-0.4233766362031921, -0.13630248627064703, 0.45632970372326065, -0.09803327503651796, -0.37053388826035644, 0.4163405551052198, 0.5231555356340071, -32.03965407851887], [-0.42051728982316844, -0.11583067689978765, 0.4975208793940321, -0.013707080014011237, -0.2314636167009499, 0.49112271187341006, 0.5169686932484558, -46.757110346374446], [-0.4081942058732358, -0.38386643210143384, -0.3275349622366384, 0.3394720298707087, -0.5635950738278045, 0.23570394862946353, -0.30051270090105847, 49.10548583866094], [-0.38809194321341556, -0.4126906472147499, 0.48635473570185184, -0.20609517746814898, -0.5969057255005572, -0.0661402566728503, 0.19845388257971336, 38.44826154077174], [-0.37029179882552216, -0.3527504120192557, 0.4002533889487786, -0.26389605879757516, -0.6646091515644665, -0.0514681375608286, 0.25348162024436466, 38.44239024176245], [-0.3192406862773136, 0.6306075970194382, 0.08248514842911586, -0.2182753842066746, 0.59678353197107, 0.19969247116880684, -0.22348116849355534, -42.40512481710465], [-0.31869525036352797, 0.6566804617078755, 0.05373432687651837, -0.22043296566218668, 0.5746999546986056, 0.16412941368587017, -0.24188331071802696, -38.60402023405694], [-0.3089184396900209, 0.33563170160930017, 0.14635250395038898, 0.27900773361863446, 0.21652033957425362, 0.47008706878635254, 0.6517618261092607, -100.18452858497179], [-0.27651582342484876, -0.4701577066266605, 0.3943511079495471, -0.376803162154246, -0.5917390856362937, -0.02635389380228896, 0.23269644981508295, 41.39883408574132], [-0.2667948233974581, 0.6156670845461718, -0.042293588120925395, -0.23251810293213546, 0.6066686124592001, 0.20595149990589767, -0.28889153980477555, -36.56440489425527], [-0.17961402825452397, -0.7802360202818079, -0.07626682846273349, -0.20696665908389597, -0.4835648413903684, 0.2213288793908343, -0.1658230916717593, 61.10509850747224], [-0.15059582863692686, 0.27908552483480475, -0.2211468303678769, 0.6275165563902874, -0.2082344105720849, 0.631346485886673, 0.12161111014788657, -75.6353926851885], [-0.13790063257144816, -0.3369966361377127, 0.19751628558038253, -0.8060103826862811, -0.34757144276254914, 0.11931478449858313, 0.20906778105849042, 32.020231477419706], [-0.09974846741799878, -0.5310293109893764, 0.4018819618004396, -0.47177378750537696, -0.17802953356386286, 0.3847185599000729, 0.37983629522153006, -8.187391229225444], [-0.06340996835999653, -0.5692902978446585, 0.3845952767426348, -0.5065170109257738, -0.17188272240050603, 0.3471216280960859, 0.3426041863298128, -1.7896977982307547], [-0.053618128132130224, -0.5614061845444499, 0.3733561756554405, -0.524433526156889, -0.15358660720475772, 0.357158041612286, 0.3411335844393703, -2.854176452963525], [-0.035602624130955496, 0.6604540310488226, 0.06692378802890475, -0.0493026173477403, 0.6423239818066238, 0.04650826036340557, -0.37534020389365286, -51.17466502826292], [-0.0295742710306588, -0.5741625126519312, 0.37666252105989323, -0.5168984053350972, -0.15891633833111032, 0.3486028967626252, 0.3370842226049801, -3.089752339015174], [-0.02209369095285891, 0.6468403499354413, -0.48766702563590153, 0.22385077584519736, 0.2093665509499086, -0.03591066868198448, 0.4980534148006249, -66.74633870152361], [-0.004981707105955892, -0.5675617895510285, 0.3278624299632663, -0.542801985304536, -0.09729331943900073, 0.35898507671299357, 0.37065449423133606, -7.099433998484713], [0.0018328281625527463, 0.26540845989896816, -0.7579833981766461, -0.06026637429745885, 0.241231381101667, 0.38219231735931586, -0.38356300094756973, -3.9160401719911384], [0.0034802060160574267, 