{"omega": {"vertices": [[61.74453037115784, 0.2288551158941443, 71.91649135728294, 33.56278274553341, 8.2141386025815, 91.27091821026045, 81.61360387052169], [53.37651125017766, 84.12823157599752, 38.80881049287862, 12.045969271341717, 76.10679224966108, 80.99471984824015, 10.901531524995455], [11.227428784925076, 23.038501127801204, 24.720133740053818, 27.88222108677609, 52.40544734154467, 95.69752710910744, 76.31353981920628], [6.109478089334564, 34.06124237444802, 75.8562381705599, 85.81448448006071, 5.757991970159814, 40.491480774081325, 97.65657706358039], [86.2933371791398, 6.337290149281527, 63.26594266862926, 50.68390677892993, 1.5434872978205672, 88.1562990439076, 36.86059227930626], [61.36080947252093, 4.022944537707518, 62.56696459099338, 94.31437549307216, 40.36133143873356, 28.45353288940625, 60.746765498613364], [95.26801249515131, 61.26215713853564, 6.054869053451506, 29.227472819408884, 10.595329485864625, 26.74808739562151, 48.72177899930147], [31.567322759115534, 83.87422285432773, 2.50267109054918, 66.46320548027546, 91.1117924097089, 81.00734767432333, 50.492980389697486], [14.104949224170028, 41.31773253985598, 54.073372847704924, 34.183180435128826, 4.908870463395532, 81.26415161308012, 71.1720690209384], [22.769115004537, 63.007017665307764, 53.641878951351885, 66.87390138296911, 20.142768678407908, 93.45070747091509, 13.394125371815724]], "constraints": [[-0.6589823702482549, 0.0007612170094622195, -0.32626040184030336, -0.2106008999860314, -0.06799842610648126, -0.5385753134558826, -0.3467793436029214, 102.88613480050421], [-0.5839181127761404, -0.17718915526483517, -0.2931543832994945, -0.12690396854640493, 0.035422796525128586, -0.5822985274067548, -0.43043371338013814, 108.13935358994902], [-0.5461871007247232, -0.26911877621372504, -0.15580803720641373, -0.2644423579742681, -0.04636534488844657, -0.5646282018156451, -0.4627030134436649, 115.33102994395188], [-0.538126437260931, -0.679559171096889, 0.18347145498289594, -0.08584603466016993, -0.12459437552802095, -0.06803501511444775, -0.4329381391650655, 65.63518880601038], [-0.46429735321594934, -0.41321260846806906, 0.554475427136164, -0.3025651433382903, 0.206726964818746, -0.1651095377782412, -0.38039117404326156, 43.45809852564979], [-0.41589258270074464, -0.5082202450091088, 0.3416587550433969, -0.3739691746534518, 0.06777627414816614, -0.23989528229519003, -0.5000185235805786, 75.92300095597892], [-0.3691650897916782, -0.4756971881116097, -0.07782857491609027, -0.37389773175185403, -0.12007630092881381, -0.40241871916196986, -0.5614386673915963, 115.1016576131286], [-0.3343220673650003, -0.47038982572946975, -0.5743683155902316, 0.1777136151664791, -0.4676906742309839, -0.11766230316517239, -0.27000387368466866, 80.20854681556936], [-0.3149081322457138, -0.29185018012157504, 0.6052488688134654, -0.3749880532591719, -0.017707957574043833, -0.3288539776236671, -0.4474992703469868, 55.251201958181596], [-0.28269256877829685, -0.6475830848993344, -0.44533295580144505, -0.09213490458120036, -0.4627608163103879, -0.26201371370297294, -0.10541355825542884, 89.04060415773372], [-0.27750747025655265, -0.4951703026702521, 0.0832119224549917, -0.544470005164688, -0.04575560755817704, -0.45582846168416186, -0.40564886618626367, 104.62370069729256], [-0.23540292847544755, -0.2955798133259424, 0.2570805937798691, -0.6436999685775573, 0.1311197538989432, -0.5986641595235145, -0.034449792654100114, 74.0936795554426], [-0.23529498470497978, -0.1613987858298279, 0.399423841406301, -0.39655929825515657, -0.23635264202414502, -0.5437718834956129, -0.5002375308958661, 82.89724478447837], [-0.16267892828066402, -0.08158617766398414, 0.6793553386473311, 0.196657420460543, 0.5757133772965859, 0.3650734687119526, 0.04423702500386354, -87.05394039154635], [-0.1516111829646821, 0.3276770510951535, 0.6107313703807535, 0.03857431635307048, 0.2966170511031165, 0.5560523114237526, 0.31302582432056175, -114.66517223083429], [-0.14540624170681565, -0.17691046655732037, 0.4953720433253062, -0.5148819561713597, -0.15346460414473223, -0.5485359353586173, -0.3355886834966024, 69.38853883354167], [-0.12467545856006448, -0.5217914332137514, -0.5404050877086166, 0.022169389934942205, 0.09362562832028011, -0.09776354097589779, -0.6335117373526856, 78.9565909376851], [-0.09165952655104695, -0.25066948870784733, -0.6974385379029671, 0.5084937819782938, -0.3891846707374744, 0.17937883685287515, 0.011637143671902137, 12.208202026125562], [-0.040196912698009866, -0.25971507198790844, -0.08681367851477634, 0.6976774475889329, 0.042464165742200286, 0.6356050663332764, 0.1756270144928707, -87.32590297564006], [-0.008102552854011392, -0.313569599956444, 0.44778528636624715, 0.24888262314820409, 0.5920331062457128, 0.5121078503794618, -0.162470251178331, -78.32810275724381], [-0.008003987049032012, -0.04226910032726307, -0.6322141503634253, 0.45186869373285576, -0.4775385439288561, 0.35905646183997353, 0.19314400670620174, -19.981700881188818], [0.041159306309999984, 0.04015836685604935, -0.4312734281711049, 0.4861541352752366, -0.39068499269337287, 0.567234469226212, 0.3161659333161959, -62.217877745482895], [0.10541570856423572, 0.03554820535518569, -0.5565290958392789, 0.41366971692269466, -0.4381348652657135, 0.4268986700588673, 0.36410431144097094, -45.45766386476704], [0.15088089117124875, 0.45995386336178173, 0.19307773871796957, -0.3933034276543377, 0.1813885153660347, -0.025157628020286545, 0.7349667346965743, -69.28352313468096], [0.17531876956026135, -0.18551666256277163, -0.6082179488452342, 0.4985819142890244, -0.2704134286590244, 0.2894017206516164, 0.3993208235023428, -40.55817316216705], [0.2078974844654842, 0.11084222638940011, 0.24811182390847536, -0.3504287139664011, 0.5082439121518378, -0.32021357836088593, 0.6318894413269939, -45.463241571704046], [0.22860284243113563, 0.339641863183487, -0.3805245509697425, -0.1626546274822969, -0.3464696175156438, 0.7233150399016267, 0.13380149724198695, -57.723102736729366], [0.2364897713596531, 0.35460419076179217, -0.2951991909293805, -0.14261360574683124, -0.30254919778565764, 0.7678739086467764, 0.17228144533215725, -70.32678862473117], [0.2608763654318091, 0.3555164522012434, -0.34048910695199963, -0.17071598910384803, -0.3204853819632346, 0.7223610219091162, 0.18962717964192766, -64.74676478032899], [0.289209026130759, 0.4558084932761734, -0.1469737692766977, 0.3499047167549461, -0.40289137108177686, 0.48432525246853037, 0.40947496862223925, -93.44946061064553], [0.3002198986631837, 0.6333064971005686, 0.5948070469701848, -0.12077557540010271, -0.34131106356414076, 0.07425731567932797, 0.13565153664840415, -72.44971131700868], [0.31348905670271776, 0.486660923693012, -0.1828647049845672, -0.08222758019795179, -0.32205276125853033, 0.6796531763879748, 0.24297831219080748, -82.77435421464742], [0.3512895315663651, 0.6956084399165656, 0.28442825037955655, 0.10124027845287241, -0.1876054975176479, 0.33731122139906666, 0.39064159654721914, -106.82974383845678], [0.3620747586215345, 0.3875341455784255, 0.6264400737341405, 0.3484227070461846, 0.24381344609526168, 0.3216004901722139, 0.20499203554937248, -127.2758611311207], [0.4438924411282684, 0.6501206480507192, 0.35317834294887845, 0.20238641063591098, -0.11555534946697862, 0.29487167261485153, 0.33809037319625185, -113.30550657554754], [0.5112844411171616, 0.6017203785491665, 0.44202089919386267, 0.37325657308726096, 0.007405860211056503, 0.10557612952697235, 0.1749762719393718, -110.58504823723881], [0.5555436885852257, 0.524151297711334, 0.452878334775074, 0.23919382979002055, 0.10699347998643248, 0.12890760094910927, 0.3553299572514584, -116.66330300194423], [0.5595818679110118, -0.46033485255282747, -0.24685451346142143, -0.19591465076627126, 0.5951661481341975, 0.07989746273213467, 0.12261283372189762, -32.30538556755154]]}, "solution": {"min": {"arg": [77.35834042479075, 37.7981731843982, 36.26638704378351, 43.795998445087136, 20.99351477790733, 52.055291517480576, 47.08580192177619],