{"omega": {"vertices": [[74.71995130623547, 44.41679372600611, 80.42966899289445, 97.7015853633673, 29.94720772603675], [96.03108315916118, 98.7307017915881, 61.142873644365025, 50.232909943164415, 48.87013614021672], [98.09508488498312, 77.05665328682142, 51.24877751814625, 55.42807158610593, 76.26077838749966], [94.19497935213454, 57.008815719753905, 94.29140942158425, 86.32418860021085, 31.15717353238732], [43.499984790508385, 98.58945134762197, 62.94974469776569, 40.436036254770094, 58.678421076958784], [41.758787835211756, 18.491813120548674, 8.071278603199893, 10.87380916192724, 71.55646806360313], [71.72421001695793, 11.753079493474349, 68.58831647197853, 78.06693381065159, 94.03094071059057], [61.16193054528532, 67.66249840788724, 92.7346580388869, 88.97262634120125, 79.15274192705724], [57.688196925045, 6.425156975427038, 93.32901563803917, 0.8922816364727026, 15.21469398758165], [59.59807424667076, 56.344222866004124, 20.170413340449535, 22.875002081326013, 5.8968882246978165], [84.70407223458949, 49.97612574201332, 78.75127038697637, 38.088426335188075, 73.88511207226279], [46.313581316473865, 60.47212526475665, 59.5343668671599, 20.49733569452493, 80.83501944592106], [27.669802057076677, 67.33776831726796, 61.214084035754404, 25.642898493902898, 43.93261658777252]], "constraints": [[-0.8671535547554158, -0.09964398002453696, 0.0419095675971581, 0.1891817366504605, 0.44785002889544495, 3.611922983366476], [-0.8337887288111074, 0.09267867071173834, -0.13208889794828835, 0.24658190367656038, 0.46685855194128456, -1.9176973630882799], [-0.8216125879505727, -0.3600149981780575, 0.281843701928251, 0.3336717188197236, -0.06759636196783289, 24.13703519654727], [-0.8066608015392529, -0.4517078665346722, 0.023191641358788984, 0.34625351573901947, -0.15757222210846225, 49.36110554805084], [-0.8057488611603719, -0.16517202751369445, -0.20792317694801896, 0.5293875937982429, 0.0019240805930714395, 32.48549181723085], [-0.80416934805473, -0.35935619594329316, 0.31698582210754656, -0.07763761783671569, 0.343026490180917, 13.966256475140728], [-0.7524644303653782, -0.3899943393371841, -0.13715276771933782, 0.3272261492538324, -0.394732646067302, 64.42818242392705], [-0.7513140494793452, -0.2554074144426502, 0.49685325528762014, -0.04259571915671882, 0.3487358586699756, -6.655741657313833], [-0.6740220811797806, 0.09741203077540408, -0.44010832888488016, 0.584969345078919, -0.017906828484908204, 24.81776133009605], [-0.6416576907275933, 0.12356471238806306, -0.4885779492442245, 0.5713412687979782, -0.08870125062935653, 28.587852832499895], [-0.5282498986405577, 0.23165939912876946, 0.6944322725473139, 0.1555855957808993, -0.4010522517226571, -29.862283136975392], [-0.5223336448215997, 0.3363144456404047, 0.6280332554422029, 0.19812647155911728, -0.4247120065022569, -33.060103395464736], [-0.44332662256440614, 0.324350612114061, 0.7541047828375967, 0.05528041095730198, -0.35570808089319983, -41.52648325932222], [-0.43717192277377237, 0.2010841974609852, 0.7840473100037461, -0.300270196152407, 0.2520981563761211, -52.81437194128215], [-0.3625932026103816, 0.33831152745493986, 0.3511371828655323, 0.09775722512570496, -0.7881736379484107, -2.1230504917264845], [-0.35799197977495234, 0.44745732974105845, 0.28799572153140374, 0.1533737697858802, -0.7517703316832114, -8.76031534967936], [-0.274874557592715, 0.3270983844675137, -0.42584009955293795, 0.2503299218086766, 0.757262018278322, -48.042175005868735], [-0.24945677183833723, 0.2544740192525287, -0.6818993577263538, 0.6318661501025469, 0.093662835727044, -2.357847548791744], [-0.2493914439451477, 0.2924293357100007, -0.40444967930043185, 0.23899386101259357, 0.7947272378717324, -51.195486040251616], [-0.24016702847460664, 0.26051261902431877, -0.692274544209843, 0.6245742786650433, 0.07152551734774466, -1.110340874715801], [-0.22838522629550137, 0.4700830790727959, 0.39727290152565115, -0.04469340007682055, -0.7530198064343032, -15.425469482639663], [-0.19301874889192752, 0.16985568940850349, -0.6827428299619817, 0.6660235565444897, 0.1554595047434888, -7.9364492254215495], [-0.1903638901727287, 0.6151540749571953, 0.03795801807610535, 0.32781470630101944, -0.6902490569195825, -27.509126503165987], [-0.17615250301675647, -0.14741647301352823, 0.740890091319079, -0.2917954040766362, 0.5596212950827933, -66.29155172899476], [-0.16612566566292822, 0.7213951232090707, 0.09101894790595678, 0.5925885067340243, -0.30421333341431744, -75.73627727286771], [-0.14992270815867012, 0.4694785789329684, -0.2188174289295521, -0.8413975284143854, 0.035807505865033416, 5.932154351502122], [-0.14792057352899357, 0.3894528760126718, -0.6540087779855288, 0.6303864171972029, -0.03648896577681129, -14.140930190627754], [-0.14351574626003188, 0.43547817447647896, -0.5768641641010256, 0.6757469730076613, 0.018861462749943828, -28.808459613498147], [-0.13225190214924437, -0.44012999302914346, 0.8341183049924138, 0.30455752293922245, 0.016923123582253778, -67.91939349249478], [-0.09901220287453, 0.5213413426172747, 0.4059722583977752, -0.1343851671476199, -0.7317970623212878, -24.27287797821377], [-0.09467617293121519, 0.2926634613305222, 0.8163756831163336, -0.3990888782544399, 0.2822115021594428, -76.5479118356788], [-0.09359379133110476, 0.31462460082009736, -0.06710949761156462, -0.9417710342441014, -0.028551657958569978, 10.915737707016472], [0.01590364307360385, 0.5867208922865501, -0.7857683060766448, -0.04976474248421941, 0.1886724894158696, -18.131099685694277], [0.0400812530688828, 0.4326438273109051, 0.03456321158695592, -0.8977765924413073, -0.06336707592646236, -6.552590003462866], [0.08515672777348687, 0.4168166600914273, 0.8556038475499729, -0.2947070042810364, 0.010101547926914669, -87.33404573275693], [0.1035915058754606, 0.4014333977700041, 0.8443117656557118, -0.33130166807466566, 0.07414090754477407, -88.18648259251877], [0.13496936506311882, -0.3780501784292037, 0.28599035320698885, -0.5743065928374803, 0.6536381172943114, -41.48076642315492], [0.14309243560215407, 0.3829815682052667, 0.8569239973912232, -0.30843732004151514, 0.05828683890152976, -91.30293791176629], [0.15573902272500087, 0.440315389054801, 0.0457738618132429, -0.8817052409110969, -0.04866555955485708, -14.55826737862053], [0.156191116773134, 0.5221580337115583, -0.3238436986764927, -0.7596543842712846, 0.14493377162202295, -15.67477976677423], [0.15915551173940248, 0.5664833678879475, -0.44068848680213746, -0.5592474668884534, 0.38314755038782117, -34.90006149194821], [0.1646261783437546, 0.5051657966452393, 0.45065211053413806, -0.2911353406324143, 0.6556360484366964, -112.03301922508932], [0.16486656227677068, 0.19659349318889505, 0.2542197489063607, -0.1570705218031319, 0.9191687470346815, -105.74029540851461], [0.17638683072029968, 0.41746982711882186, 0.5561416288123129, -0.6744002293181474, 0.17463518772414455, -66.81716417014215], [0.18517666674025754, 0.5195929366677664, 0.47311570863230223, -0.28943600143746245, 0.6229936673652324, -113.91671790221392], [0.19411537566806586, 0.5169349806611435, 0.43722523896656723, -0.3484920623275238, 0.6184535710976584, -109.12981057794732], [0.29769495246207645, -0.23591329130192104, 0.8774043711940069, -0.05125745007176244, 0.28854267879724005, -101.8893438708947], [0.3391598068833799, -0.16715346988415888, -0.7575816068113301, 0.5299969587826089, -0.04694332330441414, -7.361266848463439], [0.3421177006224007, 0.4405930174818663, -0.2402323163780632, 0.789731028044363, 0.08629373893098392, -105.55317139423248], [0.3465349032841231, -0.06006571034086265, -0.06211630076880061, -0.38869984647450806, 0.8493289502758072, -69.40712759792609], [0.34778822745910215, -0.7413822998731179, -0.3806314001732302, 0.233873795566316, -0.36030323232698486, 25.497397930266636], [0.38049664859421, 0.2551051100850122, -0.09008590766388372, -0.8813254726645947, 0.0727572930364423, -15.502216299722708], [0.48671900030583126, 0.1652886121304596, -0.05207629059164154, -0.8387424710682794, 0.1719983041363198, 