{"omega": {"vertices": [[41.7022004702574, 39.67674742306699, 41.730480236712694, 87.63891522960382, 95.7889530150502, 98.88610889064947, 28.777533858634875], [0.011437481734488664, 41.91945144032948, 14.038693859523377, 8.504421136977792, 69.18771139504733, 28.044399206440517, 1.9366957870297075], [30.233257263183976, 68.52195003967594, 19.81014890848788, 3.905478323288236, 31.551563100606295, 78.92793284514885, 67.8835532939891], [14.675589081711305, 20.445224973151742, 80.07445686755366, 16.98304195645689, 68.65009276815837, 10.322600657764202, 21.162811600005902], [9.233859476879779, 87.81174363909454, 96.82615757193975, 87.8142503429413, 83.46256718973729, 44.78935261759052, 26.554665937222623], [18.62602113776709, 2.7387593197926163, 31.342417815924286, 9.83468338330501, 1.8288277344191806, 90.85955030930955, 49.15731592803383], [34.556072704304775, 67.04675101784022, 69.23226156693141, 42.11076250050522, 75.01443149449675, 29.36141483736795, 5.336254511708038], [72.0324493442158, 53.88167340033569, 55.868982844575164, 89.46066635038473, 53.316528497301704, 74.81656543798394, 13.002857211827767], [66.37946452197887, 51.48891120583086, 94.45947559908133, 58.65550405019929, 90.34019152878835, 13.747470414623752, 13.927634725075855], [96.48400471483856, 66.3441497818448, 62.16957202091218, 11.474597295337519, 94.94892587070713, 44.991213347994055, 57.83896143871318], [84.20308923596058, 12.417331511991115, 27.91836790111395, 58.575927145828786, 96.95957483196746, 56.10302192557099, 1.8647289372943021]], "constraints": [[-0.28728010540190063, -0.20762089652502588, 0.3256499807358383, -0.004511073581163839, -0.08309125111558455, 0.3707222457340898, -0.7899090486468875, 1.0553279096552846], [-0.2773049769760984, -0.25985953651083216, 0.27631347494042685, 0.10417576035322287, -0.02269348223531614, 0.25656711409707955, -0.8378732406383239, 2.1288511740949723], [-0.23299221802203737, -0.2646365538697642, 0.08749526683600091, 0.40676437949747996, -0.13803163238392538, -0.21373575247236434, -0.7986449368317154, 23.499384957766495], [-0.23046275932576143, 0.10708528655938812, 0.3916029761504401, -0.5333071546256466, 0.30360556490518176, 0.5729491719133065, -0.27785455408203463, -41.984115975082815], [-0.23022255933048938, -0.05729308986768844, 0.26717817057112675, -0.24561755518274686, 0.731232158407733, 0.21170908945479014, -0.482163570521084, -54.85339895310094], [-0.22957812818848847, 0.10836907664993205, 0.3906230512730659, -0.534732189155539, 0.30877067859458607, 0.5712443029066134, -0.27452824702666173, -42.32805832336693], [-0.2260486114645458, 0.1067017318449993, 0.394952064499319, -0.5336426778333065, 0.3029532948327828, 0.5734383566055736, -0.2759399882987461, -42.30432141085326], [-0.22554322311170588, 0.10552382301619245, 0.39051983674800117, -0.5355255704181203, 0.30478538600177313, 0.5728036152088128, -0.27875344787563844, -41.96045052975712], [-0.2038590753365925, -0.22439451836378507, 0.320660151575631, -0.07632274523493843, -0.04151655598216537, 0.392367950086557, -0.8023492073946001, -1.0211237875750854], [-0.1934789184284312, 0.02418959920320265, 0.2533825954741599, -0.3502250984045486, 0.7921823948043413, 0.22680876470073438, -0.310040722792089, -62.160048658293725], [-0.1852503230361292, -0.1337812895275179, -0.2954942520999275, 0.24747307990400544, 0.5893558338946454, -0.46234194504472625, 0.48798025881453544, -21.1012534611029], [-0.18081245711745358, 0.3602660493186144, 0.13295786884563046, -0.2475780561138684, -0.09236017011007956, 0.6100004291765411, -0.6147451632051172, -24.38746627458422], [-0.1710770715676547, -0.4371357750017717, -0.3564803792816593, 0.02813999441453033, 0.393800734239643, -0.2082239012354135, 0.6733042539339947, 0.3810102831225066], [-0.15917566569481495, -0.0010953823686156048, 0.26123948001726893, -0.37011283012127894, 0.7593211629472598, 0.25523887481223084, -0.35737490529276184, -59.47371521456769], [-0.14870057192669836, 0.1274451548724075, 0.1256070675238427, -0.26985546783861364, 0.860115289868314, 0.14743764051387773, -0.33393201968114883, -67.80660859868026], [-0.12853709453327786, -0.23724521205583632, -0.3850379053096122, 0.5521240523263461, -0.15104121798527897, -0.5079591718533712, 0.4396155106483452, 34.500797590377225], [-0.11688330530010943, -0.22851118346481847, 0.48257084569406944, -0.044471034434546156, 0.06343289437989477, 0.3743234159030495, -0.7450683768442486, -23.949974546176627], [-0.09208007738381672, -0.19302988908602595, -0.3957288587613738, 0.5049544787631233, -0.12022124279419807, -0.5117054072748463, 0.5161247862054408, 31.022657652085066], [-0.08871447268728963, -0.1834212788656803, -0.40420448838960205, 0.5143628443854548, -0.13481746467998657, -0.5098863256735244, 0.5023705393282056, 31.644307483312748], [-0.07956905694508759, -0.18342513980517483, -0.3950348829510374, 0.5075315366379786, -0.1417371446019338, -0.5228265767760262, 0.502937487458259, 32.41429214477011], [-0.07878762422258373, -0.13098569262971238, -0.3943960780528111, 0.39455333139247073, 0.11327210282902105, -0.5208460885566425, 0.6174977276519141, 13.2469804469103], [-0.05699120335587628, -0.11495869680776892, -0.3969956142804255, 0.40309289304624984, 0.07548259004694868, -0.5459916501902448, 0.5997020919659681, 15.8929851478086], [-0.04587033973540374, -0.1580164385408278, -0.3561545346065413, 0.4207480966717588, 0.05600194600418245, -0.5132672756833626, 0.634406958872651, 13.305033613916779], [-0.04553932576526657, 0.4433877790125952, -0.16077473793832264, 0.0084240795390732, -0.19493627615029352, -0.7840097333539441, 0.3503463315104645, 18.39513628420927], [-0.038161597096133676, -0.20833734692730357, -0.3360225860020172, 0.49878622880854173, -0.11734302966275585, -0.4999414794749698, 0.5742207698436017, 24.319646612013358], [-0.034978120100166384, -0.04642595428130676, 0.3487376484183528, -0.5214175828963885, 0.26889359946152674, 0.5467362981075408, -0.48156263476908173, -31.519299206934196], [-0.034778517011264574, -0.13446271988025457, -0.39584131100925835, 0.4872272276748258, -0.1437825927275268, -0.5671070401109926, 0.4943133499236853, 31.945340856520062], [-0.03326257417903084, 0.18137689983376806, -0.1626237100563232, 0.30124314823041287, -0.6805567597746445, -0.6175483727542065, 0.06541116090615492, 56.396542435997304], [-0.020459564639508706, -0.21115955245759094, -0.3164319798782924, 0.4929459933634812, -0.1094564574915428, -0.49579634238188774, 0.59504064579826, 21.62322768486758], [-0.018378568604628477, -0.2159855732241332, -0.3061102159965633, 0.49265176088001306, -0.112018486331705, -0.4905643094960623, 0.6028281309859823, 20.826914497920722], [-0.01594648855671377, -0.21746610237154426, -0.3101196259863935, 0.49118737559048664, -0.110722735840065, -0.49177207551660795, 0.6007625861942537, 21.134639716270627], [-0.013864068975374474, -0.1158652361322899, 0.6001704155524649, -0.2576638706864034, 0.036288246447002515, 0.5290612823026474, -0.5277927239210644, -37.8929513737122], [-0.002656678775327398, -0.25241868196899064, -0.17371923700524872, 0.4385968171927183, -0.04948127161481602, -0.417351179431844, 0.7328722988897065, 3.8569155262993], [0.008203909327775174, 0.17349066537892965, -0.21073794789110212, 0.3238630799583839, -0.5990501952443027, -0.6651720712926891, 0.13863941289038711, 52.76425091873255], [0.015511692629032965, -0.03512535747738393, 0.6100963920724819, -0.3832275394021501, 0.1296063872712243, 0.565551412661363, -0.3778867900483165, -48.59257019254918], [0.023428583335209884, -0.2638758026335402, -0.2563130136392601, 0.4371655433079836, -0.04902468535438175, -0.4532121610554467, 0.6820600459990027, 11.760465575309938], [0.03282078611785544, -0.1487123378513477, 0.5362922010654383, -0.2900468225770744, 0.06173789529887904, 0.5166618320440979, -0.5782040608224958, -32.79381893354075], [0.03581533570896153, 0.2603541641181683, 0.4256680408006492, -0.3893070182946498, 0.019086499412083232, 0.6549669447200465, -0.41089383344865443, -50.239368915717435], [0.04719433129598539, 