{"omega": {"vertices": [[93.58337822574809, 82.03755476529831, 50.33837586097635, 88.23891058945115, 92.58250673614677, 41.21073940599486, 65.1953799089356], [81.9250663372376, 49.43964288846211, 74.04990964780501, 21.09832815578594, 92.58418585198469, 61.79038122914239, 52.452467252124116], [42.687207085601976, 76.98771215470134, 76.78843243784546, 24.082910644841572, 18.696951354018022, 73.347095834099, 8.838752123356752], [80.26990485561105, 9.296212509271474, 43.32120011366798, 61.716829044796484, 54.31014142061981, 88.87065861499016, 5.101311897671302], [26.460422141350815, 31.48939714932989, 22.01303323525774, 23.080821740938507, 24.08153804589297, 73.89089835853336, 40.46227568334706], [62.661452829474264, 65.67605350893493, 59.08130884716458, 15.586252326976236, 56.1210964490457, 77.3976804018843, 51.55558145174689], [95.2423188985868, 73.76413266026772, 72.36273724911275, 68.12876441938337, 88.48987032931707, 19.600074292069724, 48.115054477218045], [60.87558109648767, 0.21170578303483234, 91.06687253471523, 88.81190474056886, 34.11556851172913, 32.2730981149689, 79.9238806277649], [10.861894710932562, 63.5536440679866, 66.00939641008547, 74.40445060728143, 31.88351046520872, 50.27721139248944, 21.852596778529552], [32.37200365604863, 88.47185619581595, 55.81650798484748, 30.18581590439101, 57.16123847372728, 17.562589143159524, 50.84731404453328], [2.998035138476418, 43.659374925846606, 53.251439027570335, 55.219034993454876, 77.71812684580226, 84.17202965378159, 8.840969207102434]], "constraints": [[-0.6237202571836008, 0.019213770970657875, 0.45719230059260174, -0.2924502248004431, -0.11212446194403357, 0.21882054308649584, 0.5055666257121967, -21.340419760423046], [-0.5161022672683245, -0.25331152329653295, 0.5270307320393516, -0.5679063240144889, 0.020635906287079113, -0.0053154535625214785, 0.2621805519889606, 12.426508132524575], [-0.46517013114951267, 0.24581050032124074, -0.02705871835270984, 0.16208505158421346, 0.0328546722504155, 0.3618291872713158, 0.7511261003201226, -56.496584230121236], [-0.43295158000761186, -0.0186416220251582, -0.1276098211585004, -0.049162992475231794, 0.34788799268942155, 0.2036767411148159, 0.7943512338275384, -39.581897406805126], [-0.41753077449545584, 0.2426701815983108, 0.7226094686042673, -0.07219055627089689, 0.13766980843221913, 0.2444179986972426, 0.40088674278416236, -78.65358373092194], [-0.36516081032156145, 0.34680261809973034, 0.5890896932541761, 0.1023475712669457, 0.20935720607075406, 0.30751882525950086, 0.5004853314725576, -97.64793757020597], [-0.3578935277809588, 0.31143493558546426, 0.7205903343368033, 0.14316748235142102, 0.330647140301188, 0.13139967821713336, 0.329514398626202, -98.47280037036337], [-0.2991984330843883, 0.48270704459604535, 0.6429250320573375, 0.08168830111699639, 0.22591462992891448, 0.32032426022322485, 0.32218562917736393, -106.29355094743812], [-0.2718607968394229, 0.49289441074856505, 0.7114719489924988, 0.09499891088958601, 0.28706637476472163, 0.2292888451979655, 0.18151914959169016, -107.05184056883316], [-0.26299075802884647, -0.07046829736719075, 0.8135436155790348, -0.15338686469386778, 0.24798634428616415, -0.3231496442635066, -0.273068518887681, -20.646118598190803], [-0.2481117532200669, 0.7133936833109108, -0.42013097347851636, 0.12188506455540646, -0.07775373395776577, 0.4465563267551112, 0.18079217510468312, -47.90332713429466], [-0.2448636579783942, 0.41712560779367763, 0.7097026194742745, 0.09293314886897075, 0.11247174955971322, 0.26387455997531023, 0.4140699943556158, -103.51322642666828], [-0.22305215649985832, 0.41659646305778464, 0.7643837284487598, 0.10295509695887795, 0.1319487119048733, 0.20522304905802316, 0.34969404299106965, -104.33703393557559], [-0.208335271100172, 0.3363969192528044, 0.6812104462930128, 0.18834131579888191, 0.13851582279452068, 0.4560026371078681, 0.341743128597324, -112.90694326735284], [-0.17732922904114515, -0.4710020253914791, -0.4827539852205431, -0.07809888430745286, 0.5261760275252522, -0.46040877050649603, 0.1368325353373755, 47.765575914013866], [-0.17161155050052448, -0.47441630652141964, 0.13578624590493707, -0.3243980842249531, -0.05081534885683988, -0.5843710446505461, -0.5270056021620563, 89.70556395395289], [-0.1674076620455694, -0.4989071292187588, 0.5211838353333198, -0.4109381353625344, -0.06507313379222826, 0.5201511932371631, 0.08815800149482496, -22.282536263541814], [-0.1650283739196737, -0.32120457095861027, -0.5939559955452703, 0.27827363468589067, 0.16905638909243118, -0.6038995715286526, -0.21470576099814365, 70.37227533820615], [-0.16365414303262213, -0.3214161554571927, -0.5884393480486155, 0.2782185220420173, 0.17168636574077853, -0.6070855570683436, -0.2195756870830519, 70.19349571899959], [-0.16257665364708807, -0.3336073174225822, -0.5925773258181827, 0.2607007021354265, 0.18827409631690084, -0.6045804603435855, -0.20542049048252933, 70.285022178247], [-0.13523821885032253, -0.30560929341598014, -0.6021620954005971, 0.2822656914323756, 0.12475988415333779, -0.616989773399616, -0.22315704127201286, 71.55736334717218], [-0.13444226086041355, -0.5098663870352887, 0.21855560999284804, -0.4687737592596573, 0.04961278417339659, -0.5095821882326169, -0.4385324605079608, 79.82415063778008], [-0.11867459459898018, -0.551892169077311, -0.34051479237555954, -0.19067838401221698, 0.41552472186901124, -0.5806689363165556, -0.13851207985049024, 70.91989771413044], [-0.1177141501378506, 0.2859537776766046, 0.8132050325746892, 0.25789391786472193, 0.20592152525384438, 0.35242890083727707, 0.09976128159333215, -116.2271210475836], [-0.10643479722504266, -0.5218932728053572, -0.5065345146510555, -0.050959987189246464, 0.518891135599018, -0.4282649879566125, 0.06682814078180306, 48.02214310438686], [-0.10090147594028553, 0.4559565441974264, 0.7389236260784955, 0.029466835986632453, 0.017446721633428187, 0.18666959875754227, 0.4470975007316647, -106.21594053591564], [-0.07749429766965338, -0.3733047991101995, 0.2951721884080593, -0.22369991904387135, 0.08159540410929138, -0.5930037510425773, -0.5992984460832663, 62.036001136131134], [-0.07637027515180532, 0.13289349857949959, 0.08545656518531584, 0.35740193433449835, -0.27810828255780895, 0.8032232916011727, 0.344900070906557, -78.90329214544444], [-0.06485172896438779, -0.39982841480608894, 0.3294713880322782, -0.30434643475101203, 0.12502796620333967, -0.5585865314107237, -0.5541682404108024, 59.11138442824033], [-0.06418241487795252, -0.21758746703434384, -0.18047518209939498, 0.14642936386385802, 0.26449468225870437, 0.6783873380105586, 0.6036196190801323, -71.77682393690525], [-0.05770122284302127, 0.16983799390049753, -0.007790506693401971, 0.4127597911536248, -0.22814765009643143, 0.7730585524821176, 0.3843480346148266, -80.35608055087272], [-0.03157840653513684, 0.4642007489035265, -0.07828156480183086, 0.1788105092046644, -0.564295461995856, 0.22365878236599723, 0.6139760972625034, -43.965818400479414], [-0.025074901836882477, 0.29552268077103716, -0.1091252752839363, 0.3949494003965425, -0.24558592753661895, 0.7836156376198704, 0.26415587167801047, -78.03224124651685], [-0.014902052353851872, 0.20067240441581793, 0.17238838664402908, 0.4148041460295225, -0.19196674097542987, 0.7915207667776333, 0.30720013940039864, -95.22213008088282], [0.02561731850083307, -0.16255375235721728, -0.6918175706102817, -0.2314190162040323, 0.5202446766175987, -0.342854967803598, -0.2292371392791865, 47.09224477040695], [0.03193799812969173, 0.21690336371270813, -0.019148926729427525, 0.4091774692226954, -0.35275384868267023, 0.7301622815953891, 0.3557636534922885, -76.55037407529186], [0.058922587384388776, 0.4312754132802204, -0.6987546229671153, 0.11502569884722123, -0.040214469159392856, -0.0869323547094003, -0.5476004695556829, 27.136199001021623], [0.08875601430485648, 0.14263727083475697, 0.5455914339589241, 0.3053648212474587, 0.060480356693502796, 0.742752327438659, 0.15975105185056715, -121.0407725590533], [0.09766881060196493, 0.39420444577417224, 