{"omega": {"vertices": [[33.80255018344859, 2.6601200281441417, 24.940396839621005, 44.59904637815255, 95.3749601151544, 59.43935766056463, 35.38744700213201], [30.011757841337385, 8.003167500262375, 33.1074516749022, 16.41366652664349, 23.474856982573577, 85.79030756367956, 98.36676168918189], [88.14518099850713, 76.44819484355074, 6.175995671307644, 26.01491204513139, 80.71475229668101, 26.674020664825203, 10.751933318358153], [85.2691740843955, 93.63014095525597, 89.8911494316516, 13.109469446309586, 99.39239400866472, 73.86789770009574, 44.7916124466311], [86.00407844608716, 30.190225773872502, 3.4520123451203144, 89.72161999129067, 77.13334988694915, 62.79254669640009, 98.6591287340142], [99.6938468325886, 92.18468341006003, 88.04234156849668, 56.447811611415574, 52.468504429763094, 97.60555270441124, 61.81634768717168], [26.4662246720624, 77.21474729949212, 6.778934290721694, 52.45723748868405, 67.36957741410887, 69.02196176834337, 80.29132928446309], [39.92846223211938, 64.8735079136019, 12.428252455069998, 25.94400734446657, 28.903454005350504, 40.19539422377779, 55.635252154327205], [88.75870275626193, 41.069421442925034, 18.901995782506432, 80.02913278257238, 97.4238906934051, 9.696418025811804, 73.46604233165709], [40.145026093301716, 65.91067594558265, 83.70169699102313, 80.96166064791716, 54.27337238014949, 65.0949680831496, 12.072546590727374], [66.59842465043123, 60.8895813060529, 50.09789059184882, 79.76501254386291, 4.236014275113542, 16.337733640316323, 42.77122020028186]], "constraints": [[-0.6587463373153358, 0.17480398928114504, -0.14785892593607144, 0.19245235293584967, 0.18084995308091542, -0.6189931427786305, -0.24644967425253003, 45.17199793477375], [-0.6527218031365607, -0.2379171873811118, 0.18215507727415317, 0.5331436261146968, 0.029771892780571435, -0.28025809852184796, 0.34712547303319263, -4.089183450570012], [-0.6325961246660129, -7.694586695117445e-05, 0.3906653449425167, -0.08263249973127035, 0.14627323562371394, -0.5813918827594683, 0.2845385994685992, 25.863210326630444], [-0.6038321781222569, 0.23369558517465977, 0.19883758254296274, -0.1561506813814268, 0.3429447579146954, -0.6311273447259478, -0.03034505502708402, 27.673787853665104], [-0.5953701254421188, 0.03064155593661521, 0.4268208580754517, -0.15290573802351792, 0.18825716880885351, -0.5655759338641263, 0.28934823413636696, 21.64104179807019], [-0.5714877575518054, 0.06118362295974818, 0.44677195784395507, -0.12939732241836405, 0.15003616829219735, -0.5680149602317871, 0.32887324464334633, 16.851997366112858], [-0.5639846193838465, -0.32170711406204816, -0.4503401654479949, 0.33668517284656296, -0.17832068293687858, -0.44327522117385587, 0.18431365646656003, 52.968655423452965], [-0.5511317819445519, -0.014698047550157451, 0.4560860113833807, -0.18355889121875776, 0.1539222326683477, -0.6044800893965584, 0.2554235263582723, 27.691138601875082], [-0.533847642185331, 0.47219687704754576, 0.4855121877717952, -0.15023599429638437, -0.2819049364223646, -0.15181024091501744, 0.3622528445113392, -17.35762622489144], [-0.4948052923955553, 0.46158380901238943, 0.19841801972223055, -0.04675881956652814, 0.22693296607952684, -0.669702969923305, 0.02348133512961813, 7.612813801090727], [-0.46771505692362203, 0.05311072047431858, 0.33688026444830177, -0.2522987725580475, 0.2070603204410488, -0.7436888699441955, -0.07301905305159996, 45.55901476296996], [-0.44314576316542337, -0.09893908156324153, 0.5135962161838487, 0.25042523744303874, 0.4308408392316388, -0.026412550403399935, 0.5301109000318263, -67.01612770319109], [-0.41489144937362893, -0.10103120462413291, 0.44111188502999177, 0.2925661352579761, 0.4667268907722599, 0.3507834363417036, 0.44339613499974256, -90.81158988378891], [-0.3843671455094723, 0.002883499858376521, 0.5557587939207912, 0.2743672641162577, 0.29154896064125213, -0.08706758775893945, 0.6128024061256442, -71.04457689854628], [-0.3754064740305333, 0.1401991064588773, 0.5693463979351663, 0.17259117553695777, 0.0835863615579749, -0.3117395828255365, 0.6174972937190715, -47.49704342619585], [-0.3578373731985561, 0.08397185492750987, 0.5187246102057995, 0.3563464294180789, 0.04639077867735052, -0.2066899917189979, 0.6511300069165356, -60.36188280856472], [-0.2960759284439808, -0.08928710380981385, -0.7466257565135079, 0.4342525721238384, -0.11694311027545708, -0.23178167323311133, -0.30156774681008947, 45.10163880710955], [-0.2929124283554699, 0.15828096670498104, -0.2324516478194285, -0.37239188677466556, -0.07698141499755377, 0.6441417630023235, -0.524971627695734, 19.518032463490872], [-0.2734072005745206, 0.04582715760218928, -0.5659965953583144, 0.6399278493302374, 0.020931459213600914, -0.07282445024233714, -0.4330670265173419, 12.353400651318434], [-0.2487646106331712, 0.008102429065904682, -0.11795976143208116, -0.6556286144948578, 0.42514646033239745, -0.4219270565620025, 0.3681238648688188, 12.073481812973508], [-0.20918926051859815, 0.9357555683379103, -0.024290435272182467, 0.012547125971108127, -0.1962021670672839, -0.10262246961600446, -0.17557691294826666, -32.812639087957336], [-0.1729009676379395, 0.19806288531899685, -0.25550104838525234, -0.31067071585205436, -0.1588122781391988, 0.7058980222272995, -0.4955460745105462, 9.07631536469011], [-0.13869675249772806, 0.12141264790327778, -0.27666340932741407, -0.2584843058353997, -0.07274980144668217, 0.7549676910611564, -0.4973898402612148, 2.458651895684679], [-0.11825713372911659, -0.1395527831301928, -0.5435876313662152, 0.3516589960136254, -0.39892786912897615, 0.46327478385777315, -0.41667941929605323, 27.498450123068828], [-0.11700190142074916, -0.3106882076075049, 0.38782494793603955, -0.6025358812187217, -0.255739801044134, -0.3123588545882464, -0.4619034687488039, 81.28461569424944], [-0.11072442409236873, -0.40417861267616484, 0.6925175690675534, 0.2442081677374872, 0.32623261849445384, -0.007523723085952646, 0.42270227173369673, -68.97075481374208], [-0.09328538350092638, -0.20705916915870262, -0.7730806385035224, -0.4128812025956742, 0.21324251876830566, -0.24508985420466692, 0.27341976549220587, 25.9534912365734], [-0.06550697788037659, -0.06591236064622297, -0.6013697901908237, 0.35989469698238225, -0.3197447810190714, 0.39567045882184615, -0.4913275303904739, 25.7011533920477], [-0.058379157784363686, 0.28657008497296316, -0.21664738968228278, 0.4377540720538968, 0.7085152982348284, 0.31381154258803645, -0.27465092241751304, -89.41726856753374], [-0.05294018242959376, 0.8494941608515142, 0.012307960230857116, 0.39296345519544246, 0.17098236351815393, -0.3026924286437104, 0.01129467869558593, -76.42301145178105], [-0.05174807540133855, -0.3047037117270476, 0.3542598096641217, -0.5420426497078634, 0.007058363405814618, -0.6957046102721434, 0.033358846780921804, 57.39753000302121], [0.010621975914192184, 0.3705196705418815, 0.22727676712134084, -0.19565938737347874, -0.12863678428998188, -0.4123290019912381, 0.7655732456618132, -44.510580801034344], [0.044364744060738946, 0.22305811014457094, -0.3006254368560584, 0.33122986008029054, 0.5008675722795068, 0.6065666372194004, -0.3597173406170937, -80.46249872694668], [0.0445478332099192, -0.07044945995008096, -0.5270933760251251, 0.20510966193637256, -0.331810323634684, 0.5939762929421963, -0.45852920979139217, 15.246801470826988], [0.05679829068565162, 0.5059516716552765, -0.20686062744706515, 0.5288980984028013, 0.5551476711097472, 0.2598796782507904, -0.20624247510204208, -105.69039209014643], [0.08178239429112237, 0.0319798053194545, -0.4700193423617255, 0.2640057270838647, -0.4579186773323465, 0.6046639846634393, -0.3554766891227025, 2.3598245543461047], [0.09072132707935143, -0.062446309650684956, -0.3745862345969883, -0.6063350511080569, 0.5533922488307301, 0.0073724847348130874, 0.41667220122671306, -34.479147981185456], [0.0921520880988889, -0.15304854918155167, -0.5070325133390824, 0.22650445029195077, -0.3996068787836829, 0.5139926726533259, -0.48561689998895746, 24.581699671005875], [0.0955241613455662, 