{"omega": {"vertices": [[70.27003194071011, 54.95348982364108, 29.636679417916167, 8.417976376436197, 80.67297157992574], [17.560113011680244, 65.68171155899162, 28.691687599039074, 79.97316913556001, 95.5877838938624], [1.730887434225925, 40.1645099494677, 36.4380062494822, 8.977472415656496, 76.77009238506078], [87.00437636471146, 77.83086094105421, 45.245500240060196, 1.2905624381089997, 87.77619165332578], [40.1709711407507, 50.88436907322518, 57.37328133390055, 54.64255600241034, 25.553557883407606], [7.245953856714804, 30.825964607475044, 65.34563707311095, 42.502158977320356, 20.53804678393859], [54.731788580425786, 66.1741857008039, 29.61814388470575, 64.74254019845806, 4.959689298292491], [60.90390082434367, 81.30731091593317, 68.22238640299804, 85.60828393883544, 46.87798551008247], [33.07900981969314, 62.30142217014375, 54.10024821645948, 45.73542275020874, 11.47798491388773], [50.723008528187286, 67.00698460447569, 32.40574113105391, 20.972722232125363, 23.866520210264387], [31.631949180238784, 44.62801447988867, 0.7546079848113951, 65.80158095295413, 76.86479061328254], [26.090752309639154, 2.5006430391729895, 23.601275682407273, 88.15178781150354, 91.05867632223548]], "constraints": [[-0.8743459644915562, -0.04677327257765672, -0.4042269278361254, 0.2101863516427501, -0.16047954307320436, 28.554330511242743], [-0.7467398944768774, 0.3479040755270728, -0.4602382546349284, 0.076571066220611, -0.3219625832558007, 28.118973021903745], [-0.746707197794305, 0.3470877647402066, -0.4608439721504366, 0.07680056948367907, -0.3219983698552118, 28.174461270292632], [-0.6729453895916296, 0.03295282487609099, -0.38027628664236324, 0.5167920793163823, -0.3665712843819064, 14.273603917124607], [-0.6379901641303932, 0.3743863464027367, 0.03252608835675131, 0.5705943520693134, -0.35520072221617593, -25.999773751220598], [-0.6337278223528232, 0.20730522048924846, -0.5395244270094552, -0.18034601997908734, -0.4814585116826523, 51.01045921771845], [-0.6153826559812114, 0.6085762332408826, -0.433453456275509, -0.06449647841665265, -0.24268799015714454, 11.626366461093301], [-0.6071887013350025, 0.6637268015042043, 0.4322879337797009, -0.06037269310016165, 0.016458863035526412, -42.08055111086458], [-0.5850485147614864, 0.564344695207268, -0.5303150845834268, -0.06910765083669672, -0.23070185093730933, 16.001063802236175], [-0.5146954520094511, 0.055852503195380813, 0.008521741590458593, 0.7839726724952183, -0.3424665213835758, -24.836044146577077], [-0.422025476894595, 0.8644572906531465, 0.18054133896446867, -0.20347011267267848, 0.024755356236483613, -40.64241495529577], [-0.41744170057647595, 0.8781559034998597, 0.09599498982375236, -0.21297459916653771, 0.0033790245271714575, -36.39345740424031], [-0.3867022247745335, 0.8995929900060055, 0.08632257190988345, -0.18356831566546572, -0.0067028910992193375, -39.45175832463983], [-0.36563290788075004, -0.29163141747891236, -0.7041051797585038, -0.2260397390183535, -0.4841545468501426, 77.20014612724471], [-0.35492006325936787, 0.5737854808788169, 0.6739344220507684, -0.2985688914844326, 0.03835338891786437, -47.2523118834241], [-0.35066079311163073, 0.9150270436413882, -0.14351448448273532, -0.018857800921083172, -0.13715135313695864, -35.20711443161615], [-0.2847482112731346, 0.703634940779458, -0.5858820739263563, -0.27347303182277066, 0.07596724694532804, -9.7968267743472], [-0.26091679228909975, 0.40039877816375063, 0.5130863696206324, -0.6746788036708, -0.23055180574742948, -10.569653678766187], [-0.20767126887146287, -0.12245806041798873, 0.8470622350698623, 0.05814044566381287, 0.47008714726148715, -62.19792341086071], [-0.1874879402498854, 0.5014648199125677, -0.7396476176303965, -0.4052792429094729, 0.04529286534670244, 7.295962051599563], [-0.12887340201855302, 0.13500838913921587, -0.5396193374154756, -0.28293609232653033, 0.770663687648818, -42.16069918195355], [-0.10771247021452511, 0.9455170346506109, -0.30440527275498763, -0.00908070849245172, -0.04062673501571592, -46.868200401780804], [-0.10224178105957045, -0.11771794973314201, 0.8254155751094039, 0.011389092981432944, 0.5424467895049844, -66.91738051923723], [-0.08062976565219447, -0.06668472205860075, -0.4462716813288427, -0.2340049251995354, 0.8574002975046877, -44.64275674528746], [-0.06962063078466957, -0.07805921208702113, -0.3308635030279572, -0.2332928925551586, 0.9083851032600734, -52.330705924243034], [-0.06905970239303233, -0.6136841954228572, -0.6104239924801921, -0.29811860135448653, -0.3963966633620586, 80.11825278449209], [-0.059289742412435065, -0.20591238858376718, 0.862330068563091, -0.022594625229469322, 0.45821517918452837, -58.02297339080053], [-0.05000174895482241, -0.6032993407762105, -0.6183607346097318, -0.2370205294653302, -0.4415665306896982, 78.50956892598258], [-0.025609373667101327, 0.800408386229872, -0.5983667855822894, -0.024086089606991528, -0.008223468406537463, -32.242032337571224], [0.04597439411006695, -0.038788396687851216, -0.45816494628014437, -0.1486041762218834, 0.8742902814158041, -56.80122532686347], [0.08963229481703604, -0.6351717221521, -0.6067249871977037, -0.37780842167452566, -0.2786907273769928, 72.25094398800314], [0.11382024626474489, 0.17059745460877515, -0.4422869615735195, 0.8670592832722186, -0.1026250599745031, -60.04564651989143], [0.11975951730748391, -0.4046802326050661, 0.22341671429035814, -0.8262552125186754, -0.2987956875766566, 38.26188927182824], [0.13481039755543675, -0.7443651120220794, -0.4067131110358165, -0.40491574913043993, -0.31364696416991555, 72.19735959048685], [0.19063353032861807, -0.6964926866485284, 0.5612145390869397, -0.3388470731284183, 0.22085673344795426, -6.718418200637682], [0.28696737203956196, -0.23533182463605143, 0.6033482026287235, 0.2752802225286694, -0.6499695417228637, -32.602093441814645], [0.3040168415242517, -0.5638667373094, 0.35999612032374984, 0.5222907401720049, -0.4327161179203954, -21.65667194128016], [0.3198402637999411, 0.7087341385109303, -0.5640741826283071, 0.2646278661034674, 0.08479702550965908, -65.25175104817778], [0.3286256352673965, -0.6013752803786745, -0.6170242897596492, -0.21867057326246778, -0.3190880289672976, 55.824230744695356], [0.36322564503488014, 0.31565115079470923, -0.8558165900793685, -0.13802033451235746, -0.130229924353007, -5.838561159008433], [0.3949370005853566, -0.09342491026329008, 0.8234631224213034, -0.24824837052206933, -0.3091565691623476, -36.89094085534339], [0.4403939930583581, -0.7698566233598161, -0.15447899060873438, -0.22563506063349434, -0.3722888276870033, 47.871089105858985], [0.5053321048130359, -0.5820154567287313, 0.637040586217809, 0.008252840112827278, 0.0029417877923742742, -27.759430289297317], [0.5316946783285277, 0.3703617071830938, 0.4833272766189834, -0.242558681216935, -0.5363702123831317, -49.56014716206743], [0.5380913979519393, -0.3566966912933461, 0.5026557532241909, -0.3521327826638077, -0.45449402085678986, -1.4490033084615117], [0.5452222788761042, -0.4548020210487396, 0.3437681540400426, -0.2742688134846676, -0.5499889657845362, 10.558022321852674], [0.5677291161928042, -0.7431939347749584, 0.0804027692116117, -0.12647336209715207, -0.3207589582904884, 25.505114208228193], [0.5727432634874727, -0.6898925733412282, 0.41466740916706263, -0.08851550604674928, -0.12739441252386727, -3.6016407212915196], [0.5812820577788921, -0.667178747571114, 0.14121855051407023, -0.22278456126751617, -0.38393755787279016, 24.48062170758842], [0.5903979881253254, -0.5920794807151796, 0.2768814279645782, -0.28485156514981974, -0.3782437901851205, 15.755626399719343], [0.642723544905063, -0.26257850369006835, 0.4665453573062976, -0.24572658067688605, -0.48980899476156936, -13.28143457578998], [0.647681251408393, -0.5775770000444017, 0.22545627216638076, -0.2215626768034978, -0.3833969942269694, 12.340398507821885], [0.6550266940646452, -0.14344752630674412, 0.5505471558233386, -0.16830500493563308, -0.46790393435796934, -29.447292482918037], [0.662668689472801, 0.1485906530566409, 