{"omega": {"vertices": [[85.20819393356129, 82.96944350869956, 68.47065958040238, 7.727073731028522, 56.08288095935989], [13.82456213673633, 75.97684390000065, 47.21328482567757, 31.869752808122144, 24.15623819973408], [83.18052969736864, 46.55452537748707, 84.80722582947216, 12.017963346510186, 71.67765633068112], [17.652987089545867, 56.94386550042579, 67.36969245044456, 64.61998296178909, 85.72411587255637], [82.8304263083647, 66.23234868498412, 13.97258368719907, 30.98342394585196, 66.98814387686957], [92.17795044700827, 6.488283552872387, 23.575708169396016, 37.1470531517065, 19.122663491201465], [81.78647280810608, 29.12514570692367, 7.0450144244804225, 82.53029045605895, 67.42629928498579], [59.9257274553447, 44.067320869489656, 83.73571765578036, 94.41562709684533, 99.52174009789042], [51.44523156369012, 60.228006350950444, 6.402295720396401, 31.574890039696825, 49.29684480512822], [98.67868074170012, 36.76814362826752, 85.81860222121446, 38.23827774549209, 62.93087951467824], [54.743751804968234, 23.99430165784423, 40.03736078523885, 48.456796985855696, 98.08793366109278], [13.076665082706329, 1.9029520094208663, 42.0355565168244, 74.26815171889345, 69.24477205885402], [69.04029400273299, 74.68570596609896, 59.35462693414488, 71.54723236471602, 59.01897810887444], [33.76260724234174, 38.00062760709992, 0.19103046457464856, 68.36353932453382, 0.8171312649346674]], "constraints": [[-0.7108482710417504, 0.26091006866743033, -0.587150387947422, 0.07918049065774749, 0.27496462219220313, 8.559767460730198], [-0.6402438247075829, -0.029288151571309692, -0.3110315839237703, -0.5559213793003897, 0.42829992171370396, 33.13209662816929], [-0.5623265357285318, -0.21176440475072955, 0.07027766095437475, -0.723922302615145, 0.3315754126036577, 35.60668022271842], [-0.4787536244633648, 0.28715512156101286, -0.6577529855167381, 0.33337024825175837, 0.3802133491197409, -17.723507683808727], [-0.4559319139279811, 0.06896173799628183, 0.45330265045045093, 0.6281134016860471, -0.43285174167545987, -29.900092346670334], [-0.45065474445323567, 0.10632791715997823, -0.08470478180902567, -0.7391253828094795, 0.4817919091886407, 14.06829906556063], [-0.45048515386102805, -0.4459731244987551, -0.3122581412956409, -0.6972708609889836, -0.12032995464927505, 79.98269205609073], [-0.4370971375927701, 0.17100720640257241, -0.15202738818293082, -0.7074153652839603, 0.506116391622552, 10.54708580284495], [-0.42316948294515666, 0.05622633476127007, -0.13789049174795365, -0.7804633682247396, 0.43546450042230117, 22.44248683515614], [-0.41946773915175856, 0.19849231370262602, -0.6568570808430892, 0.17741134310668766, 0.5671962692889183, -19.732518190115144], [-0.4029557482896504, -0.37267988576075256, -0.1418417388780947, -0.8135023764476922, 0.12973500798040608, 63.37475259410978], [-0.384446845581194, 0.27989330487295155, -0.3627749373313006, 0.7795222965662901, 0.18600993202045568, -51.0297900371708], [-0.37147790515075313, 0.4269716093333774, 0.21896714818694035, 0.7332896439929018, -0.30665794761544257, -53.60465152705868], [-0.3649977807731048, -0.42819947677355324, -0.1411114122750532, -0.8136103530951191, 0.03933943039418844, 69.2207807888771], [-0.35823929798104487, 0.30001443735295713, -0.21469251238245146, -0.6076333514723584, 0.6052642216976127, -8.916702991126531], [-0.3553954208787025, -0.26503927712882075, 0.8371346968425433, -0.027629604227588152, -0.31920272666450067, -5.882559258417867], [-0.3551711698901925, 0.6174303019453231, -0.24699620954076326, -0.41107657412807913, 0.5124862778593747, -29.617649170189566], [-0.34059178698255266, -0.30537832677259125, 0.8611687989834748, -0.019533303438684254, -0.22078963266361942, -14.425554561233035], [-0.3363397085513012, -0.44302251495864736, -0.16848308397481856, -0.8088064910929725, 0.08973384016940503, 66.17849638957466], [-0.32775840348233387, -0.2353717542738666, 0.8358398100439008, 0.07318435389793254, -0.3649526387451831, -10.565307967528135], [-0.322139181533856, -0.44166525980055577, 0.5300432435335369, -0.29279212664355797, 0.57834684797792, -35.530054314877226], [-0.31040615863824733, 0.102227091487767, -0.46901105573291896, 0.4141963497590509, 0.7082850075301395, -56.22694637721079], [-0.2907284787769043, 0.7131002595212421, -0.44822975884229443, 0.4251277275913729, 0.15912721332310925, -46.39014437066787], [-0.27879165706552733, 0.34949309635434406, -0.6043732120812825, 0.15928118257646653, 0.6399158639594006, -39.41251390104252], [-0.27740665670722486, 0.011234869722274908, 0.9131946460024888, 0.034072500389985876, -0.29636789257004054, -34.060232060640516], [-0.2595691281582979, 0.5240593552626097, -0.34605887147263203, 0.7202771683837563, 0.13939052352669185, -60.439342970294106], [-0.25573321675494326, -0.48087969432873234, 0.6252132028745695, -0.22337524664341968, -0.5124131063593006, 30.04963913991915], [-0.25180533191402704, 0.6492041535282245, -0.4920900265595674, 0.47496970220689394, 0.21766770455781148, -48.72302957142543], [-0.2268534729491741, 0.8351017330182565, -0.36031592127961054, 0.20699392037466954, 0.2801223859693358, -56.66409401450508], [-0.22457365803164486, 0.008793158543614423, -0.24609047138025375, -0.8153274239069112, 0.4734659694236503, 15.002688744704063], [-0.20365916578432472, 0.335036352638423, 0.8987731300519369, 0.029839982319131274, -0.19388146573257922, -61.341083647501286], [-0.19145767029806582, -0.2236949324182256, -0.15935147295539082, -0.9341936369236858, -0.1232635164705553, 59.916063050063286], [-0.18954614688828386, 0.6686067809503243, -0.4892566768762086, 0.4088950946710611, 0.33237017969884597, -56.68086092062853], [-0.17489957531172173, 0.5912521607647552, 0.7616558019938567, 0.1473993733328103, -0.1341077364546028, -79.92187856200627], [-0.17216898385834598, -0.35503359164111825, 0.6410885341240177, 0.13918278270327533, -0.6433837379179579, 10.19260697375042], [-0.17187718198798124, 0.9057385995711154, -0.18998918556924735, 0.031416731370744834, 0.33617394592017036, -66.59096125647743], [-0.16118208931067715, -0.5048309579369702, -0.7824021905652715, -0.26869074728157744, 0.1865961749817448, 42.99146036637037], [-0.15658369293049748, -0.21875275305084044, 0.6713460563179591, 0.33767521329007477, -0.6024107428796002, -9.121255987685004], [-0.1481188007791818, 0.3006831092972133, 0.8974822299584743, 0.07265181061497289, -0.2773046158328916, -58.787119133880864], [-0.1325874838304544, -0.5128720956651014, -0.7466176373192768, -0.31416441219006697, 0.25148677574903733, 40.0125267618744], [-0.10092200881292188, 0.42590360211033673, -0.45698507250731185, 0.23687037168169525, 0.7372095634020674, -70.18727614448994], [-0.08562171560618802, 0.643687756489217, -0.41810272439109136, 0.40126317421688235, 0.4924560598029743, -75.12011784847225], [-0.07362451258927177, 0.3531410081664651, 0.8475972069818515, 0.16448175749279068, -0.3526975838672725, -62.552707058130196], [-0.05475479350409969, 0.7159749674422587, -0.5287479269456358, 0.4424327560724334, 0.09518741875491361, -55.58187629804976], [-0.036701520444770035, -0.015586354974316747, 0.6407865194811563, 0.41876759658034873, -0.6422121148352785, -26.394642914314495], [-0.014065745362256318, -0.3515773753953001, -0.3379075764601058, -0.8329955296513161, 0.26102187890929296, 37.49599135306079], [-0.005190629852350769, -0.3593965491961219, 0.5777990774380558, 0.44415680394858015, -0.5828208450335056, -16.1657235985354], [-0.004884426982481001, 0.38336094876456545, 0.09435193064299872, -0.28385818934697465, 0.8738036203060623, -84.6634215654383], [0.015575297950240333, -0.7384555907259815, 0.4898561753562218, -0.15856540824798585, 0.4351306578394897, -37.74396776970545], [0.025667411585519204, 0.7816409561952186, -0.08995054199378394, 0.06690638934220337, 0.6130342850452477, -95.77813543907051], [0.027526578483067762, 0.4914321400250924, -0.06160770043759854, -0.18562705946126282, 0.8482239240141306, -85.03750871612407], [0.028717121515856175, 0.8620268321359555, -0.4070886412254841, 0.2539668894390864, 