{"omega": {"vertices": [[4.151361489258543, 20.53515636461416, 88.26580932073136, 51.28341331641256, 34.51006999042989], [64.57635444567705, 23.993722631147353, 86.2456330859961, 68.04070682177287, 44.81043432128228], [17.336074764178555, 59.78946850062739, 71.62293857614114, 7.041632743948112, 75.287458549439], [13.097991451022539, 26.717776353440613, 51.42601031991706, 14.04052234111658, 20.36396455095384], [18.2305990979293, 9.137987458430452, 31.855504494852315, 10.059278991035725, 59.07505162346736], [39.28768909763818, 55.40948415360272, 51.83368005599216, 68.68167681702612, 69.5206038800096], [84.45459559769054, 12.142743080735507, 11.926737542861066, 86.38042092133752, 67.31604863391463], [97.27100422889578, 73.48977314567688, 92.24831958779914, 22.217513448650518, 81.38114602856356], [54.81248358933062, 53.06103213117592, 96.59903772549127, 42.22449382862483, 78.58782392083143], [1.9226558337219424, 6.696836494488112, 31.22950025831176, 0.018803225146113434, 41.63517144004201], [12.337845014786918, 27.65260841828583, 87.72396437826754, 99.6262602784778, 59.081280322085796], [95.12229844370007, 54.51474625946445, 8.15800371896811, 83.65066391021742, 47.13714855194039], [49.85756145176619, 38.64338015080758, 2.6048257003087216, 73.58792435834314, 45.09150369246851], [67.83815711314651, 66.95962134437795, 88.41827924618697, 93.33590264602377, 21.59869167399383], [14.36276790915203, 2.9832474725853375, 37.03496812044082, 78.36874230855916, 31.622612671023433], [99.97318729687872, 28.80332362275765, 62.323234116259364, 51.3081642304443, 50.13750167270856]], "constraints": [[-0.8440456019902125, 0.43555554302488, -0.22842347017498965, 0.15242948103271503, -0.14988783235004285, 12.07725519634208], [-0.840378540972609, 0.46500232621278326, -0.2138218359816428, 0.1322760369729855, -0.1196662734006963, 10.15910183067779], [-0.8009094229735781, 0.4945899589178413, -0.27630421405065725, 0.15645245243222733, -0.11447043354320019, 11.619581926441604], [-0.7981461473454218, 0.4297146550132726, -0.3681151937247809, 0.18595610336154964, 0.09066186914045071, 6.374666060747522], [-0.7678964539220261, 0.5196660496893541, -0.32038900584031205, 0.15546634867289613, -0.1160316000976176, 12.829942864741671], [-0.7678554010793143, 0.3002779428853408, -0.41373547456492504, 0.19323258143303493, 0.3342384876239347, -1.533548640083385], [-0.7538941423019483, 0.54414494890014, -0.2925033795481048, 0.1745979966783228, -0.1396682114803768, 10.771189231935352], [-0.6970298741270001, 0.14436348167360255, -0.4075652351448187, 0.1784853745101886, 0.5434538526138906, -9.52872188655325], [-0.6897631477618276, 0.13062478642489314, -0.434735065550211, 0.19875200924365233, 0.5278892182682, -7.95453213771107], [-0.6887243878448939, 0.08736780009298796, -0.4438579852952792, 0.21345285471909675, 0.5248366915493541, -7.255124076323806], [-0.6733352481146173, 0.1850125777534557, -0.4549921558206201, 0.15645022445699772, 0.5299957123680415, -7.804633507795831], [-0.6670223977910743, 0.6439854082363191, -0.23095802134330431, 0.18787827316530886, -0.22742924542229528, 5.401497140681194], [-0.6546752619171989, 0.669344596052055, -0.09650163117818858, 0.16189047378254345, -0.2964068535779342, -0.5827825110940204], [-0.6507806892542835, 0.5390136732944938, -0.15466230692430538, 0.25477451292674497, -0.4439800365726913, 7.54036500720829], [-0.6366500183917926, 0.5932632480973751, -0.21925566625874282, 0.24640708922097476, -0.36595897547917017, 7.756297235074621], [-0.6335242697198313, 0.6761506713809298, -0.19128508564997715, 0.187548457992365, -0.26401299433861075, 2.812754781522079], [-0.6311013196925457, 0.6671913046121568, -0.2080154514576144, 0.19835104305951595, -0.2719436026170541, 3.890594013927071], [-0.6066436363212104, 0.6950182362733516, -0.21563735575784024, 0.17088019943882282, -0.2706171428420108, 3.5774308924404767], [-0.5144250364935373, -0.12901522072114024, -0.4356763594568047, 0.2645353785142946, 0.6774430588438133, -18.245112546507546], [-0.4998818462264199, -0.48572767741359546, 0.3478052261472484, -0.14947196320861253, 0.6089962397969997, -32.00069611081421], [-0.49103898505098365, -0.0654566465580672, -0.4175418714584726, 0.24162090018583998, 0.7224086577234611, -22.25577693701625], [-0.41512401318241027, 0.5307459163779421, 0.7368718069783536, 0.02515070640008977, -0.04866423713057696, -73.82661479179215], [-0.41385829534297264, -0.39716768301695354, -0.7089156126271952, 0.1483142684845184, 0.382649545772714, 9.660086181312998], [-0.3366782854791242, 0.6490793166106757, -0.2672325261805033, 0.6234281681742615, 0.07258008620225742, -56.750096427365385], [-0.31192500432321557, 0.8051159507934504, 0.24657897810438936, 0.27927927562182914, 0.3401367243051855, -87.96522221068543], [-0.30693798015506435, -0.14524637553278708, -0.18490968747024955, 0.12510636934186622, 0.9137009196463957, -42.422094666799296], [-0.2865863670870569, 0.13464251537256997, -0.5035799462173338, 0.02512348935844142, 0.8034399139351948, -27.679905792066858], [-0.28646676472582483, 0.8996022391369356, -0.29010948395397673, 0.05925266816968118, -0.14483857456514043, -17.554744089057834], [-0.28172513908594854, -0.5597922125658209, 0.44170695284219524, -0.17838186142548695, 0.6167159022458452, -38.457536388601575], [-0.2757525066640325, 0.8299793786128108, 0.22436932044610378, 0.26115178314785903, 0.34139850665643273, -88.45551076457642], [-0.24035316299370607, 0.32056017286330657, -0.35368272988956034, 0.6645915796587262, 0.5222050281616938, -71.93574901120536], [-0.21611369590809257, 0.42945244566560964, 0.8020857935614195, -0.23194149018539864, -0.2678189542401649, -57.58125659978055], [-0.2157657859087125, -0.8909937046196134, 0.2516504351779935, 0.01299254549042149, 0.3099654758127407, -14.382944853660373], [-0.2079560755271763, 0.8330472367060119, -0.3079586715948879, -0.1294858590164528, -0.38882057683730725, 6.039700500602407], [-0.19773896565504762, 0.14606631823957253, -0.2888152149488599, 0.8779026232977616, -0.2922955486465029, -46.45638636300724], [-0.1827518294138424, -0.12902302784682787, -0.06461644745523391, 0.12539553718856372, 0.9643938516511742, -57.97931396772661], [-0.18246900168343333, 0.7460838358022455, 0.23886141003206837, 0.38573023335021445, 0.45190860498151664, -104.46195931677714], [-0.17716403150814644, -0.28610279007990563, -0.01820183340066901, 0.05877340142585467, 0.9396661534789701, -49.67800584151034], [-0.16265685639141836, 0.011926067650293144, -0.33157060883467376, 0.9209683221160954, -0.12360743098588249, -53.68600800306168], [-0.14710022655052318, -0.5916174534609079, 0.5486591682925896, -0.3855905229132958, 0.4226622502627246, -30.479928081592156], [-0.1318126280906099, 0.9703723075581517, -0.189282497566559, 0.05897935390393487, 0.04118965559645071, -45.692337682489615], [-0.11554461153895759, 0.383057496161461, 0.6434702305791966, -0.4068769650595045, -0.5102093639293049, -25.709498378502296], [-0.08105500841234291, 0.34077240536145725, -0.5227632845034201, -0.04214614937784138, 0.7760454263915602, -39.65729286099008], [-0.06162131079049722, 0.0379391922490644, -0.13234647546144154, 0.07437594797603808, 0.9857565929495725, -66.45988574839775], [-0.047386482800822555, 0.6499715994624766, -0.5557082326177454, -0.45623922488290647, -0.24150687571798765, 23.156603707350587], [-0.021567634388476607, -0.08689604004519288, -0.19680807938794717, 0.934280152889011, -0.28349795621249696, -56.39563021853417], [-0.0006290671483242163, 0.3503548215459033, -0.4439621219087049, -0.04034760912726878, 0.8237237449789185, -50.870705484864615], [0.008753142575435004, -0.2710761448455628, -0.05223103747396864, -0.11361123767937759, 0.9543613108189551, -51.25473513997456], [0.011634099482197258, 0.8103797366143449, -0.2261995483376584, -0.3068427163966685, -0.4447815665472844, 3.1943604762555893], [0.013275477965582807, -0.7717207536705764, 0.43635585682137945, -0.11181551722567681, 0.4487334357546104, -32.474548705579735], [0.01424664341640892, 0.25349216534732427, 