{"omega": {"vertices": [[13.121391765260682, 81.27977173236204, 85.69241138125709, 1.0627938976362383, 74.40612531898168, 89.2900898791767, 1.4003556274473028], [16.042738858967265, 91.80390724380317, 70.34993159620312, 8.515988186904512, 32.78673253323521, 93.93312803969955, 21.761110269890004], [87.00817135481132, 8.765959884573371, 18.01164597863918, 42.87487822758467, 24.46922276668436, 21.810018348291184, 90.4845779357584], [98.71016480378852, 12.851342445566793, 61.933419100448525, 58.74647293667882, 65.45459882809074, 56.18319000625267, 6.327147616333118], [38.20355597354459, 96.28711469525548, 6.250912936128305, 61.45927420099228, 6.8067762240697665, 70.8817301064325, 14.502621179648212], [48.224740525936284, 56.71313594301114, 43.91194577973514, 53.241865436985044, 38.659862805710745, 15.321341577543556, 65.15451310559682], [66.9888001481237, 94.72153331997714, 85.9964564509236, 83.64486763466074, 53.6384129446385, 0.2546539862292585, 14.37066742913422], [93.88493485603901, 73.5463740316325, 55.80785429307413, 85.9551771005165, 60.87827882428832, 13.41535226560554, 29.22990948444818], [26.2218420353433, 45.697812923813665, 39.60032149617051, 72.99574943850823, 0.6007532458835563, 61.37196744254003, 3.1196591983503663], [7.2464889700386, 32.8781119647521, 81.05697571067843, 93.31486045222614, 24.699335469458283, 55.45556056955249, 56.047951371869665], [36.73625913962716, 73.89990697966608, 46.07424566663336, 7.129960862556839, 33.51484943097742, 61.00650868266669, 70.2422972974321], [48.644074317039475, 23.941104413775594, 95.24737816932593, 94.38926277837962, 61.393400238470086, 97.34873973251963, 34.4861343716251]], "constraints": [[-0.8469311230645677, 0.0682366126445497, -0.27265789774713145, -0.18218055985575987, -0.0361765946894863, -0.41002897277386186, -0.032967368242377865, 68.47444200152725], [-0.785382153391351, 0.23895792227999546, -0.09570039565442788, -0.10323879458718638, -0.09770355914837182, -0.5304323625500164, -0.12390598600193294, 53.99898981598083], [-0.6852420077155675, 0.5427059087630229, -0.14214005915430789, 0.13825483155023183, 0.2707740088180911, -0.22932525289669872, 0.26587000042259706, -23.12938045508798], [-0.6578658319719782, -0.28870429124742475, -0.5942113921638585, -0.08698787093896543, 0.3401991925102642, -0.08142093893473765, 0.029042231141625425, 65.02630119654647], [-0.5083543825418494, -0.09285326555460946, -0.4576898007202598, 0.2546451207606506, 0.5801627074817397, -0.25678226197256293, -0.2368630498821932, 33.259461283179924], [-0.4982876216562473, -0.3957831201506072, -0.5282106301908274, -0.07012122750872353, 0.17433399793714258, 0.5099789863630457, 0.14377344033395847, 25.336635014884415], [-0.4856123227171835, -0.4141868115898512, -0.5704269390207978, -0.057356880643468895, 0.254917900671947, 0.427849209328701, 0.1261553431539141, 31.63232753338395], [-0.476325425828399, -0.23720605425673127, -0.3912134931519407, 0.19321904278406046, 0.5781195722626028, -0.323997198510636, -0.29541387296296623, 45.17656814898565], [-0.46267914966713947, -0.05075403940669221, -0.40043083719443184, 0.3876536290662932, 0.6066767777230732, -0.11496369465911686, -0.302421025599362, 9.646306503741965], [-0.46007833494949824, -0.5739620783391847, -0.3874790282893812, -0.21752976734213667, 0.040429868555284895, 0.49537767810030525, 0.12001101225806848, 38.71497102465124], [-0.45546344103539665, 0.3310310962815443, 0.16332918558995205, -0.14673952939601534, -0.6342358286026908, -0.4753501652073301, 0.08093014874579071, 30.36088656795178], [-0.4504719454219481, -0.1764919098393009, -0.3604638364260274, 0.32456479953786777, 0.6112883159581215, -0.19241438695316368, -0.3463415137484062, 22.982215039918056], [-0.4436249545264977, -0.2956316230264408, -0.5903298770902232, 0.13949599717552275, 0.5813648124856156, -0.039862831073992376, -0.090973928557005, 40.71803137375448], [-0.4377507550174165, -0.317660379626262, -0.5980777838440777, 0.1362609985247654, 0.5700714811368046, 0.02630483970157329, -0.07435473255506829, 38.00772393070697], [-0.4373263534293558, -0.1835431681517549, -0.5139891428672704, 0.2456618694754007, 0.6242626652935958, -0.15202075820556032, -0.19418750401753773, 31.837470985259287], [-0.4298199691222191, -0.16514658586537803, -0.4945704148186038, 0.2882033260242393, 0.6319060609993026, -0.11606940943530511, -0.2180435030932807, 24.78904859510765], [-0.4228601445404584, -0.26910976585326896, -0.5889795435855094, 0.16095157016039646, 0.6107056393551343, -0.007070308928435228, -0.05436500872640641, 32.988911486159104], [-0.42245195000802394, -0.10926783149077571, -0.5714257454054827, 0.14599358790092304, 0.6224664962083899, 0.15435992796396653, 0.22463716177946802, 2.8234070151006705], [-0.41554213145964747, -0.1691123672292611, -0.5250715943262104, 0.2565563660038543, 0.6546857318872186, -0.09838774681277178, -0.1375166894130285, 24.18488464725267], [-0.41300552679090424, 0.4707565149160139, 0.307658107288095, 0.5204015367391782, -0.09628723283919145, 0.2689891654794324, -0.4008953301431124, -76.05313024508101], [-0.3974137375614389, -0.2726287600685792, -0.1262986576102403, 0.14792272943301601, 0.7857660449250299, -0.33340095382002993, -0.03631696874224148, 9.39390087401668], [-0.35775710087123036, -0.4526400333761571, -0.5468530226636488, -0.14630653694870646, 0.1422014884959926, 0.564426066880275, 0.08874107001123514, 27.39881247266431], [-0.3465089742783574, -0.258345674966842, -0.610064318890096, 0.35142202908778625, 0.5384966178799909, -0.12966343157679597, -0.10354667692888318, 27.355591343863143], [-0.3328720137524764, -0.2251987544133132, -0.604181948040469, 0.34488150723233124, 0.5901436540003077, -0.06399793008736815, -0.046231976920096694, 18.170947602427223], [-0.3235277803485169, 0.4760765680497989, -0.21239311858442367, 0.33466637873568095, 0.5824271545836772, 0.10834853256773423, 0.4007588550644835, -70.1772659004154], [-0.3221752654265588, -0.47634662525509164, -0.2827646008068806, 0.27524701101494803, 0.24262983965579607, -0.6071442619745631, -0.2934056244744468, 59.35293790579639], [-0.3100177298187942, -0.01920431895810145, -0.36018517397509414, 0.41063264539488364, 0.5752234486129641, -0.021226953771553935, -0.5232925309186788, -4.114490772990115], [-0.3084145322202227, 0.4197417957190869, -0.25280807440791364, 0.3339490766222478, 0.6134910069335916, 0.1384312459959258, 0.39715106385710697, -67.32505483555762], [-0.2959437909584225, -0.15110662119100213, -0.5167642384650182, -0.12987523392146516, 0.3882812013244826, -0.4832043874246617, -0.4705554544944572, 75.49971885218089], [-0.2863724353498161, 0.43739985463247844, -0.11773489917395843, 0.30486955395438536, 0.6290846563091543, 0.09594447895275336, 0.46358644952406874, -78.05301032896051], [-0.28067508215349773, 0.5075862335056756, -0.16804684417261848, 0.3503769126844897, 0.5562363345562918, 0.16271882882817568, 0.42035427189351393, -80.05089936189586], [-0.2634997159546273, -0.27218352245948435, -0.6260303321545103, 0.47797789548856123, 0.47666736288199923, -0.05487700471211365, -0.07670673997221437, 12.569136509870374], [-0.257481909329764, 0.5878619329800352, -0.07078504833250004, 0.3547313979881031, 0.46145778984202107, 0.21869004728958044, 0.44329211333549107, -93.1969343257963], [-0.24965971326469985, -0.47017505785212993, 0.32840197069584764, -0.3899643553541201, -0.18998090001139403, -0.580436125750286, -0.2892862791380233, 80.132539408861], [-0.23926544210487305, 0.07785941517919247, -0.140554578523709, -0.5455936776933282, -0.2962733572194611, -0.6250802480200448, -0.37517821143626373, 87.81882149741553], [-0.23542443045366584, -0.07356322865643383, -0.5915212624837702, 0.17255011592522115, 0.7392615052848229, 0.08066149352545174, 0.08049219046136577, -2.7467771328114696], [-0.19120183914032282, -0.29025378862803053, 0.4349752105794611, -0.4809494602170161, -0.4559077230094734, -0.4805529855735449, -0.1410523092736045, 66.36614122826282], [-0.1613554302606694, -0.4223856611367803, 0.22916435094379814, 0.13338647263037975, 