{"omega": {"vertices": [[74.44569908506826, 63.31639339473271, 76.2673227822864, 2.345050008415406, 21.313657545267862], [51.99920780022983, 0.8548200845936771, 75.06358680191083, 0.9621627821944645, 51.96754136161369], [19.22313172137684, 8.111346050471301, 63.01857221234931, 86.39598356611897, 48.95164547381082], [71.6650853255707, 19.299146113773002, 1.4609393714129282, 62.23186959392473, 80.23281746196032], [56.007600461791284, 14.616368162369453, 74.36563784598896, 28.971713599793535, 86.70411953398357], [63.90101609107993, 59.59934827495657, 25.48331627521192, 70.75896973953574, 2.3926476585343304], [77.39289552969268, 78.40372920763096, 66.02626847501242, 41.30278474928497, 75.56182351230792], [84.14132551520947, 4.791720907193364, 72.27525528486537, 26.12361834481196, 80.83352787295978], [0.09174738583448416, 74.63044485476075, 26.48355808489965, 2.036381226289452, 27.759540513845348], [69.8644650822688, 98.23577418289601, 30.488213108610495, 51.781103871114574, 6.6147209317812266], [67.33975062105299, 26.063555307786746, 85.20331275286713, 8.081439226099018, 81.69159087628717], [49.64047500086514, 2.6732187123254536, 72.04596835152756, 32.22816150737087, 62.93487223084924], [89.29116831047364, 73.21454568558553, 34.35832841157915, 30.39699709344307, 3.0495955409410858], [32.559640153545864, 41.582123525595016, 47.0695596781441, 35.37695424570161, 62.61828380283214], [36.826443859362, 48.172755645141955, 43.77296266494402, 20.229093327748217, 10.289772215254334], [33.9273625587566, 60.182755182155844, 18.650477051736093, 85.29057630317396, 18.82385065377441], [78.05830045829843, 4.097646781505826, 52.213429175449846, 43.04330544708902, 30.295587860306128]], "constraints": [[-0.7412147337892276, -0.0462763477160212, 0.5841379246191422, -0.18862558386493122, 0.26769850987460786, -18.995495758356135], [-0.6739587548300551, -0.26998955203290903, -0.26458441518671966, -0.10280659312109636, 0.6263474516848659, 10.040647011606922], [-0.6322441783523888, -0.4996272987021519, -0.3118307522779537, -0.22824432473860748, 0.4486713401694899, 33.61368436797662], [-0.6227173985276114, 0.34135034810911996, 0.379492312754698, 0.09915027849472764, 0.5846860595664095, -51.90082646901683], [-0.6039683174962952, 0.34323311787288424, 0.5696640916716276, 0.051325947589173096, 0.43619005951530604, -52.85991464709376], [-0.5737227243237699, -0.587865649178506, -0.29000680090791825, -0.19515220679883424, 0.45063054237273503, 28.874204039565605], [-0.5413599986909069, 0.3680713171676094, -0.19621923360454746, 0.33504396458486907, 0.6486111404029222, -40.91049877248922], [-0.5368814997164978, 0.1343515243589417, 0.8211425719522569, -0.10485495899920673, -0.09185987843177354, -28.960720869089585], [-0.5307357004318816, 0.4264697114067983, -0.11499218220215837, 0.3470064852292295, 0.6346703859334578, -47.05832431280609], [-0.523780629440375, -0.04208956500734772, 0.715635316047278, -0.11222842574890428, -0.4462658351480339, -3.146676606412022], [-0.4996417573016247, 0.3985696702182742, -0.15673893338747466, 0.3573957515684085, 0.6627228046959375, -47.06972267607819], [-0.4992942000070646, 0.41930902253232344, -0.18539123645534525, 0.32881940526597414, 0.6575660678809255, -45.260923932086556], [-0.48251905481748214, 0.6000618675103889, 0.532942399441269, 0.35079664168169183, 0.003902814448270576, -59.67552127345342], [-0.4749682944982412, 0.3652085551701052, 0.7983190635599391, 0.037971576645070344, 0.04767245091104587, -49.75511906607936], [-0.4620660622835649, 0.2690174576867347, 0.5594366617995157, 0.2235033561603937, -0.5926225044369992, -18.854582132312615], [-0.4529187076420363, 0.23851483548331293, -0.03263640135665412, 0.2668444890693506, 0.8159069809004212, -54.16574233804202], [-0.43633706161663577, 0.19864824986018664, 0.23771380706759448, 0.14484474267879743, -0.8322625715091293, 1.7275855682503156], [-0.43100541911858836, 0.2980878121329843, 0.6420226745322408, 0.18722566958395243, -0.5273816634881134, -24.951317382342353], [-0.4122076196927692, 0.5059483587817722, 0.7108325967680126, 0.2203427287989824, -0.1423630491058497, -53.043477449984856], [-0.38244223555911655, -0.3271965682700577, 0.843959075553618, 0.006601297740784136, 0.18539105650398174, -52.824876768433406], [-0.37321529705430434, 0.18398436777375773, 0.5483024892103063, 0.25042810238154917, -0.6808158637421106, -17.18015949269362], [-0.3713834763178797, -0.6903619135213792, -0.47037218058559055, -0.16325067139393878, -0.3709096546299804, 74.64194133312117], [-0.3674831533210284, 0.27327749570392657, -0.20124368597410344, -0.14035010769084671, 0.8544462349930205, -38.46468516059115], [-0.3592808368614102, -0.6932266771395124, -0.5217345331132078, -0.16319127946350223, -0.3025156816273881, 74.31618116827616], [-0.3362461221942372, -0.6438239292312107, -0.5627544611507886, -0.09123959836900819, -0.3839427634465462, 73.82732971090186], [-0.33589478824946084, -0.6270025534290549, -0.5752128714839422, -0.06913173119983357, -0.3979867402826465, 73.24668804975107], [-0.32495528445098154, -0.6314506578928515, -0.5718674895719134, -0.06555991925988831, -0.40539314388803016, 72.91562088810176], [-0.283911765730727, 0.1533295247553029, 0.6165888974903166, 0.2345514252026852, -0.6787399550233055, -21.681450956990307], [-0.27496497523601726, -0.5978146351926483, -0.3391047356022045, 0.05505336184833283, -0.6700664369928497, 59.54913090797347], [-0.24431606184365326, -0.2278662736262208, -0.39772616509948233, -0.6078440836119069, 0.6006047709452272, 12.126670531925122], [-0.23693680141745455, 0.2554004409012507, -0.2568418404672295, -0.32370442697965984, 0.841355620329887, -34.93328419890875], [-0.21841792627781323, -0.8156760132308075, -0.2108711504272201, -0.15351889634800595, 0.4679012260103478, 3.715594131145835], [-0.18802209911984571, -0.8387569134490082, -0.09707031547101282, 0.0898668244274263, 0.4935948116681821, -15.391357074558258], [-0.1879474055889844, 0.6634714020305174, -0.4905959858311675, 0.19842611633198556, 0.4943926844763984, -50.63337988440916], [-0.1843654917331969, 0.08556754336610575, -0.25331857745044717, -0.15799173583831178, -0.932499796624935, 26.547245773588624], [-0.17131492131591447, -0.552305184511137, -0.6524646429717077, -0.09458321368524047, -0.480576826592185, 68.33365121854862], [-0.166862480467012, -0.4801734900786678, -0.7118464377041841, -0.13252061245752486, -0.4661579865665861, 67.91329085013099], [-0.16282077569671308, 0.27950269230846403, 0.1947980785905949, -0.2932753255967429, -0.8783000238912542, -1.0249926500353954], [-0.12787690364448875, -0.32915698839093105, 0.5709403983594229, 0.0332559610034946, -0.740421688692753, 2.519930623363412], [-0.09854171770042856, 0.08108553532660044, 0.404996951330599, 0.03969457195220354, -0.9044979138748189, -9.500996772635899], [-0.08899440222486338, -0.9657785181046984, -0.24106689945775292, 0.015024929864361977, 0.03182533281096242, 21.880210693886085], [-0.08518210762582555, -0.36721883238959985, -0.36362839236882144, -0.584722704866721, 0.6194901842284938, 0.40777619539974097], [-0.08056223195904648, -0.5407163560144806, 0.8079906511866465, 0.02685002782442551, 0.21809569624594802, -67.35902015172783], [-0.0585587373831383, -0.23556774494731378, 0.5319027014291665, 0.15264706073131343, -0.7967792058525222, -4.667734724768925], [-0.0160341926910773, -0.37875451516847153, 0.8901188682503439, 0.2126990171743931, 0.13687750137263419, -77.79030355041525], [0.013950669263316786, -0.9752315126389228, -0.20007671944025823, 0.005809475395419043, 0.09308293031892804, 10.283819238483673], [0.023034005307455835, 0.09409831381081318, -0.9542747869764262, -0.11074457802724734, -0.2602118585232447, 25.696759228756342], [0.025131495038585243, -0.35792038312941726, -0.7653281761157136, -0.28061321544679413, -0.45474213952263426, 60.17293320194957], [0.02579452324133295, -0.9762208266408307, -0.14642299249708926, 0.11575776895606218, 0.10718202460281255, 1.4022385809280777], [0.0561865529629497, 0.06855788766897895, -0.9439866018631832, 