{"omega": {"vertices": [[96.52522468008404, 1.0276171271415113, 2.858941338062526, 60.40872155392783, 91.68202138709259], [15.620212498877562, 34.19872670035704, 11.557584697109402, 92.54332552382562, 35.47438512012297], [95.13167792268115, 31.562491736410202, 46.69688708116485, 95.72576632643737, 35.893809116083254], [39.10183918053406, 77.26449174438667, 60.98683587121153, 39.849589746022474, 79.56368683277807], [19.130015539848433, 68.57703090239877, 13.595933901963352, 11.272362948203419, 27.748846373269576], [70.70648118517447, 52.760440441399815, 95.16209924911799, 91.16719869355977, 37.440106219277794], [77.36061054531915, 0.6358826896665004, 99.46906038355765, 59.83009901974435, 19.952092771365994], [29.691252376671073, 25.276016257999057, 70.36466825517024, 91.30405167095998, 82.16432387645166], [37.624001951965354, 87.6780554290109, 85.36062827477527, 23.838763070742285, 93.7074480242832], [20.47258530572309, 93.70204885965077, 30.302958619283526, 59.12733679093194, 13.644366929992358], [86.80036768100496, 56.58832792571625, 77.93150588534421, 15.26694233016097, 52.001092049096464], [98.61229089445635, 2.7505218229109007, 88.57569749765769, 52.97486907954807, 50.22229638774043], [77.66090658424977, 59.30755586722371, 82.61675211351545, 36.48774183557803, 57.80512239913934], [75.2901532483248, 29.154128371709685, 36.98518029043737, 31.916946566564196, 84.52575660199298]], "constraints": [[-0.9798997279594367, 0.03462975560076836, 0.17841396654563813, -0.03045810793059483, 0.07640722069800128, 12.168109325391146], [-0.8257222991114321, -0.22465150084038243, 0.4058517617714522, -0.09126213472016952, -0.3076848357550634, 35.250718746707726], [-0.8033339106993853, -0.13759616569422392, 0.4999091359087333, -0.1533176633652481, -0.24961264599752117, 26.66171044786217], [-0.7092833680380505, 0.029734725671875326, 0.6478694905054435, 0.04138271907864358, -0.2731035403426558, -6.618227875099871], [-0.6969335675072935, -0.08580696708794001, 0.4929972132665252, 0.2965659179341471, -0.4194319621965439, -4.443222933277893], [-0.6074958261479967, -0.3174946008975855, -0.2564756536068478, -0.31908483487347006, 0.6021221693928537, 23.769912179143475], [-0.6047519779866416, -0.10482024929271093, -0.40166203404762924, -0.1436799061421962, 0.6643127692850328, 7.403845749128621], [-0.5810450626744754, 0.43236388202104103, -0.4522960288411982, 0.09786460935204888, 0.5111740693698803, -27.67309942522194], [-0.517272190049821, 0.08743600021628813, -0.505740910120011, -0.06286312556167811, 0.6819521878715831, -7.439426797093489], [-0.5162011230602184, -0.6018391708447858, 0.19697710283180436, -0.5381275222656906, 0.2072312807671841, 48.784731022476464], [-0.5133486947980771, -0.7749517205622557, -0.05646221309781882, -0.3578826035120199, 0.06822762594627772, 65.87285780378888], [-0.49500850533261936, -0.7515210494827752, -0.011367015476158857, -0.4178195264637354, 0.12441995859772147, 62.41845085687901], [-0.4693323919993821, 0.13502857005789487, -0.45264131969050453, 0.09569271962541293, 0.7399007569990648, -27.15853998578883], [-0.4118886646652864, -0.623130018071424, 0.28762958238763103, -0.5058267778744512, 0.3216600730883795, 27.495826456456154], [-0.3819594424329148, -0.7753326355651685, 0.12330125364658402, -0.4022536652862496, 0.2755994887093677, 36.34506648617002], [-0.35756294191182697, 0.5655553713618788, -0.2068215304896196, 0.5189524798957862, 0.49011125536048633, -76.77769079167484], [-0.31743146610540107, -0.5216394007085511, 0.23553283012125767, -0.7455323850776417, 0.12583858188215946, 43.55469754941808], [-0.30919361483011126, 0.2137139361045048, 0.5952935709616785, -0.46863031475257416, -0.5336073973715176, 3.2550001026756075], [-0.2829268390648232, -0.529893183539995, 0.26663067238382654, -0.7354114895670735, 0.16505648527556702, 36.4093603953639], [-0.17937400648936455, 0.4892445352232818, -0.6632996740954902, 0.13310638981626396, 0.5203661997910756, -37.04131682563282], [-0.1548184075662733, 0.3793651930785202, 0.6890843981750279, -0.27221641544923425, -0.5321411714111868, -29.902897727212064], [-0.14810892227818878, -0.5730708239307946, 0.09920056246461231, -0.7998817262344704, -0.0014319021411084557, 49.840388062716336], [-0.1342495470318965, -0.41315583831781505, 0.20025994850473194, 0.8360998931325319, -0.2685372117869044, -53.9373833750651], [-0.05889166410205557, -0.6776806375715535, -0.10038199986623636, -0.7177113593494864, -0.1099753796241264, 60.10670435793757], [-0.04720265246625887, -0.032539266571155384, 0.0668719501050682, 0.5255262118606491, -0.8462053229965539, -17.538091057514755], [-0.030448339948851433, -0.13937445253794403, 0.9015561320520593, 0.13392438697702833, 0.3858865894356328, -102.94476773360768], [-0.02872365952351735, -0.7705222302851917, -0.04934135559566029, 0.6320404462284847, -0.05967201169050457, -29.004481104002586], [0.0023238075458613897, -0.45562717681794584, 0.37015554185127075, -0.20487830642330257, 0.7832038240824094, -60.24362191991039], [0.020079827070943402, 0.6507023469382613, -0.06705600973000254, 0.654188117371225, 0.37911034657896353, -103.20435540662399], [0.05969185829524752, 0.5747806410940193, -0.16226992436476723, 0.734873555926335, 0.3157426564841132, -97.92213647372591], [0.10575373136567183, 0.5840220103796443, -0.2580344829883382, 0.635144147814268, 0.42159762425870495, -92.3767175989458], [0.11271894698457287, 0.616975430923789, -0.16394779716768612, 0.6541819711423732, 0.3896188202118015, -99.14754679413419], [0.12210813844617949, 0.5561751638298266, -0.2957448942102686, 0.6150167498613586, 0.45831009655319904, -90.68370498673524], [0.1382480896915543, 0.5818955610215522, -0.3278010238147996, 0.5905830251872081, 0.431327255001053, -88.22655000699258], [0.15811520368059365, -0.2335707547009321, -0.36318978647306727, -0.016685936287482765, -0.8878395369915328, 42.75535973633831], [0.1614507242776023, -0.5413437032281518, -0.15152801098967286, -0.7894872035680491, -0.1860910419479761, 50.15855185849448], [0.16378513146276447, -0.706816172063086, 0.13138936969042642, 0.6625498584000609, 0.13171882283190478, -67.5587325535787], [0.20313711761671227, 0.5789066746194473, -0.1080710313770569, 0.6174909340419884, 0.4802374122040879, -108.89727409697669], [0.20981311784056644, -0.4443015381302107, -0.4884134983198634, -0.12359662038803948, -0.7104581119846244, 54.203208713858025], [0.24000442781384287, 0.5352119760810023, -0.14533917161708265, 0.5837419813914618, 0.542280222434904, -108.28141191073158], [0.2481360191185443, -0.4442267600833157, 0.3848050314283802, 0.752054314353845, 0.16562154959742775, -105.48965335584006], [0.2865585226162303, 0.7278471728072993, -0.13508884633746682, 0.5199644922575798, 0.31545306550888746, -105.02204645563401], [0.29467074359650064, 0.15900827086622604, 0.9299177768095, -0.12359369796595274, 0.088673834140607, -109.76967211228076], [0.29697472660846225, 0.16004667235302084, 0.9289726186001125, -0.12247727470066193, 0.09055531733533079, -110.06964603655054], [0.3409723428453873, 0.05701229978177406, -0.7672512443684665, 0.07051001474547874, -0.5355756948590489, 14.065749943597119], [0.3504244722237231, 0.44679770977252625, 0.014711681260839464, 0.5608044048509669, 0.6023756981676658, -123.43049650876465], [0.40703064665295197, 0.701713931268627, -0.5085084171988495, -0.12570998451809773, 0.25988420648278876, -54.788752064919265], [0.4653044086770803, 0.5826901996118845, -0.46092287518923164, -0.39327561412767853, 0.277215318843898, -45.85302728287743], [0.46584231025539713, -0.320054217373512, -0.3127112589554356, -0.5400635433445852, -0.5395361689358195, 38.347697468415014], [0.47434777134733114, 0.11837352136836085, 0.3591737064910092, 0.36585752934630006, 0.7057792983949059, -133.7432827694863], [0.4801659064015699, -0.07875592397212752, 0.3138066077322178, 0.5886534741145668, 0.5641371350348283, -134.44538243484834], [0.494210737647308, 0.11200532532387351, -0.17975200959718568, -0.24747503402034496, -0.8060123302255364, 10.46418542459272], 