{"omega": {"vertices": [[75.78601149233842, 81.24751847385284, 2.139864834590066, 69.80892819089239, 37.65677115267002, 77.64081654258696, 56.28203263534034], [9.769220484063146, 69.66813744898721, 99.67170531300559, 59.939380928726194, 99.27247267039199, 25.571148221475536, 32.45927964119774], [1.8332257783756023, 19.563743291156797, 44.01239224734551, 57.03542711019365, 45.94913419178981, 98.80392178490422, 38.55868849835022], [58.27697809617033, 78.5885107016852, 26.563852418074873, 25.40217402721332, 4.857348288323015, 39.85434843923249, 35.455597707865124], [96.449236855316, 32.34014154542007, 12.911542378842588, 10.791881983277085, 17.134823174408474, 51.118679591113406, 9.642943589630736], [67.24589717097538, 59.163515666121846, 43.24856349976551, 8.125206888522696, 79.06108579281053, 68.10995103576761, 37.02720925797326], [69.77988015337311, 80.34896904439127, 31.507934264679825, 8.824707362842076, 49.26785649343681, 94.92014793385307, 72.0267639433525], [23.53602446263865, 26.61415477368938, 70.99797050216611, 4.306514989405342, 22.96215138303237, 52.89467035272658, 5.482985638335258], [66.30405231232558, 41.84803614723105, 35.598811143778775, 98.97682104042997, 90.81365978195703, 52.129462822266134, 50.204114018309006], [38.254078689848846, 60.81984290055888, 84.18721860682733, 35.22618189300968, 40.68683689758794, 6.299194884025383, 9.06640026539125], [73.50850154909232, 76.63987395140748, 76.90644222736016, 68.4759096376538, 57.47694299944261, 27.614005862228975, 19.02529011841212]], "constraints": [[-0.46456333305548286, -0.017689213209468986, -0.6247365376268359, -0.21486835493623063, 0.27684153368030245, -0.3743135556987597, 0.3614581264367023, 51.27464184251386], [-0.428110052415957, 0.09174344747975217, -0.7168975297260732, -0.08856909529229506, 0.32525246396402757, -0.26766566812752557, -0.3302791166390469, 59.830406788425606], [-0.4012072020368576, -0.31455249485227393, -0.5436926585719165, -0.21063484797997492, 0.18369174986083084, -0.5646695981352827, 0.21800538714037543, 81.77728284650837], [-0.3968249256835665, 0.14682238648887896, -0.6270624231282427, 0.10246416457039548, 0.2071360249332949, -0.21659160017517828, -0.5722322287059329, 53.556406917881574], [-0.3523445387226726, -0.33622983377199517, -0.4843791396589918, -0.27929595202363494, 0.19473391165315654, -0.5351938815669772, 0.3547106679336314, 74.7265114748846], [-0.32475992284921634, 0.3492307146001674, -0.4511751740489415, -0.024775617475051664, 0.21306570515101209, 0.0749024763274695, -0.719297334848378, 25.57780365154529], [-0.3146939267411791, -0.2386065601396016, -0.671754826123053, -0.25253352337344204, 0.19844051970968757, -0.3650241365451569, 0.395456261753886, 60.91320813146963], [-0.31328289402964626, 0.3374828140666672, -0.4288690541519976, 0.039815331912794225, 0.17390088180222293, 0.06198767600064575, -0.7538973826628832, 25.530633603210166], [-0.2955791587915473, 0.07006476700203097, 0.1627175018398233, 0.6335643213580552, -0.5293170603296096, -0.2514775289903001, 0.3693584392796511, -9.199414233167683], [-0.2868445803388834, 0.5996867658627948, -0.11725956206943663, -0.07484531821054163, 0.06633876025326767, 0.38707040001761267, -0.6200967806260108, -19.158722054088596], [-0.2859098123697877, 0.4627211814072638, -0.23333054119255117, 0.10353722138931844, 0.047082969769697475, 0.21075283492298294, -0.769641492079982, 2.5254627231483013], [-0.2522113001077601, 0.2188785962110248, -0.43100757187126754, 0.21089211527103044, 0.18384827482248434, 0.0028850255223852234, -0.7902088947849931, 24.858325770704255], [-0.24943233065734424, 0.43043567731694343, -0.35474490180497076, -0.19588693886165615, 0.03340370858923823, 0.4129654519598938, -0.6454740348630507, 1.373154213681154], [-0.24301583870619775, -0.38931889401384373, -0.3369426951187442, -0.294900527987292, 0.13804126520812085, -0.5623893937616864, 0.503527733679882, 65.09010293113516], [-0.24139442140314699, 0.3436588746680147, -0.3371455783408106, 0.0916795060854976, 0.1588728805093351, 0.1395414234414675, -0.8104582884572831, 13.491777616001274], [-0.2385422886162385, -0.39492879994798324, -0.2550343428084836, -0.28755424030486276, 0.0887245519745127, -0.4888681135043294, 0.6265259642344851, 55.85628899254314], [-0.23489486933632214, 0.4207830975555668, -0.33122447300360597, -0.0017853359661725767, 0.17355201092200784, 0.14587865263245445, -0.7788788509396393, 10.422909609947368], [-0.2325657420510489, 0.3124489397854356, -0.2961083828323842, 0.21782245287348792, -0.04444202866028256, 0.1357186413405822, -0.832326496498216, 15.648473145351538], [-0.22487225121902618, 0.6291641449056209, 0.07110227467806564, 0.016530020625133805, -0.06574352307742347, 0.46087420733543966, -0.5757854883000284, -36.28253008535569], [-0.21958231568044823, 0.4450553979725524, -0.29495320722161983, -0.0012281923478270555, 0.1595281503517373, 0.1736155689707184, -0.7817408777372904, 5.709516022000294], [-0.21779496962887648, 0.4229551704801836, -0.30938091764016556, 0.007707404404881437, 0.17003955948425226, 0.16325129480573283, -0.7888814116459821, 7.587486496501626], [-0.21317352755984448, 0.4360499378814252, -0.30224525690076365, -0.0004478836193453574, 0.16065001793573847, 0.16751348281710515, -0.7868900226297718, 6.637951683234984], [-0.20385702178895498, -0.4329167669593568, -0.27988776552677336, -0.29035386766086146, 0.07412686137457546, -0.4740500815812565, 0.6149508812670837, 57.44241802901003], [-0.2017955435755355, 0.36194620064753896, -0.2958396923606811, 0.05183810071348152, 0.194871831462025, 0.21227722805953145, -0.8093383358758066, 4.631928816353394], [-0.1948774322758618, 0.6128792671052048, -0.027975278840401883, -0.047241731542297404, 0.03786617600627986, 0.40726567007517617, -0.6450490055877307, -28.40986620885078], [-0.17863556311709003, 0.5734600929923955, 0.005778100990168321, -0.014150689666312064, 0.04818374284375535, 0.4658607834496569, -0.6478049754634082, -33.60312756581693], [-0.14958600912708547, -0.008625320168000912, -0.25382855227160545, 0.2224145400123577, 0.24420542977214174, 0.04618725445832912, -0.8954791531708755, 17.673053782576744], [-0.14863604280547976, -0.4119346235766329, -0.166772485886957, -0.28757531503569644, 0.062219685933900315, -0.5132639118880872, 0.6560437761664495, 49.66369777938129], [-0.145989492006271, 0.33879195515945276, 0.6400180033511591, 0.15079797064317826, -0.5419587929184291, 0.2949971448540353, 0.22539156613690706, -56.06509792509614], [-0.14481446270537818, 0.2503174338928585, -0.34492607090421235, 0.12802022834373084, 0.3039349621315834, 0.1871313200794301, -0.8084628552168932, 1.9660754383752455], [-0.1422183729445441, -0.11062101601549867, -0.2627386601370214, 0.6369091928855547, -0.4368239371655995, -0.17909626525884537, -0.5195780763171758, 35.46359295612854], [-0.1373925582321218, 0.6873361223208763, 0.09814453703386693, -0.19596223109848332, 0.019523405971469166, 0.3203539180545407, -0.5980392943068414, -35.297617422439906], [-0.13660557123315473, -0.42002783934787336, 0.0013925036796736177, -0.1663216590984958, -0.09229106156657782, -0.43816723989281947, 0.7594356645356267, 36.14317797333455], [-0.10366437078526158, -0.4313976039318011, -0.14663324812755585, -0.2874851514097286, 0.047093402739616694, -0.5131613218938373, 0.6583680224195724, 48.022162610549174], [-0.05994574549088032, 0.36211763155062465, -0.5893099080033679, -0.05292854209603776, 0.3993947722879991, -0.4430768409300565, -0.39919476346617744, 21.906241227372206], [-0.052145512448697126, 0.36844841963520153, -0.5824773655761798, -0.04778401451570508, 0.4008892283230944, -0.4345512988054693, -0.4128152243667559, 20.475357964818645], [-0.043493039467547207, 0.3729587325475593, -0.5821899307035026, -0.055066153948123635, 0.4026994678187104, -0.45591388911229147, -0.3834167536040094, 19.896748582870416], [-0.04186682264256829, 0.3690268202485116, -0.5835512314443206, -0.05410350926699695, 0.40101214108295863, -0.4529023376675795, -0.3907376113240246, 20.270426735841557], 