{"omega": {"vertices": [[83.80224248142292, 24.255167583074964, 78.19027321348221, 17.955923304923694, 47.24393118187686], [46.24999656767786, 93.3615817195418, 99.56804818369517, 7.156082722586565, 18.115896847542036], [32.279306133882, 97.99918135137239, 83.66664575451996, 39.30021371584274, 16.993604615384108], [90.21446920658494, 33.71958466445463, 73.81983704154536, 76.57400734603387, 58.46935040159148], [12.274915929588627, 6.957172685233937, 93.15325399588444, 12.739764725954617, 63.85971390539604], [63.96102249045853, 78.50827908624385, 66.80990614555877, 38.59923315597995, 73.54263390413439], [94.92315007835795, 57.50402301261306, 1.90437772935379, 78.82514523105615, 76.04510224393715], [29.229785099519834, 4.695005472644032, 84.78721915084037, 12.10091137112853, 56.48510950261778], [60.39329352091644, 90.95044099469288, 53.20362214544949, 90.08062561563592, 72.22489705881291], [9.632951175210957, 9.173261148201483, 15.444584624941825, 31.22913409612166, 9.886386199588538], [62.18187922699453, 27.211708176679995, 93.31521614180748, 62.22781012933309, 83.17150616258888], [53.589791536867395, 22.663065000231963, 69.50432441692604, 8.13640818467306, 65.6137330344649]], "constraints": [[-0.7009681265764246, 0.4094913700989952, -0.319743876383802, -0.22089665376870335, 0.43580847307875387, 10.524172167971301], [-0.5903737877477772, 0.4226419213358515, -0.33709614235665747, -0.471405236002044, 0.3701025416664953, 18.078947721633575], [-0.5705708736067175, 0.23591790411154745, -0.44835076728754314, -0.1993175064589281, 0.6148542443562932, 10.402562811277413], [-0.5668146857343049, -0.291640753452627, -0.2555259229532679, 0.47817149667383857, 0.5474717393885159, -8.263512112657441], [-0.5638576621756856, -0.15625032939861203, 0.327905451491072, 0.7122569791878747, -0.20692602989763131, -18.396843156601758], [-0.4607333432033717, 0.44308371365667776, 0.5203345016521256, 0.01299725616394056, 0.56611366957131, -82.2154378137363], [-0.4397456629257553, 0.5589981481290088, -0.5727059981761775, -0.3101689345951178, 0.2644766416746182, 15.025007790926566], [-0.43946378237169303, 0.35548849987479186, -0.3813335475882111, -0.631770691514868, 0.3687140209796075, 22.946284995091325], [-0.4367523223306696, 0.42074234050586756, 0.5767798167165712, 0.05381719931172253, 0.5446577309935593, -86.7623011815777], [-0.4288446022389485, 0.19273257183003265, -0.49684991731423434, -0.40855228526849924, 0.6042943428107074, 16.821140346487915], [-0.4243329987025572, 0.42631524842754037, 0.5635799167067695, 0.03098236741484875, 0.5653446608613387, -86.75405641646628], [-0.4074822147827792, -0.19241098872825382, 0.3306322163596506, 0.7594257266597586, -0.3330032420934363, -19.84019391499288], [-0.3253088265417913, -0.29424047539193504, 0.46439352828190494, 0.6230906980995289, -0.4513239887784117, -16.336156093535866], [-0.3230501907451131, 0.06496540609542263, -0.17744746492063387, -0.06130311658884213, 0.9252958420743811, -38.26489331607364], [-0.31800451197732904, -0.4263954505064858, -0.11156878011909332, 0.8335604084010577, 0.09894191729712412, -18.311655553575406], [-0.26052384673673135, 0.5591652240187568, -0.6001496293556171, -0.4854238080697227, 0.15377166992965288, 20.288425689065924], [-0.16558363270482354, -0.04994378325305817, -0.14303443710099834, -0.9671559661482811, -0.11932378657095638, 35.64543827940291], [-0.16058443753068163, 0.0004454270052025632, -0.16924565530986596, -0.20833561521576274, 0.9498234676028705, -40.267463105389304], [-0.07664298105043962, -0.36571362580384176, 0.5436976836600755, 0.26384616075925754, -0.7036742354189032, -5.586992081383379], [-0.06650439462031606, -0.639439865824839, -0.46340450264112715, -0.1753029895962856, 0.5841394972612547, 13.363004425911761], [-0.06439150851503835, -0.8255422592739367, 0.22484951163304662, 0.47668359091476964, -0.19117835404413072, -8.275865060489995], [-0.06322452178242581, -0.37463915156791505, 0.5383358189093735, 0.3406747332782653, -0.6706589581469953, -8.277255066956435], [-0.05414229551783523, -0.2759983687299646, 0.733100123133097, 0.36138923763757597, -0.5028474328028608, -38.19822220195921], [-0.04633749282775533, -0.8188280693110215, -0.2854963035286475, 0.20696016818719953, 0.4505915879399293, 1.4491530396814092], [-0.02849161259996984, -0.3583086646000592, 0.5909868417571752, 0.30887580257577496, -0.6527889554343164, -14.457889094548499], [-0.018678372458372627, 0.3474700103933814, -0.5649546797944215, -0.7267997605372869, 0.17749374113149685, 26.66054057477126], [-0.008081855150513509, -0.37516094823360635, 0.5303081709348609, 0.2883930646905728, -0.7034142667133562, -6.723128547062558], [0.04811143210512916, 0.8347067720262388, -0.4343420132442718, -0.3099327351017812, 0.1274308050573806, -36.998730603994986], [0.0558173870704979, -0.3961266853104014, 0.5101320561692597, 0.23460203595007573, -0.7243585013528998, -4.947820892234056], [0.07253797616343352, -0.6795903191826261, -0.26281834699689405, -0.05891689309161581, 0.6784913826111727, -14.257664345216384], [0.1070748289323293, -0.21380070469275206, -0.05665964926378645, -0.9031660758324442, -0.35200136831086803, 33.49000380963523], [0.11111280890836435, -0.3548237687531303, 0.7523632575360656, 0.1982015003290445, -0.5063790386670385, -39.1682357279944], [0.12677162455978236, -0.33943334155517507, 0.7890253368156308, 0.1877131408318793, -0.4592567435206292, -45.75830927079497], [0.14114067954026185, -0.3999912729859328, 0.767907896342049, 0.19074790792288138, -0.4404758659365786, -44.784221618212314], [0.15674324609596776, 0.05986194675493783, -0.12951185364395285, 0.643663532221267, -0.7353720413424467, -12.889655283002263], [0.1751960849508867, -0.9054527094187582, -0.22100274776914977, 0.19664656885114498, 0.24889683658429454, 1.429802150167335], [0.17951786221832441, 0.17639920133300002, 0.5715130505931423, -0.49186314683723426, 0.6067125651399813, -89.14737680024032], [0.20506477901040834, -0.1276165038864914, 0.44634881279799593, -0.858055645601103, 0.07858569024380643, -37.29517984607388], [0.22217760676656434, 0.3103238637735336, 0.8066352997471469, 0.4493697784537079, -0.041743335257781, -122.02265206152133], [0.27012536355928, 0.07465118842089395, 0.6550868660590041, -0.49799600546890654, 0.49428803797312376, -90.0793413081883], [0.3151568038774017, -0.9028376014754134, -0.23704126546012835, 0.06310931705235762, 0.15933959615283785, 5.360936763069367], [0.3164484764579642, -0.8515729690301141, -0.33011338902948373, -0.11482172695362874, 0.2291832488807249, 11.18182168043715], [0.32438792300678226, 0.17479324340006028, -0.5235365537498246, -0.7609028494448192, -0.10562257364571874, 28.164130189726638], [0.32541197751292755, 0.15758491533058144, 0.5659562224591319, -0.4934704359641712, 0.5526794029457762, -92.5948040137466], [0.33872117456911194, -0.8652131044347598, -0.18520103677635286, 0.0277944280993385, 0.31875114989044545, -8.476917505556521], [0.3447684088963057, -0.8320998133678605, -0.18794998490035228, -0.028850893877682564, 0.3906239546145337, -11.950351505406775], [0.36329168058747435, -0.5007781705938328, 0.416245906292922, -0.3771316340755204, 0.5493190828166581, -70.02482644357445], [0.4316436690441571, 0.29375283845672717, -0.3533062884181999, -0.7590362315242611, 0.16257822323521087, -9.724254555409171], [0.5284379425061162, 0.036612522063968075, -0.15133433944427732, 0.12069490919176054, -0.825798716848225, 1.3059904207468875], [0.5393255067720961, 0.4280614406033186, 0.663505696027227, 0.11615809064958085, 0.26862406841104575, -136.6698659368249], [0.5521809808915662, -0.008330079889711123, 0.07113164688996516, -0.36112930679268634, 0.7480325438754747, -80.48934776377844], [0.5523770080017915, 0.01726310584867011, -0.1547310018050681, 0.08130219868460267, -0.814880295366685, 2.4276003663099743], [0.657990985497872, 0.2794689535215008, 0.29203590334518176, 0.07139996405829674, 0.6313177039422971, -132.72204475282177], [0.6754316291530122, 0.2824342053606659, 0.6026048345330424, -0.1300526206782204, 