{"omega": {"vertices": [[9.83468338330501, 68.65009276815837, 28.044399206440517, 28.777533858634875, 49.15731592803383], [42.11076250050522, 83.46256718973729, 78.92793284514885, 13.002857211827767, 5.336254511708038], [95.7889530150502, 1.8288277344191806, 10.322600657764202, 1.9366957870297075, 57.411760549201304], [53.316528497301704, 75.01443149449675, 44.78935261759052, 67.8835532939891, 14.672857490581015], [69.18771139504733, 98.88610889064947, 90.85955030930955, 21.162811600005902, 58.93055369032842], [31.551563100606295, 74.81656543798394, 29.36141483736795, 26.554665937222623, 69.97583600209312], [94.45947559908133, 58.65550405019929, 90.34019152878835, 13.747470414623752, 13.927634725075855]], "constraints": [[-0.42781355763614065, -0.5434938425963924, 0.5827881589873403, -0.3124572546602864, 0.29037635702105613, 19.891996721421357], [-0.4154965803181179, -0.7598979797733969, 0.3884121105253867, 0.24341503089647254, -0.1995064089475418, 48.16287511684237], [-0.40619604750859495, -0.4974345084326348, 0.6471217316736978, 0.38409981349083355, 0.14582344969420982, 1.7738597163985022], [-0.3413198259001909, -0.1216242190093172, 0.2327925238502793, -0.8560080782015882, 0.2859477866514757, 15.75513563324812], [-0.25383152619663824, -0.6023813229429444, 0.5327359758214654, 0.43298619593147086, 0.3184676314424097, 0.794337131707719], [-0.2188047297964524, -0.5553237421098406, 0.4698375950116451, 0.49963728865849316, 0.41635951503897184, -7.746856636001372], [-0.11379842902532222, 0.9303852632350992, -0.32001886553406544, -0.009201095669037375, -0.13760975636597494, -46.74781518299166], [0.1973809618293364, 0.5205468217939719, -0.6797159047334067, -0.3231741265152276, -0.3515914319648399, 7.968902774212797], [0.39894768158370625, 0.6320850532140713, -0.5558832749364242, -0.2933618975199617, -0.2150391001464477, -20.71866826569019], [0.4515255583884766, 0.6179921477947538, -0.5238890356511244, -0.28100381884010783, -0.24655122694444692, -24.274305456567397]]}, "solution": {"min": {"arg": [66.11283561542108, 71.9313680970898, 74.40425801024887, 20.022194164086343, 30.56440787031001], "value": -40.88653384751691, "pred": -46.9707586076437}}, "policies": {"policy0": {"pos": [61.953261768304195, 57.796352574189136, 46.70505287227576, 16.935360614601038, 47.705813950991406], "value": -8.688560387855262, "pred": -17.922541169128635}, "policy1": {"pos": [57.06975328657552, 68.04640181245908, 52.68960436983052, 26.866724039583694, 36.770217817286365], "value": -7.806306404004147, "pred": -12.03634906644588}, "policy2": {"pos": [72.39323837405892, 53.91376902509258, 48.702396130637354, 19.755913575601088, 47.52690812233508], "value": -21.168194577827535, "pred": -22.634568285787935}, "policy3": {"pos": [70.59997691318378, 54.37953011389105, 58.19010296792363, 19.497185149805816, 28.199364135068997], "value": -33.63245595745518, "pred": -33.600533792870834}, "policy4": {"pos": [66.34346203304347, 77.83313952666418, 76.43920909144941, 26.53359798063557, 25.706856161950565], "value": -30.165563896557273, "pred": -35.373125653357995}, "policy5": {"pos": [66.60547009563925, 55.12611787711588, 49.085414553434575, 18.148705702389165, 39.62566826261468], "value": -7.468941600215089, "pred": -17.828123741975098}, "policy6": {"pos": [54.961690862857374, 71.28258369594268, 59.72479943965619, 29.05040695143555, 28.349249633215134], "value": -25.183165991304236, "pred": -22.866251244025015}, "policy7": {"pos": [45.25676490893992, 76.65333600928722, 63.2861609263161, 19.457200602346294, 23.639001523739047], "value": -7.353012260456964, "pred": -17.24776374908096}, "policy8": {"pos": [38.2289127973864, 68.94876211669079, 38.874987444050774, 25.467274495015726, 49.03110767087011], "value": -7.609490264296397, "pred": -7.152509201041738}}, "model": {"name": "ElasticNet", "alpha": 0.1, "l1_ratio": 0.1, "fit_intercept": true, "normalize": false, "precompute": false, "max_iter": 10000.0, "copy_X": true, "tol": 0.0001, "warm_start": false, "positive": false, "random_state": 1, "selection": "cyclic"}, "objective_id": "bywjji68", "data_id": "pl5m0dbc", "solution_id": "40vc2kha", "generated_file_name": "solution_bywjji68_pl5m0dbc_40vc2kha.json"}