{"omega": {"vertices": [[49.862702453414286, 16.08989012434251, 81.75176988429652, 40.30438626123928, 14.032592704562653], [68.03323006876452, 28.463362267544056, 37.73250905170359, 97.57513947170968, 61.937628404399284], [39.88686465756298, 93.26073295574457, 83.36705304784634, 50.558083924779694, 79.86625753062889], [90.72845679971171, 93.68916201565119, 44.741027527998476, 85.3390784416732, 59.64841134828237], [19.22671692207878, 17.16584218508075, 29.44585227920693, 42.963135070693866, 22.850354255300232], [39.70788796596052, 59.9388342855621, 40.36869456886842, 29.864022429643565, 28.715048461603864], [61.241080352653555, 42.91243850480711, 68.04813194520662, 1.8686481338365923, 3.1443609664526306], [82.13325037738878, 59.65604184851415, 62.97442011513442, 50.19171746803913, 16.279406794766828], [2.5592224923972506, 48.80682513119168, 77.70981082552314, 84.19120612731349, 50.06528827712701]], "constraints": [[-0.7733076072492693, 0.14781716160657712, 0.1250364773381533, -0.6020769623321409, 0.044884764327692284, 33.490435838750436], [-0.5202480160356228, -0.3219178279886742, 0.3321484477406776, -0.6060856600416963, 0.3847707046922006, 22.99545100597144], [-0.503933507356648, 0.417279213424662, -0.6972032958803667, 0.11407795328441074, 0.2698571158871229, 11.988305815922864], [-0.45469076828468424, 0.2754277423164768, -0.7063527349596633, 0.13664248784742355, 0.44697931532566726, 8.729194459762908], [-0.31915725559815006, 0.35852175755668925, -0.07129197620870414, 0.23518430026676804, -0.8421440462259456, 11.220306228398513], [-0.29878404313256113, 0.7016880113551185, 0.16253719013688872, 0.07215152929172794, -0.6218825041220639, -21.053040952586386], [-0.27996045515119783, 0.7325350618659637, 0.07919262732510947, 0.139770210174906, -0.5993390883411257, -22.951612003108952], [-0.2735772947435966, 0.19366638738695519, 0.028673634837383225, 0.2970885887464479, -0.8936246344518023, 8.747009246385941], [-0.2461480243716916, 0.4139968073197738, -0.29091663167527576, 0.4006460827409024, -0.7230961370564977, 5.502293811857884], [-0.1712960734882282, 0.12162359757977105, -0.7302851044780997, -0.2031968738904036, 0.6174625918530189, 17.33029271661179], [-0.1465198910472492, -0.5947990857600367, 0.17963190653094874, -0.2850202719582565, 0.7150117424458319, 3.645001952705485], [-0.1407863848983682, 0.8241503428210227, 0.04190327558169247, -0.07294068675904249, -0.5421062423232952, -27.754952034396904], [-0.11026321739882118, 0.15777596214491552, -0.26626889997586645, 0.6176910314716503, -0.7144980274313131, -2.9592530792518374], [-0.07302391793780269, 0.38392075752815896, 0.7658543328139453, 0.11423613667655325, -0.49768424260301863, -62.766437199740935], [-0.057204728129022574, -0.08909782824530023, -0.06574573614008583, 0.6288386621592928, -0.7674820071081565, -4.914407025631766], [0.13238348221788265, -0.5023224690163909, 0.002306428107441512, -0.5070227967871652, 0.6878003450745359, 12.076381110465928], [0.21595695530111714, -0.2929482508512164, -0.30125864437851035, -0.5686396082212253, 0.6733766709127349, 18.791022552726805], [0.2945204522181539, 0.04864675366854483, 0.8396547376934281, 0.44214841313018477, -0.10186215596660927, -100.50269777590907], [0.3016314110667853, -0.06650020308369886, 0.66861524655895, 0.6327003323561733, -0.23924915120641307, -90.77396880668866], [0.345431570967971, -0.11860130047253079, 0.8074775806006351, 0.45206179582889927, 0.10114766870333468, -100.96802837494324], [0.36099138131401315, -0.1688635788092196, -0.3593013571195466, -0.5552649923483745, 0.6354161135926245, 8.628249175749016], [0.47174201579613606, -0.04866961465760597, -0.823110967831369, -0.21087048876742426, -0.23046195075190448, 30.328403203002235], [0.5033260072134459, -0.15303982171200123, -0.7785206025847202, -0.33810809335966513, 0.053200864548850264, 29.184478509233433], [0.5317585502304683, -0.14694313595672498, -0.7909782318873807, -0.22359823761164893, -0.14141366224404078, 28.427293300955956], [0.5318227657201662, -0.5546195132044791, -0.4034052491298096, 0.05412512536277122, -0.4938587016683622, 20.133377855254516], [0.6688202858434498, -0.30745273344614404, 0.3593924116738393, -0.2856063898487108, 0.49741162677366946, -53.252056455452575], [0.6738800781038852, -0.2982783824712127, 0.37648535651900417, -0.28063279437569183, 0.4862300463080284, -55.09289531277052], [0.6786977701683972, -0.31012561836809566, 0.3572723843086415, -0.2807188417954786, 0.4865642946946222, -53.57302553492986]]}, "solution": {"min": {"arg": [44.75795862635249, 48.56015124593867, 49.86197584520188, 33.62817963203353, 24.431237509827838], "value": 1.321633277539135, "pred": -3.6363453616796964}}, "policies": {"policy0": {"pos": [39.38216010647696, 50.140817638941, 66.88075953543242, 57.89724244717573, 48.85073856205167], "value": 20.463310084798422, "pred": 23.333113785662874}, "policy1": {"pos": [34.89778667812985, 30.660821880496982, 40.26867560508279, 49.354522877282335, 31.96156851905217], "value": 1.3114858867548946, "pred": 5.930453453299833}, "policy2": {"pos": [64.93796916660281, 43.031331159301004, 61.71567981265287, 36.199773966277135, 19.333956989635745], "value": 8.275995465348146, "pred": 14.428188179059106}}, "model": {"name": "LinearSVR", "tol": 0.0001, "C": 1, "epsilon": 0.0, "fit_intercept": true, "intercept_scaling": 1.0, "verbose": 0, "random_state": null, "max_iter": 100000.0, "dual": false, "loss": "squared_epsilon_insensitive"}, "objective_id": "zjkmgtsu", "data_id": "t2a9d148", "solution_id": "115haxm3", "generated_file_name": "solution_zjkmgtsu_t2a9d148_115haxm3.json"}