{"omega": {"vertices": [[58.16874456802502, 70.60777220427491, 63.83502393251015, 11.66805939735579, 3.6185136560187625], [87.51612616928811, 91.95936916677408, 7.632245753916411, 59.23365454457555, 54.028639038389905], [46.42557019841642, 64.49509914842919, 3.1931758787701825, 91.46795376471678, 20.803795436440296], [32.88712435581669, 30.20348908177469, 83.79614369676648, 10.18001491706093, 93.04460042037913], [8.942732907360917, 73.93979806748479, 46.60003214900582, 97.18463765184204, 60.83353267112314], [83.9311072703363, 16.44523599275497, 64.23701665037602, 54.9152635010028, 18.797968019642852], [55.79764289407119, 71.81551959177462, 95.92222555032988, 90.36211272228498, 82.9785962502365], [82.70853893715598, 83.99413567498893, 21.137969547966073, 77.91541571420989, 78.45386011792405], [39.53517410109784, 91.01819330966711, 54.82610587275779, 79.74063802288211, 11.421468049090977], [11.967081038883498, 27.497427967912515, 45.666874052413995, 80.40940172263896, 97.28436992455734], [80.04506113025826, 37.38258488265556, 98.50268273773418, 79.19864323845883, 22.3304001997113], [70.07375660484598, 75.31912885121747, 4.12277708855977, 78.39307747119739, 94.80554589114263], [87.30968289769257, 0.481682763746627, 62.75201454282965, 42.216586111577655, 76.17081133612116], [58.859963019014636, 83.92533941367618, 81.7589486197846, 99.01597521727828, 97.95289888887608], [48.10360550995888, 28.827098702582198, 43.74660809625968, 76.41482975748345, 41.954643535469685], [9.347762897607248, 57.20146882299642, 77.82581341793403, 98.3092326326537, 22.91850902757413], [36.34661648672589, 76.12871526705665, 96.14549162730573, 99.79190019056254, 62.63606479447782]], "constraints": [[-0.8441000031307228, -0.07791735271529518, -0.2809479742857684, -0.39383625508008724, -0.21768167306819783, 77.91911774935302], [-0.8334176892901366, 0.16561312338042836, 0.44427806691863614, -0.017774944620354553, 0.2833518998370252, -41.00558680993908], [-0.8047685398399171, -0.12846261841020418, -0.3723585244434019, -0.35329586624533516, -0.26902808984084287, 84.74810921625429], [-0.7912778856412285, 0.19529887936924917, -0.33790753735235257, -0.27618335547820616, -0.38115470057383455, 58.410095445163314], [-0.697642752596965, 0.3586414847853621, 0.3532497351320927, -0.032919779475344774, 0.5087256509045734, -64.48877684125699], [-0.69044253727611, 0.11273542705285389, -0.5245112984232364, -0.48396929949534656, -0.035234091151786384, 71.45884709773136], [-0.6441021223303178, 0.597872648835488, 0.346894428455006, -0.32759495736784816, 0.005152785465192942, -23.088106112797302], [-0.633243262381489, 0.6207553290328851, 0.33968994991417706, -0.3133201998442557, -0.01034323076135752, -24.98603554652517], [-0.6306131142278537, -0.5069835456385551, -0.3247818139113429, -0.29412437555672866, -0.39153851620425467, 98.06005488035265], [-0.6127381384067551, -0.5705295676224886, -0.23679297023851667, -0.309927500670572, -0.38330408266027377, 96.04495847299992], [-0.6057458883861166, 0.21483087043498736, -0.5809600336315478, -0.49255618365485815, 0.08242245493585369, 59.460073881958884], [-0.5917154008311818, 0.26106696214627406, -0.5632645665521495, -0.5097422920149777, 0.06791722530438117, 57.64393643415302], [-0.5836495629526774, 0.30179759779171883, -0.5597542335624673, -0.5012435907618686, 0.0608396117783438, 54.00122222724921], [-0.5734280034310708, 0.38111036671920206, -0.49387163852404653, -0.5191858578935868, 0.1116783904123129, 43.626322613888284], [-0.5683002373011764, -0.6256098854099348, -0.16340810132025704, -0.2989072314561399, -0.4118244419251111, 92.63925137574972], [-0.5556618896885712, -0.7078220484676577, -0.0992818410724318, -0.22495023030967656, -0.36023370465250315, 83.78005040718728], [-0.5522562592304029, 0.5718017335860205, -0.4688325081057292, -0.37432345347481966, -0.0901877659709978, 26.372315055222487], [-0.5378422130201906, 0.01775316409382012, 0.5942972733440158, 0.1278829257366161, 0.5838384085165286, -88.27280499233028], [-0.5146180186968462, -0.5681211029881926, -0.2763697254744339, -0.213179964886453, -0.5390554559451267, 92.12849356510364], [-0.49920339399834074, 0.543517949426694, -0.09950887949612995, -0.2198322025453219, 0.6302031384379454, -48.05941808709237], [-0.49589524665640705, -0.5478778610502297, -0.4571229949848573, -0.39936321012435994, -0.292344569933917, 102.42814294443191], [-0.48600397712080307, 0.10719267665752194, -0.652586681907603, -0.5693946621946293, 0.047225052195278824, 68.83233780914215], [-0.42792789370514145, 0.783445917226552, 0.21416411334653826, -0.35365696599602875, 0.1793061502768453, -40.618845084249955], [-0.42272113536687755, -0.7353793177808059, -0.3334718952806603, -0.3196641919214909, -0.2591049983220682, 91.41926987598013], [-0.42078955939303436, 0.7941909596292048, 0.20960537325457557, -0.3451365927197228, 0.17071375520938237, -41.57007377549739], [-0.41844184232267984, -0.8417990046706473, 0.27507399808376565, 0.00442596583499368, -0.20148341553028373, 34.83836317121625], [-0.3812407743354361, -0.5303168549764793, 0.5256428187535577, -0.2772148555070965, -0.46933043401314484, 30.99920498296332], [-0.3594003685425213, 0.7774535766059298, -0.04961415647545136, -0.3850047309686654, 0.340157469303736, -35.235152920382305], [-0.35225262450184375, -0.5908209390845527, -0.5593713293754584, -0.41964649216878985, -0.19454882151781977, 98.67631485632808], [-0.34854872187782804, 0.8076925016933448, 0.015831510738621733, -0.40032406456858394, 0.25619644373156264, -34.02137683181833], [-0.3467626005585739, -0.8044979309472554, 0.4443160845990079, 0.03788885985981217, -0.18353863141194773, 15.16226423121346], [-0.34197373588755237, -0.5933762073829081, -0.5171639433978577, -0.4445074738589196, -0.2567356652429231, 100.91786879620183], [-0.3370940182485165, -0.5814984388183302, -0.5355950399693277, -0.44819661590079585, -0.2459368519930317, 100.97587793618841], [-0.33591060780266646, 0.8404982364663799, 0.028976685920045802, -0.3649033360366194, 0.21617743888987445, -38.180464330318166], [-0.32929576928927223, -0.5867171813944605, -0.5336932051341983, -0.44385516521963564, -0.2559128767494175, 100.75478577658755], [-0.3266454785586707, -0.775092683415921, 0.5166636762409185, 0.1555887199780198, -0.03721369803049307, -7.262851609533944], [-0.2991771590426537, 0.09730761506067917, 0.8851773647608971, -0.2425036978745602, -0.24223386425206309, -42.26715834040925], [-0.2951354255971337, -0.5789554026695124, 0.6992339791783109, 0.2606981588377745, 0.1442706990987483, -47.4780030659353], [-0.21417805615225582, -0.8571100966081484, 0.2502625310926889, 0.3715460951080084, -0.1371576002133431, -1.829806693568743], [-0.21359076861202456, -0.5772517187838292, 0.7021870960776758, 0.28206811255369, 0.22029593438654071, -57.749973433272444], [-0.20952709422248317, -0.40857666378032753, -0.7428692834849918, -0.48452478004149707, 0.05044275746877187, 81.71980890971125], [-0.18233206164972204, 0.7283821119857969, 0.514081274749327, -0.38401983729143047, 0.1564088416696525, -69.72500285520074], [-0.15387126903341072, -0.6026314430713041, 0.682202587105715, 0.2858110675988069, 0.2570420980542773, -60.72993048508209], [-0.14463035237658164, 0.9012765811358024, -0.21170671560274767, 0.32136057674405627, 0.13671222239072187, -95.02927670109048], [-0.13841622266377032, -0.3396592313564907, -0.7397903522487228, -0.5640657922922915, 0.003545778220875404, 82.21486673791972], [-0.12886877591904805, -0.3356249393116889, -0.7242635845600056, -0.5872665360072968, -0.03618030502128723, 84.41042717606699], [-0.12007674875731124, -0.8153851778678186, 0.11976235633290444, 0.5353080237996932, -0.14082217077788906, -10.955210840612958], [-0.10264220159652382, 0.43593129258869506, 0.7514824970837328, -0.003819121101034626, -0.48444603154962623, -70.98293627083335], [-0.09984276944228541, -0.2402805651840126, 0.010419841609070394, 0.9550117144468131, 0.14191801702090792, -83.27224301171003], [-0.09799411113382421, 0.8813170603058165, -0.20156842708207712, 