{"omega": {"vertices": [[1.6547028665565566, 75.9078009903765, 62.80591092751536, 83.76853954523791, 51.503212746532135, 23.442348406764335, 7.180162070645313], [51.53437901958314, 68.82591466380485, 0.6621751781026086, 19.88961234322352, 87.0742834766034, 93.17453603317641, 46.5374018944902], [94.0099909418851, 39.2070100666089, 97.14492875558165, 62.63518993417231, 91.5319381383922, 47.13188479554449, 58.39499864175855], [97.61057175957087, 10.532665594036661, 1.3362974498242752, 15.561716487825006, 26.074727509969687, 12.179471301484135, 95.73957161687674], [89.05661538218241, 94.46412996221505, 56.307835657929395, 41.36707728463496, 31.98280790223771, 14.493628346201637, 14.714004160312722], [21.394914183722126, 42.531736243725405, 12.141335561785894, 5.108183176591464, 36.07226433536057, 82.24623836139617, 10.690318102621543], [99.72531424022304, 79.53967627402237, 62.38006395028852, 3.8427597910813183, 81.97225860859886, 22.14460687637012, 87.47032915402232], [60.172891922233106, 78.82007658695159, 5.433538991648323, 57.41990807923969, 15.607706515055142, 46.79274773313461, 19.51175700517116], [72.17048912539914, 3.2718906314919693, 29.160677640689137, 29.961077929447043, 75.77324641647151, 70.57518848927846, 39.76414668330578], [40.77690270346635, 64.67693888107337, 57.870065878414266, 11.711209586573945, 2.350311509377012, 80.67032281495989, 70.1804256056005]], "constraints": [[-0.6958463817114986, -0.2847036600323117, 0.07901630993168751, -0.24904083064574073, 0.3351053156733807, -0.13413004197558698, 0.4859941210615121, 21.057549371984884], [-0.6660024197339078, -0.24207469547318877, 0.3043446161639589, -0.314688915393969, 0.42745715032470516, 0.018670492335214225, 0.35088125799558684, 1.7513028820095737], [-0.63650842154869, -0.27148179978374876, 0.09844960956510287, -0.03483227019796543, 0.344672400390949, -0.04449928811101894, 0.624075154752583, -2.7940791702758503], [-0.5181000641696641, 0.4634805887721282, -0.40920073269376805, -0.3255410186984183, -0.060583703722601565, -0.3849904852212547, 0.30240339611000644, 28.619860908262265], [-0.44311780120412286, 0.4331340888762618, -0.28304243105908883, -0.45874671163574504, -0.19311193825825745, -0.5212626590656462, 0.12834691916386756, 45.304206268417595], [-0.41923967765195863, 0.7143506808666605, -0.2516765801388208, -0.42198005836646435, -0.05281618840077256, -0.25341786970800795, 0.07431527658397494, 5.751675508795234], [-0.4067823188159648, -0.4734838143425483, 0.47891093132653056, -0.4930654006171542, 0.040600945526535696, -0.36898407159496993, 0.00862388288927134, 54.33600338605597], [-0.4047143614687754, -0.3203872764067536, -0.36371212288114546, 0.5658864966489847, -0.1765996174335613, 0.3288004328561725, 0.37649315238544045, -0.8863270366223333], [-0.2768361767023389, 0.29278917871676263, -0.5180804458226145, -0.36358862452768204, 0.22656182212634024, -0.6060734332606602, -0.13556152151673698, 44.741377862955275], [-0.18042715818714453, -0.40550508665378454, 0.5295646352192761, -0.5177712024621687, -0.13695131342897637, -0.4282102733574413, -0.2288367187616464, 59.92747267232512], [-0.15384698062775773, -0.1793802886010837, -0.19285689873206927, 0.7304604518107349, -0.09121484627234151, 0.3630389485543044, 0.482980472914918, -42.48662370814832], [-0.15242966079061374, -0.42963527716081235, 0.4441288775355277, -0.5151682712305625, -0.015772345542383808, -0.4849857416302894, -0.30670830298178464, 62.5096164114354], [-0.12305187394949678, 0.4492224884592549, 0.5611786298557588, -0.39808461226120717, 0.2615464055127099, 0.3372262183172545, -0.35712257629121397, -54.605902113442916], [-0.0922468824280976, 0.31541157781217105, -0.1652567055116316, 0.6042202494227533, 0.0055116220769367875, 0.10711373640594671, 0.6986490035994608, -71.83638487783197], [-0.07351230623403965, -0.07377599803442471, -0.38045426832186674, -0.2989901824657108, 0.49251589377119276, -0.5916427245763742, -0.4029881441054801, 46.05942682337558], [-0.06793615192786773, -0.5523947492031844, 0.5224649883862674, -0.3011202283559361, -0.3374830684046764, -0.3116417701901318, -0.3399797786814924, 61.58218420652576], [-0.01435101970502446, 0.0201915135588221, 0.14551889000624932, -0.40114235189734637, 0.6261980879691437, -0.1934490352365372, -0.6226948229824031, -0.29054810890810767], [-0.003491090563070619, -0.08835444463457633, -0.5324345720037188, -0.12680086383416092, 0.4160139516625473, -0.5396408105928244, -0.47784564393845236, 45.42993180461032], [0.017521391728130387, -0.08117423291661759, 0.11896461498557963, 0.5634613556431692, -0.1397363101005414, 0.7788268933436584, -0.18805557599963305, -58.249644004886605], [0.028687071011041173, -0.4211767370934539, 0.5238147288256557, -0.5950453566228858, -0.17179805075362184, -0.2782533427318272, -0.2939164312024541, 46.20390635212279], [0.08626700861839436, 0.7414323683614673, 0.10953408830224744, 0.4601943729656905, 0.020268349173217574, 0.3431592434477757, 0.3176324867178929, -113.22144203249607], [0.08903017778551708, 0.3631820797029565, 0.09655477205801127, 0.6095914049056431, -0.31501049441291556, -0.14410095141676862, 0.5993756782641558, -69.54596093267514], [0.10132438902475012, -0.5715711731811022, 0.2859505612456128, 0.14185652869573165, -0.6234025084541032, -0.06136756820259098, -0.4107944717165605, 49.87195221459673], [0.16640782074678057, 0.3063443956974964, 0.3167098722263906, 0.23277447564938308, -0.07873858466357313, 0.7092603826105293, -0.4633814774933112, -72.16399962864774], [0.17108757627105992, -0.5511082733977222, 0.3255831409113297, 0.28785198474710655, -0.6123079875378206, -0.006887407007609276, -0.3212118576451314, 30.992470663453474], [0.19433981169330694, -0.39894658990983056, 0.37884042916946115, 0.2529911418606737, -0.507436017520754, 0.27070602399526006, -0.5145638969578153, 8.45871939863774], [0.21353760459088908, -0.003150990434072501, -0.4587624097734808, 0.2916695802046361, 0.6132352508637601, -0.48711218559583236, -0.21335865529446482, -14.366482546833552], [0.2404558375129317, 0.10577109819225596, -0.4897745156341683, 0.4395284999683308, 0.5524312400966706, -0.4316496779927743, -0.08017086127797733, -32.24212213112995], [0.2538239958643582, -0.0008457018536384642, -0.49097631978039014, 0.3936723997454209, 0.5602597461780363, -0.4276647995310338, -0.20675781740967802, -19.84210993428653], [0.283166597125655, 0.052527903109574475, 0.07589044881051149, 0.27803058263471275, 0.18017050081691485, 0.46500340028179665, -0.7650539594878775, -47.199338752170775], [0.33861208896602113, 0.44581708915894447, -0.3922308240125062, -0.6570132213943078, -0.2981500527035369, 0.08650237317680905, -0.06856726139431388, -13.714142952388146], [0.5187398710246139, 0.07635777521597249, 0.16366345369147764, 0.055764052002796966, -0.18350608051389533, 0.6995391904825123, -0.4149138708177154, -63.097395578546646], [0.5362270343992545, 0.08455852151570213, 0.2891036897032884, -0.46285675672048826, -0.012388994842132165, 0.5198343289385666, -0.3702862225905608, -54.56374145022759], [0.690661208475598, 0.034685561882485186, -0.06385046004592608, -0.4986631377685292, -0.21212821721941572, 0.4062040062727538, -0.242985854390679, -36.08859226334679], [0.7102128887120503, 0.02788029040321814, -0.14247084771065396, -0.3191279182533661, -0.29677924796986793, 0.4698810282554791, -0.2526136748440412, -38.26071775919065], [0.794591491407423, 0.15204859508992527, -0.0656137447869187, 0.05132819735942184, -0.22418388577673531, 0.5351051194513297, 0.044383957236805216, -84.79414693739393], [0.7965558751988038, 0.08355681681401499, -0.05429347932069971, 0.012197537262402528, -0.232812854377815, 0.5479108194925749, -0.031817337374316766, -76.30616691782963], [0.8071619215439743, 0.08606936502821155, -0.03321448793341456, -0.05499612157866216, -0.21343529547875897, 0.5385931410919496, -0.03628669492125112, -76.31429792406891]]},