{"omega": {"vertices": [[0.011437481734488664, 39.67674742306699, 2.7387593197926163, 80.07445686755366, 8.504421136977792], [30.233257263183976, 53.88167340033569, 67.04675101784022, 96.82615757193975, 3.905478323288236], [14.675589081711305, 41.91945144032948, 41.730480236712694, 31.342417815924286, 16.98304195645689], [41.7022004702574, 18.62602113776709, 20.445224973151742, 14.038693859523377, 87.63891522960382], [72.0324493442158, 34.556072704304775, 87.81174363909454, 19.81014890848788, 89.46066635038473], [9.233859476879779, 68.52195003967594, 55.868982844575164, 69.23226156693141, 87.8142503429413], [5.336254511708038, 57.411760549201304, 14.672857490581015, 58.93055369032842, 69.97583600209312], [53.58964059155116, 66.37946452197887, 51.48891120583086, 94.45947559908133, 58.65550405019929], [53.84246942799851, 65.22988820635422, 36.1261020211621, 57.10085611850925, 63.78364840596764], [35.653172355805495, 75.27883531756042, 88.1341829634011, 1.1669193680893586, 49.81090696282365], [70.90425219928454, 47.0640807662421, 76.45925702404985, 46.73926831470522, 26.9001051257828], [84.20308923596058, 12.417331511991115, 27.91836790111395, 58.575927145828786, 96.95957483196746], [15.213715839256237, 16.16185247557571, 93.87116997045199, 37.113390095546826, 5.001808588824264], [63.94608808799401, 52.46703091237337, 92.48079703993507, 26.329677048711098, 6.596109068402378], [23.43620861214205, 61.67783570016576, 94.90163206876164, 95.01761192470796, 55.66531881951564]], "constraints": [[-0.9514388931555612, 0.19682744633006233, 0.11409063015264137, -0.19714901574986604, -0.06433181687422954, 8.222647635713923], [-0.935917071205511, 0.1536046308660473, 0.11893293428288655, -0.29377753378444066, 0.0038171964840789173, 11.475854624144166], [-0.8961151789168704, 0.3521886890878263, 0.16425608913104478, -0.14886158073016983, -0.15427533943982547, -1.181277573087911], [-0.8930928898142569, 0.3740327881410705, 0.0852884613456567, -0.20367397596244272, -0.11716378892634571, 2.24171890849588], [-0.8486238217612018, -0.36941699446105797, -0.11606811297774024, -0.3509837769612303, 0.08189795359217703, 42.393194150517886], [-0.842224327187291, -0.15551975093229237, 0.11744347270971693, -0.43105482844915105, 0.25859341707094496, 19.00676389597172], [-0.8410787416884734, -0.13367126124209833, 0.03588903559210871, -0.49548060344613176, 0.1671211923443773, 29.140419123994704], [-0.8312641811630597, 0.45297854419141564, 0.22577477013868968, -0.04477925754154244, -0.2254570266822114, -13.078494243186494], [-0.7714543631474872, 0.5055968255539731, 0.2355870332400922, -0.02510616149067528, -0.3051203795140302, -16.09159578287384], [-0.6580620253775494, 0.6935326067230404, 0.13176431275767975, 0.02162683323597847, -0.2610313010648755, -27.38229904474427], [-0.6514023453957427, -0.30223107733205945, 0.38295617236058044, -0.35721485980078055, 0.4583377295140236, -10.18874283399585], [-0.6406785355243214, 0.5460928429770736, 0.17469113110243986, -0.11447247096889548, -0.49768733465103737, -8.739433387156591], [-0.6096382336062278, -0.6855487810436625, 0.04587747994628468, 0.23065570776742086, 0.3210253794376939, 5.881905636777226], [-0.5728139255841413, -0.17359972541234703, 0.650393224794187, -0.17371074745910683, 0.4342356173238901, -45.2578202138299], [-0.5221990221025166, -0.7019232093343094, 0.0019214611358401665, 0.3249859992651544, 0.3591551166024661, -1.2267436364745237], [-0.5159076611584205, -0.7249682296227975, 0.05908284754559038, 0.3129359219077544, 0.3268649217968846, 0.7704973906109451], [-0.4971702846256409, -0.7198907887604301, 0.07830594087356894, 0.35843574281346013, 0.3161818436292845, -3.0363407332686947], [-0.42976262666724435, 0.5555639662639246, 0.14582842325779458, -0.1896435530420209, -0.670389556801798, -5.738265682987522], [-0.4226195948842303, -0.6758833860786037, 0.32384636143381296, 0.15300674107924228, 0.48609340441236193, -21.156639871383476], [-0.4191640263097989, -0.6749231546547731, 0.3283805384398161, 0.15963990778573808, 0.485243831670991, -21.89228943207128], [-0.3664830705251411, 0.5396276897653838, 0.6060013836656303, 0.015181909515305833, -0.45499884403781676, -58.319507711485116], [-0.3356347680799982, 0.434201466769373, 0.05097281208413435, -0.18191045549279336, -0.814327174618317, 4.1282967829984285], [-0.32893741387584025, 0.7454196608048513, -0.1583842521494836, 0.5554101530099608, -0.05083008599988139, -73.18017492682227], [-0.2849725360626817, 0.6791486189704227, -0.01569541413372275, -0.18044480434203047, -0.6517216688140027, -6.90862764975311], [-0.24322471413065844, -0.32279156656853253, -0.18797354939442892, 0.8094367565860242, 0.38226355411397717, -54.74122325622378], [-0.21986150881017086, -0.22901494586496757, -0.2976373788727022, 0.7977938343719875, 0.41731290424573564, -57.52767269273192], [-0.1896447040029684, -0.7760762411249859, 0.1109639275364473, 0.5887570503148731, 0.05284597141840817, -17.10337885994513], [-0.15287786453146904, 0.9493790774053746, -0.1702272919141587, 0.06820007206201002, -0.20415470893301935, -40.92517984979122], [-0.14767897889819723, 0.94937906784398, -0.17509611766750144, 0.07863266936027426, -0.20007138130759142, -41.78201529082055], [-0.1434404172247328, 0.9507649337974827, -0.17279189179152946, 0.06954512904382644, -0.20193396080116074, -41.25213857713945], [-0.13968874991325667, 0.9502303908261371, -0.17647805565353172, 0.06757247006857155, -0.20454514088498732, -40.88841342367675], [-0.13320806437731728, 0.9692085026933326, -0.00019988490683398678, 0.1330344563261425, -0.1587207716961728, -60.44319538293702], [-0.07862851007828262, 0.9660299341344449, -0.20763571785898616, 0.0377269137932699, -0.12675887504978922, -45.34849788870478], [-0.07712366976447767, 0.9468793996117961, -0.2282873727866947, 0.035391323353029316, -0.21000874222358948, -37.99092671712916], [-0.051952272858656265, -0.46714997726470414, -0.08809358761311148, 0.8668123943971607, 0.14123615977262494, -51.833810476007834], [-0.010935536425112628, 0.9343954443686289, -0.22789462907486535, 0.02752525015382027, -0.2721983949788222, -36.338678097672336], [0.0018736705080850873, 0.011575073811645464, 0.9958581423583033, -0.07317444583862698, 0.052674166343296774, -91.2456634179896], [0.025946250203680778, -0.28532333287276757, -0.12595881808652337, -0.8799396870300283, -0.3574323868292935, 50.48586960557903], [0.09261853044948805, 0.6866578362559786, -0.33617440308229096, -0.35219597502011424, 0.5318529774453944, -51.44558512843561], [0.1388687734878515, 0.5695915365965483, -0.6240549403060793, -0.46899276293814435, -0.21652289712357026, 18.50375111293039], [0.1416894363753827, -0.4351436715159677, 0.11778093556603107, -0.8648940451305317, -0.16929273662554542, 26.766790732808364], [0.15205524056248407, 0.5339653571846253, -0.6373350616310607, -0.4971842201446021, -0.1958879056989388, 20.890991184528325], [0.15995927981667443, 0.5213904784065049, -0.6521148153221807, -0.4852388058745849, -0.2045838868002362, 21.692179038827035], [0.16059853131803445, 0.8535487655986984, -0.2784030074805799, -0.05627300607365932, -0.4061868174825849, -25.144982643489517], [0.17194789779435224, 0.5760493959508055, -0.42046908422842366, -0.15185103291853322, 0.6623805755594743, -65.22205385612912], [0.19676321640322658, 0.6423809073620179, -0.23010585385396595, -0.31928400489175984, 0.6274870729902119, -65.97584950350286], [0.2079244771851339, 0.5643457472217348, -0.48709961765703863, 0.26339887686357344, 0.5758787055668975, -82.18231307515771], [0.21239945966670642, 0.9092637393565212, 0.2283824703333696, 0.15708047604955835, -0.22647978521969547, -85.0514690043329], [0.21391481043611055, 0.8931143002530825, -0.18773178426009207, 0.0033510008076137786, -0.34832865017342346, -40.967102873893964], [0.23707053585983695, 0.5969739501961754, -0.24540600718906153, -0.24488231305130206, 0.683540933817771, -72.45518953060598], [0.28669982208112926, 0.595538431107832, -0.5195191699038844, -0.3706822220739062, -0.39475525510498377, 