{"omega": {"vertices": [[26.255649673878402, 48.56234714173853, 90.51886106409651, 86.74093728122084, 30.52441370896689, 23.56939741924379, 79.80073888126769], [32.22885673721976, 82.52249625250828, 7.185800783168073, 34.42554879242768, 39.2318343665467, 94.26085280304432, 56.78284978190901], [31.587722484917656, 89.07297590655313, 25.016095143090624, 92.19475672915894, 8.77756096101303, 12.945363095411555, 11.194149702378764], [79.08262690813227, 18.777442482280136, 77.14977714546707, 99.29257994853906, 32.8655850078521, 78.36069852138796, 93.08827834795159], [11.032335412829053, 28.42247455851875, 6.126279853315475, 61.455450838603575, 90.18559904591908, 8.891721428789012, 45.54703684977237], [94.91664788645573, 85.91136505681406, 31.204609733618238, 51.54390678215777, 79.85896900275581, 74.23211505162158, 80.59275217522548], [4.406955176329619, 9.124042711569247, 63.476322133530125, 31.041128791576156, 77.28699369893299, 93.32241879067448, 23.14222850263816], [84.94091777421838, 67.51181744495197, 71.68732157024678, 15.76913812032792, 86.22844516109848, 29.76276107511029, 11.922044146067822], [90.44474786940283, 70.93422440246502, 16.52769202665677, 87.88579163488977, 40.74714063166175, 10.902347314060446, 2.9090760943269345], [96.13209872298032, 90.83040735214834, 38.87598440980259, 34.83260223787376, 28.493854657577256, 62.22957362476475, 69.60230555365948], [99.12558373294182, 73.95975755919511, 77.27309320251027, 96.73877517792626, 32.22267540751543, 3.269491316915274, 16.716861429215037]], "constraints": [[-0.46810167398783037, 0.646793568228438, 0.24740382553573678, 0.17639365325870815, 0.5124226925256046, 0.07156965056801828, -0.05016271933245499, -70.13999728077175], [-0.3696978552048775, 0.31650919816282985, 0.00909420296383222, 0.6845769964275099, 0.41272667276596137, 0.35174960568119695, 0.018600087651381852, -88.24088608358282], [-0.34396185639462284, 0.7089979231512562, 0.05435862299602629, -0.29880861358635047, 0.18811161655547975, -0.3886066423382695, 0.3168116729427905, -26.265780697818208], [-0.30998480564913217, 0.49495105394376054, 0.2760872630101798, 0.43671008238934134, 0.5945341990336542, 0.10549653638144597, -0.16550700468742255, -86.19559529071192], [-0.2548515623124409, 0.04846124021085152, 0.14386537807582922, -0.7017624183525589, 0.1603596692266679, -0.17501792087028178, 0.6026507731870577, 3.3251065746140185], [-0.2525992347165003, 0.6566045449981545, 0.4733877720497663, 0.24634403915883746, 0.2397520498796958, 0.35323386550469554, -0.195006462949737, -89.55487593843674], [-0.24999526503428265, -0.1593484320189866, -0.010837513782461436, -0.7228927922946846, -0.49895625889777334, -0.37073502555196186, 0.05492901193961694, 97.57249241784325], [-0.22589481949393236, 0.2794670466443196, 0.13879002876273236, 0.7082163982958039, 0.5190860497869771, 0.25122029558856707, -0.1321915181379256, -92.8519575063203], [-0.21652556254163058, 0.49395126636647957, -0.10073456696050821, 0.3061848970081231, 0.5986780894711603, 0.25256734450482604, -0.4278159239221086, -66.60229035971074], [-0.20001686407175473, 0.7959209094851714, 0.49885338524148237, 0.0757906363180672, 0.08155771198633102, 0.2428293885744162, -0.07928724406198102, -87.01566893945305], [-0.19593186242948699, 0.4214341693579631, 0.12103583820219803, 0.488208185119272, 0.6244562812021915, 0.18296417202876458, -0.3280022936759319, -83.5654671594612], [-0.19569599083606654, 0.5232755135280912, 0.394905217503693, 0.4694658538312006, 0.1775599203511996, 0.4978484165672722, -0.17932352381614822, -99.58539041252422], [-0.18585052959517687, 0.530097987162619, 0.6234082527534013, -0.10179262084741356, -0.2773513207924844, 0.36572854247931263, -0.27345016998700195, -46.79628304603844], [-0.16442905464048901, 0.2230852208131736, 0.05798994183204782, 0.7326514608558566, 0.5114091037276465, 0.28903812018783837, -0.19486602448768114, -89.7234988034509], [-0.15622857808742174, 0.12964091526062343, -0.22421041390529392, 0.7308232812538042, 0.38073034881354384, 0.4422730887500546, -0.1839885942465277, -75.38947643363926], [-0.13511680161067394, -0.2707589903106128, -0.017899018440663342, -0.5843160514199732, 0.014258723948750631, -0.06977538179615572, 0.7494100887810795, 10.40643792445286], [-0.10260692391999955, 0.5816416256981238, 0.614661249178184, 0.11492718545852566, 0.02632694110805572, 0.4864604938129745, -0.15103380201579003, -91.37578524489523], [-0.10083505215493055, 0.33605848028933977, 0.5644948024843867, 0.020227537660714293, -0.48531431686057935, 0.49927789844385834, -0.2702314725313521, -41.91335399593552], [-0.08136867095624785, 0.5499132753927054, 0.6081439349575644, 0.15339435034583243, -0.00015102597802472503, 0.5258543752555712, -0.1451992073177981, -93.7252148831309], [-0.08028947980292234, 0.6780594678786132, 0.40032020077015007, 0.38935491583160875, -0.11238095485377884, 0.45743543708865325, 0.007667183832518426, -108.79260756300525], [-0.05619176247653617, 0.09440829885760008, 0.3769982589589249, 0.5061091556376588, 0.7656278137735452, 0.05434220796950705, -0.022723764380278996, -103.972952946047], [-0.05569598691727131, 0.13275428758389562, -0.530630385616567, 0.26141148005957426, -0.25335562260442684, -0.2265118063307954, 0.7168493692613277, -23.760374832080153], [-0.052880252460784115, 0.5309826485178152, 0.6562712156429095, 0.1092449713361435, 0.02177478344236303, 0.5052832605988367, -0.12980531188545205, -95.49361719377939], [-0.04996280328373673, -0.5272369767412959, -0.2236435576275377, -0.4147030663976813, -0.6690956166818757, -0.19554106964066686, 0.10772446480568725, 99.56740845322865], [-0.047953587863601585, 0.5974904454296371, 0.0040191585347838735, -0.15742836158786772, 0.18209234884130485, -0.6633748353277686, 0.37773268684487177, -34.53107640283102], [-0.021754032896612287, 0.2816352676714955, -0.1706631096378102, 0.8144270683211473, 0.33503795971444933, -0.14321359618352694, 0.30827004860912577, -99.75319709280964], [-0.020527997615356997, 0.4953517308036493, 0.15026452266174103, 0.3500036367877731, 0.3034859490248498, 0.4985150397215437, -0.5181721002564867, -82.818380389033], [-0.016464692295680573, 0.6527923234707567, -0.48018377654341404, -0.3728108181894745, 0.20200301196709983, -0.4035735389415158, 0.018705954482447364, -8.000632049655836], [-0.006567774882755514, -0.7617056661188235, -0.013802788446895512, -0.05015797804994358, -0.5105375787141149, -0.3221739378259643, -0.22936943412547545, 84.24397505763265], [0.014848982573699153, 0.30579694436932514, 0.09018879963731305, 0.5808218985037384, 0.18502358721838275, 0.608908766922448, -0.39468471582673287, -88.60063572853625], [0.034057724802234714, -0.3478583892320914, 0.12079011057845088, -0.6386519276126973, 0.10536397516899461, -0.20450679975434138, 0.6343843303203562, 11.441685899179568], [0.03575795411009396, -0.3901955616258491, -0.29996338461435135, -0.6270260476083841, -0.5173906127267, -0.23947048846569588, -0.1956781411730773, 108.77070449300535], [0.06021859770006063, -0.5646924880384132, -0.014849770801924445, -0.4538839992912291, -0.5512961748219299, -0.3925346530232324, -0.11512596466997878, 101.82315688235978], [0.06278571022352115, 0.5793812342879567, -0.1439146161933637, -0.16791952550350625, 0.18710005077730757, -0.6949913133673231, 0.3056920042957913, -30.576316038669912], [0.07887029648631892, -0.5868011486348724, -0.3357880157616281, -0.354512436182908, -0.6278961351068502, -0.12821581779396934, -0.01784312026486807, 98.23201977653125], [0.08247840073997967, -0.5376521649119977, -0.06444241249066324, -0.49177973131384417, -0.5761195817811688, -0.3515013961436574, -0.051578390004286045, 102.42119788332286], [0.08887444482323868, -0.5792073623147355, -0.11654777059690448, -0.43150259391528856, -0.6056182308368733, -0.29946172300940116, -0.019787067526371348, 100.89621999513643], [0.10119352021006234, -0.5359667561746813, -0.025089558677283776, -0.47651065897815714, -0.6030204851009947, -0.3233593182882545, -0.08131826051621695, 99.49244983210038], [0.10137740183174315, 