{"omega": {"vertices": [[84.21457907721039, 90.97711014240716, 18.485638407932115, 90.77033688592951, 5.760534871725165, 8.877706165729416, 61.11829208574526], [13.07933390707835, 57.34687686235913, 90.25048372635382, 56.230786207134145, 65.61264758751115, 85.51943945932481, 69.36251800862703], [26.311689527873828, 91.46120348305318, 0.1621084498219072, 5.854759570561385, 21.85838606912607, 56.08384850240796, 31.282296817842038], [39.07806981385108, 86.47695071090502, 74.87889824848978, 29.020601997425054, 59.233969944256756, 7.868161371682003, 19.995209664013792], [88.70679468944974, 84.99785017242137, 52.42586266919882, 65.33453342263293, 28.334072353010065, 72.47470123281097, 56.34545883486008], [6.2026987806999, 21.99536856169182, 60.33136136024244, 85.54900206719365, 35.09594599281884, 28.356191821117214, 78.3163884695404], [78.8182185702477, 37.062973302292555, 25.085623036168148, 73.2561822934814, 82.48703407299239, 8.724114647021919, 74.35103479371283], [81.83910147624123, 15.43289539996927, 59.176468437381935, 70.76021108440035, 32.66570112564743, 76.05763894348752, 23.73240972296967], [49.703371415322415, 66.80886967541875, 44.37126922652013, 80.38089777109283, 1.0156167731817267, 35.59381028113624, 71.3058540465395], [47.13221815272791, 46.27355903446645, 34.96625552696867, 30.023580232328626, 70.71755765360828, 90.92120988396805, 51.08859341769217]], "constraints": [[-0.4177840199762937, 0.2580415031392125, -0.026401627419445968, 0.579601082960796, -0.1075317578877929, 0.1620552769307668, -0.6200093888602286, -3.340223252667066], [-0.32733770961709, 0.1442091963316083, -0.4163207258730364, 0.6559411692998862, 0.014034140660585039, 0.45962328989691337, -0.23879162770568854, -26.963883242745663], [-0.32116961037220876, 0.19084893803124367, -0.30486444264042434, 0.5981173201542888, 0.36330153965921275, 0.1123374739839914, -0.5149100799079847, -10.591103715448035], [-0.3196082395043901, 0.3709862523716057, 0.08301418569920346, 0.518300151539371, -0.19997499779048244, 0.24487821701411744, -0.6202725455554373, -18.528428663449276], [-0.31735649022069207, 0.1830962350087258, -0.2977090943187736, 0.6002197976082537, 0.34955776082239665, 0.1190383490095484, -0.5296275671387854, -9.610828474677266], [-0.31455345350734826, 0.1743750074751594, -0.3062542323876925, 0.5969383186520446, 0.35488234960006615, 0.11040716013684924, -0.5314049750021037, -8.443044858616975], [-0.3112188018477007, 0.18129125366089563, -0.29590187260244205, 0.6033958553956247, 0.3595341464571038, 0.1154361291134306, -0.5253965738667907, -10.569279763300234], [-0.2998205473059562, 0.1729347538287257, -0.4029653192525493, 0.6472730430417337, -0.007346236602104343, 0.4968763427090587, -0.22785456419917438, -32.23068605925107], [-0.25757690590658044, 0.27735699726804286, -0.5041119607927949, 0.22170728337216333, 0.154110106122019, 0.26115792182627695, 0.6793311859129291, -59.072822532524896], [-0.23180441818684933, 0.10097056779277154, -0.41821922561129465, 0.7039695652224528, 0.048979274783765236, 0.5076968349684492, -0.0737301913936022, -46.11627094354111], [-0.21856732051913094, 0.4204991243691703, 0.02561357176545182, -0.28370632413816194, 0.0802155742792808, -0.3153441075577694, 0.7670639053318282, -39.11479296167186], [-0.19536464363973277, 0.3365615991223841, -0.22055035513854643, 0.5705430775914008, 0.3300161691482534, 0.23231012485738084, -0.5581383497502722, -31.729211681573226], [-0.13039379468249776, 0.6071179133109205, -0.269556550180713, 0.40821521681544304, 0.5644609516854429, 0.15986044198552118, -0.1758788610687587, -70.24505799529318], [-0.11527610252024159, 0.3111514631141428, -0.19488838850390902, 0.6039217225230438, 0.4515776458974942, 0.18521160824317245, -0.4989664780107727, -43.56487847455382], [-0.10859006489695029, 0.06403726453951725, -0.382273870543362, 0.7655877692499661, 0.24328972433752483, 0.4386729927102632, 0.015019904427874056, -65.32102162789232], [-0.08927881655088882, 0.1075022874127367, -0.4439009341003862, 0.545772559173971, 0.14588781280028976, 0.4576955680139965, 0.504765627366299, -79.34992803615745], [-0.03826066288065672, 0.32652540496082405, -0.30792011695702937, -0.0814128396320107, 0.08635943402208131, 0.19922106748468849, 0.8621643968136073, -68.36237935159495], [-0.0065135155736506765, -0.430665760317612, -0.7638466200677759, 0.1818794569502281, -0.23979266116586773, 0.2718857271937071, 0.25791551359852394, 20.544448817407403], [0.025218881561692424, -0.1311709154102957, -0.4897564338370468, 0.6116805061377446, 0.03460608573671863, 0.5047528667410419, 0.3349190278801373, -61.809308113510994], [0.10520269360152903, 0.33730510485600385, 0.152976163211908, -0.4783613559742979, -0.010526514634593595, -0.18741107411122512, 0.766611145161993, -44.08302992209828], [0.15422839440640562, 0.3123664998471382, -0.3487388106245127, 0.358746943172821, 0.4521719566560399, 0.13985347559007033, -0.6358491738137693, -32.50771697390628], [0.1755561519732205, -0.3203667853708859, 0.32912298561005404, -0.6900726322048469, -0.34819002439565, -0.1025849082219374, 0.38763775161474107, 29.906837737574268], [0.17616379953920192, -0.20948041787879168, 0.2518008522907389, -0.6841017346531466, -0.21686992489762083, -0.17024059545373188, 0.5636230948265969, 15.145345421995614], [0.18246157586340372, -0.49749575411869396, 0.0006054258670348981, -0.5046578357212922, -0.4580904978882112, -0.5037949239806615, 0.02948933006676524, 81.00062338756402], [0.22381030734472396, 0.09323015752662861, 0.7954831781800153, 0.5106447779309765, -0.07856182717882665, -0.20162929824644182, -0.028968490765611647, -84.3732455601548], [0.2330820442521593, -0.25013350118719163, 0.35380788558339965, -0.690788534369242, -0.35450132684809593, -0.06189058821223805, 0.3888901354724141, 19.786286791995337], [0.23361537428070275, -0.10822981004766932, 0.2562063752040883, -0.6742020942563535, -0.19025040360671594, -0.1412780652771956, 0.5978003736372834, 1.0391870838350883], [0.23888017519567317, -0.3576406596138219, 0.23826586466045963, -0.6865145854355423, -0.29573554766109655, -0.1848317176762306, 0.4066131382552576, 34.51624001488264], [0.27156224181962957, -0.30963159588772565, 0.342709865089124, -0.6424429730896912, -0.2499413690667225, -0.14364198252687455, 0.4659350719027185, 15.764961111686745], [0.2944921829365054, -0.28777789358277583, 0.35044520564027143, -0.6386958253937289, -0.24504181025294502, -0.1341241968203277, 0.4708282592177163, 11.828155375216866], [0.3120453122171652, 0.05095748646051479, 0.7521919037996307, 0.5108462940443035, 0.10010384609459264, -0.24595077732008583, 0.05255374914429999, -92.79433558837135], [0.316713529533198, -0.35458345076535397, 0.26940383102494847, -0.4922156563071677, -0.2405292922684138, 0.015328388543495478, 0.6332607205840725, -9.897970890947235], [0.32697652534411614, -0.28255294411672377, 0.24430883875281795, -0.6878624389873126, -0.2898380555582338, -0.15774372478395363, 0.4141490804336547, 23.453724987544273], [0.34082930517831506, 0.06536977924764127, 0.7751654482506203, 0.198413830954477, -0.01606454160066914, -0.3187332329751753, 0.37076099163412224, -86.72758678161603], [0.3687514948524684, -0.2501047187336148, 0.5815123375964021, -0.40364148976993275, -0.2095819912688518, -0.2175547103650585, 0.45730979718838893, -19.628763694367635], [0.4137823331652186, -0.08090313588567172, 0.784494082109146, 0.19147999278716554, -0.09207209894325655, -0.3288769124922527, 0.2313136742346079, -70.05618847482029], [0.42466173450370637, -0.3619565116266017, -0.33016565244811585, -0.4028704674848904, -0.37589086151082546, 0.12280477820876319, 0.5108433908676582, 9.692291230346285], [0.4404164997859824, -0.2526224266323775, 0.17088680569325115, -0.654232253463371, -0.36219410506014904, -0.2569235671108901, 0.2963085982038372, 28.376746789674133]]}, "solution": {"min": {"arg": [51.27312964115279, 61.59007504431418, 53.8043671389642, 63.356892534360114, 28.14904447400787, 42.31716436572858, 52.87065845984973], "value": 8.205014986718112,