{"omega": {"vertices": [[69.62915714316433, 57.83502953866143, 38.32725518352563, 70.4969735100074, 58.07441081462851, 64.17945976608394, 93.08740924178063], [69.20706379096227, 89.96826348809802, 81.50457629707307, 76.09163436922492, 46.47973817996041, 3.8667251388704416, 5.6131878592188595], [40.716888757535926, 17.20320570819297, 42.79192128253533, 61.03650881280864, 71.58987963653465, 28.911759955249096, 30.554798175422484], [6.685576652841196, 47.243082821202464, 4.099752344448393, 94.61868143555473, 39.6504113859118, 62.04733567218257, 79.0528437748847], [80.43321658360291, 71.1971900709555, 74.67839818125758, 73.7711945501491, 51.55439373201961, 52.49398155363909, 7.828786490684259], [72.79656311813956, 55.529357701682024, 60.58211272681665, 45.30015314596502, 33.00149000809426, 70.55500185565819, 0.7166364818098292], [35.13181784317828, 99.85474603172987, 57.83143552347722, 80.55472418971745, 72.8231928529511, 69.70315954063852, 87.60478047355218], [55.1358729724315, 95.89510439171637, 41.012218088102045, 20.074018241447412, 68.95591988378614, 1.512837667516942, 80.55074110615753], [63.17617689718718, 60.54438532708674, 92.1173206001504, 37.524071890845235, 61.78828201421959, 7.548635970847806, 99.87800765196253], [41.909831882627934, 16.82297967151697, 27.901594182628596, 48.44605371530763, 82.58288911538307, 27.775501096932352, 2.3388851088903206]], "constraints": [[-0.8868825837897898, 0.10254219608258314, 0.3375770072953739, -0.12846249819992095, 0.07994649391883857, -0.22763561496718204, -0.11939060349642289, 32.24832086676293], [-0.8221118372687892, 0.05510625851142103, 0.4197624130883148, -0.29911628037438515, -0.14756748129661568, 0.02310761453503783, -0.18197327079257622, 48.27681825033392], [-0.820226162109104, 0.10271282439556274, 0.366572058942299, -0.3532966085664065, -0.15738487471728346, 0.003986684535912066, -0.18083046820536414, 52.84499363749526], [-0.7250244558761462, -0.04758767565656523, 0.48502738852370214, 0.20105674123172196, 0.03710192840583774, 0.23971837812042607, -0.3708882807452158, -0.9420409278849462], [-0.6135137952097032, -0.11094716287561132, 0.1619922089345538, -0.3915471487844656, -0.5750748944302008, -0.281325616399329, -0.14793805465170012, 97.67911152795652], [-0.5647708719565492, -0.05969551180901831, 0.7085235449601689, -0.14854902661637734, 0.24566495676491001, 0.1851214167032023, -0.24243900487173053, -12.761138638403011], [-0.5624012115752876, -0.24128576379319616, 0.7084676878142989, 0.2025478771639719, -0.21582723278928034, 0.17197581721261512, -0.079855332128713, -2.710506991160366], [-0.36605715442757863, -0.33094245818016377, 0.16474425373642893, -0.5955276381334706, 0.13841290284549, 0.5620482092886397, 0.1990705676572257, 17.655857434425613], [-0.3523990683813672, -0.2136163795122311, 0.032506786053271786, -0.7177601271591377, 0.11442192704596471, 0.5103322697079736, 0.20103543178955346, 28.13407763546175], [-0.31136191724150525, 0.22796913595246404, 0.5210410959423074, -0.4549993781342828, 0.5128735682280157, 0.17070870895520585, -0.2835397881803293, -29.713881391220088], [-0.24057771088408725, -0.29188128355150617, -0.18012177825109205, -0.15570877670786046, 0.7685527618049331, 0.03812706037307951, 0.4561924843563525, -38.03324268503016], [-0.15865725854370938, -0.5043990298509831, 0.6401724767882875, 0.31022624838811563, -0.10347590295648208, 0.4307311295025258, 0.13458008528524992, -40.3494620892526], [0.010592058708789827, -0.3966418878883737, 0.14974996559792367, 0.36694561224466127, 0.39596018857144155, 0.7184992360707247, -0.11163898671486229, -68.12164449626526], [0.047618511257948845, 0.5927809176602651, -0.6569340319020252, 0.05128786600800462, 0.179619110655208, 0.12774292325428818, -0.4044369100596602, -13.558870414255914], [0.06754581977022728, 0.09469736530503979, 0.38996124625658435, 0.3077663469404386, -0.8091930097923892, 0.16385889485881666, 0.24090871471074377, -32.771259810376904], [0.07041797842764906, -0.3424875149169815, 0.41728073220750256, 0.8098873209633775, 0.12438903411438475, -0.07171962734016107, 0.16458004604922905, -76.1244220926207], [0.09445626137199845, 0.39722345299727074, 0.04669413059872758, -0.02967512692423971, -0.8743060770461232, 0.04286448252739784, 0.25294684790304456, -4.770367008946483], [0.14000879560742555, -0.33870078457983516, 0.46154432118225525, -0.1386505319726585, 0.5921853230699035, 0.5303715374984628, 0.038141324017173094, -70.0554581667902], [0.16159151380978595, -0.009483533637029164, -0.19343148466996143, 0.6147879741813818, 0.5100068125592613, -0.5010321067675312, 0.21743535114138193, -64.33286284504791], [0.18642118696137633, -0.4918149105670778, -0.34297831067521833, -0.5103052643622991, -0.5401237304829333, -0.0829302568396529, 0.2161216755349059, 81.15575333837207], [0.20274271971912589, 0.043349471716444016, -0.2970765345313276, 0.5907281055010788, 0.5555147419161722, -0.43920712857248706, 0.13528680877927343, -63.54895175754588], [0.26919734083778596, -0.054154168236703014, -0.17558098115422047, 0.7849325303737144, 0.5110035798130046, -0.12168026594052773, -0.041492335020238955, -82.22225087805572], [0.2945338859520348, 0.0046584573419953205, -0.1248683555772728, 0.5002089126914331, 0.6946829943973984, -0.3807136845488631, 0.14106613318922992, -80.295709258851], [0.322100826664198, 0.44300831653761236, -0.730145383621479, 0.06228646866397131, 0.24624087766424743, 0.20505441657866277, -0.24560317576752078, -29.05355947461641], [0.3241586151399894, -0.5286259252865881, 0.1500375835599191, 0.3967469414503886, -0.6257876032329865, -0.17859674326214103, 0.10977017013176274, 11.868485578939257], [0.366539012638202, 0.39688624594212085, -0.6722303182841951, 0.32419542830711906, 0.33915078122783193, -0.03721220483237932, -0.18634962528682475, -45.52670260124137], [0.3713288304399281, 0.025755969763266082, 0.15611993761770507, -0.4091009149718552, 0.7184874947059311, 0.3917212109531017, -0.006689468867849847, -70.73167138566382], [0.3720737494467957, 0.6223333259490159, -0.5799028327932153, 0.14284882338574775, -0.31000216971857447, 0.11616637920957215, -0.08929334618360195, -30.88438956650663], [0.39184228646660213, -0.07408116499023522, 0.09985476208661408, 0.4635386731969829, 0.764717586706894, -0.1655794427881978, 0.06263377025898256, -99.11853379279204], [0.42346806432526946, -0.31406921183471986, -0.35235454554940115, -0.010483719527406187, -0.6411027989433811, -0.4236937177393617, 0.08510305085502903, 59.42440953616216], [0.4662141054735908, -0.2791509166527279, -0.441214698930971, 0.013043012900751381, -0.579125579598549, -0.4156457488707723, 0.04160309305116952, 56.10923401055274], [0.4783915088919266, 0.06861963924274439, -0.004280165580433014, 0.2765502584031634, 0.8144665079383214, -0.15815668861954238, 0.03956404152391902, -97.44269152089922], [0.4920136293315726, 0.5625104110710374, 0.15757579397315002, -0.1000373276333769, -0.5684395854131604, 0.16955546540612423, 0.234082058493592, -65.43869592230062], [0.5138293092712444, 0.24085873363812627, -0.7707645613138705, 0.15503273227269576, -0.09596557448572, -0.10742243642148826, -0.1977482818576949, -0.22028871375470138], [0.57181030832826, -0.34197911473816467, -0.4104729453997976, 0.370009332622529, -0.42357544668817754, -0.2563906198688791, -0.07440431604181313, 17.59147658271695], [0.5888802062111088, -0.3316964935081956, -0.3506664626068206, -0.032458426545343345, -0.4874609299569281, -0.4224011731854262, 0.05600100118080129, 44.114245203257575], [0.7783514960078213, -0.4161961043887497, -0.18753482153522294, 0.06264321960322639, -0.25962013897792247, -0.337595382776321, 0.021977490045567274, 7.3444412137652595], [0.8548855505013002, -0.2611300706186895, -0.26868796644070225, -0.0791510698331976, -0.1254474920952945, -0.3267553653944293, 0.004186228605971372, -0.6779250169087755]]}, "solution": {"min": {"arg": [61.385227339833534, 75.87798263643194, 43.407951356247985, 51.054129484338816, 61.809529827614725, 36.36589276605273, 80.91023203371753],