{"omega": {"vertices": [[30.353013285434795, 82.05408560983214, 38.740730043752706, 22.775493437720705, 22.199210504058296, 83.17012474656394, 21.70654818592498], [87.36042967657554, 9.051458440985904, 34.1403635814062, 96.16403428944793, 39.34492307352805, 35.53782056617754, 82.47814922673855], [50.3458866196545, 97.12706327352781, 26.997857608645226, 98.80633315095034, 14.859115341403694, 10.66848957501849, 26.250676930243277], [86.34489221145756, 50.644647561791814, 99.61260719065498, 92.132283545283, 98.21760891184024, 9.31035066817526, 52.29493575988856], [89.65273765149043, 36.90743951901159, 11.093375031412489, 79.66950127135199, 11.69117823036463, 87.00127829812403, 22.672208991776287], [27.243589901537025, 86.9885572527828, 72.14081793367312, 6.542673271322618, 98.88177445110512, 66.31451584525307, 24.72994469383779], [8.109015854326229, 41.97029065189777, 83.21788062339182, 61.60202730098406, 59.83355081787284, 12.55021856073032, 7.836281335744532], [47.342841195837195, 99.45894219339884, 8.317691617193612, 67.70458446605802, 59.77497779393304, 37.01776448179278, 85.63431117875857], [58.939769414458574, 69.88196428313326, 18.689384419580048, 7.274308083497094, 53.00304073711419, 28.865180912180964, 60.652008751188404], [77.68616552129714, 14.323810779661095, 12.228698377144475, 55.603630403821, 15.882142805430243, 57.04678241346991, 14.407066491983178], [28.55458285142769, 22.259375962505178, 28.708099472251234, 47.689662983401334, 38.80267057880283, 11.145366125357059, 19.96947580439827], [98.65749830082959, 79.09543594208452, 50.452348353557284, 75.31492738309905, 65.77586088839946, 49.324499784762324, 71.44551644976114]], "constraints": [[-0.7317701991573287, -0.19219478993177322, -0.18783381305051094, 0.449994176615241, -0.24606457898806075, 0.2980824024745974, 0.2009884134421744, 11.317902058484222], [-0.7149675252830184, 0.38753906141256494, -0.33398961068938726, -0.2844323902410828, -0.044142690979341107, -0.363249456736436, -0.11083918087583781, 42.91671639454269], [-0.6384432306152918, -0.32734878872059464, 0.10210673174239776, -0.21692928955088953, -0.08392105804100619, 0.16396341246897025, 0.6275525204007307, 21.82808841633188], [-0.6319774565071301, -0.34592232630371345, -0.26712900319512173, 0.26918255722052314, 0.2727085779812802, 0.49274541625649515, 0.14126949927442758, 1.682681284026489], [-0.5553645783333385, -0.5575514780163224, -0.08908282157668153, 0.08822946474191573, 0.18911599989056382, 0.5602853240278638, 0.12370061119543192, 10.565689618581832], [-0.5065798692185489, -0.4289138727902353, -0.42698094687589044, -0.0030030516683759506, 0.2906371584533467, 0.48856778601367334, 0.23220581196883625, 15.053764900739749], [-0.5009515385075662, 0.03995456787124296, -0.5230297941164541, 0.3537490473350516, 0.3536086303936917, 0.2655149146275411, -0.3914273893975672, 2.6964966190359565], [-0.4740737281989965, -0.15781079656778926, -0.36599788956561996, 0.05596510600256791, -0.6783369514641603, 0.04745076115989063, 0.38842078987283074, 42.923763775227926], [-0.45602623752039156, -0.4544433718825898, -0.4406489955264937, -0.16185468892248092, 0.25352336379713003, 0.4447570766052487, 0.32104495273842526, 22.30079217212936], [-0.4543146865760399, -0.3959519017584783, -0.05339315752643545, -0.1578310285725014, 0.505557302955672, -0.2201191359686436, 0.5522845042302628, 2.6536360730199764], [-0.42700719147209343, 0.017920471313302672, 0.2581685808617353, 0.5608813895948773, 0.1144347779542511, 0.6143403655439942, 0.2135307065946581, -69.55562377238948], [-0.41970580561768495, -0.26579873415524036, 0.23170806252075857, 0.18413625294530714, -0.7977761489460827, 0.07495732204725619, 0.15342066291957415, 29.524432289418918], [-0.4001591442989542, -0.022806164078733832, 0.26664198823912466, -0.14997609469535453, -0.624783356081579, -0.21750934037779898, 0.5550650448853837, 27.01467910951447], [-0.3952601723193549, 0.11604815573858188, 0.33967274450928714, 0.616212332005955, -0.07321530662202162, 0.5279108887683686, 0.22617829835130862, -71.9092406682096], [-0.39247300402516977, 0.0331766392180002, 0.2766413916950543, 0.5425873187734989, 0.10650356902335233, 0.6356662178184608, 0.24190544214326395, -74.36818979963329], [-0.38033477318199255, 0.20084598184027225, 0.22060505938228894, 0.6495430851402879, 0.13734883751268176, 0.5700090457518705, 0.02566173812409788, -79.28977924336141], [-0.37912262671619423, 0.12736204893730907, 0.3505862961140089, 0.6108076899342206, -0.08719660816589658, 0.5293762981069037, 0.23707729504020192, -73.67520455010782], [-0.34721967497129874, -0.4205810645035205, -0.4479333682979633, -0.18052889970199815, 0.27242275049566855, 0.5277788446966255, 0.34139480888643897, 9.16095334343467], [-0.3381790662450142, 0.2436571777245866, 0.2324919422759681, 0.6436570870922103, 0.13274222599252888, 0.5828338751228157, 0.024562682213653004, -85.34913832926404], [-0.30285689566017465, -0.10364693236209034, -0.2924492067921064, -0.14226739462659285, -0.7637777990454448, -0.1016689770857671, 0.44505657709943947, 48.017623133499605], [-0.2607986160564807, 0.03315264634124617, 0.5699348761159481, -0.20899373899686907, -0.3320657448694607, -0.0016486775059458714, 0.6723915978781828, -19.210626403944836], [-0.2538870491371247, -0.2457253685321581, -0.4177689671104593, 0.42012922575554656, 0.6613358566893515, 0.22111143946719133, -0.19459072259332275, -19.563226590205765], [-0.23872443507764027, 0.10045942449193934, -0.4507713426420202, 0.16487159044019764, 0.2732622737599342, 0.12424818283429184, -0.7825798503973681, 13.298242430618743], [-0.22958263949251315, -0.15573033381713036, -0.4506194445127288, 0.5961725763054566, 0.5374328277234484, 0.06065769614336075, -0.26841544263504663, -21.642510373909428], [-0.20528889944254106, -0.009497216689165915, 0.19444812421129368, -0.09313398500814557, -0.27349334467104763, -0.7399394451797794, 0.5375623371812099, 13.056963369972996], [-0.198905341888275, 0.1629739466702442, -0.730230893112143, 0.04947279119726829, 0.34835614049392205, 0.08133797583977365, -0.519830334260414, 16.613210289729476], [-0.19841398083153794, 0.05607166767859082, 0.5741342420613978, -0.21978798745073058, -0.32630334929514104, 0.041029649544776836, 0.6865811423686725, -26.887118020628506], [-0.1954293329292002, -0.40859493648778916, -0.3282796043470983, 0.3287439580149752, 0.6699721960702693, 0.26948442356749086, -0.23986009900153482, -15.78826618623263], [-0.14791741088990112, 0.3843145930877045, 0.5978175723867577, -0.22582148636617705, -0.40627251599220204, -0.2249263154183678, 0.45430423167533623, -27.19683467013118], [-0.1421209532880406, -0.022060168595531126, -0.27382851038217887, -0.1570073095816571, -0.8134377285158422, -0.05264604784096122, 0.4639278938709726, 32.6741420443533], [-0.13771780895747107, 0.15313454401276722, 0.5580240390315762, -0.15415238874227932, -0.5308387436335645, -0.16943029624709469, 0.5585100110159629, -12.740111013247185], [-0.11452459706551535, 0.16387720955947552, 0.5582466524300317, -0.15544538313046746, -0.5350062140272047, -0.16177752692034897, 0.5584103934418477, -14.846554974105093], [-0.11436442744096245, 0.20921010983694768, -0.7523841937710481, -0.071663443778237, 0.31376694388509857, -0.005873662251506655, -0.5229245533384399, 21.958865756360566], [-0.11016649832431895, -0.016437795926058412, -0.4807544722026255, 0.40417230566238216, 0.6285360396465712, 0.05027542314953976, -0.4421853174827479, -18.080646244062386], [-0.07419571816430816, -0.25185940401201173, -0.5172467458450184, 0.2762557496683742, 0.7231374366568251, 0.13785454099276656, -0.2127645974728183, -15.947817210290964], [-0.06127523261803996, 0.44516043118618437, 0.5941495195505174, -0.23553414357427954, -0.4008290088395497, -0.19975123566000344, 0.4347678708545069, -36.24661098904467], [-0.0608117241771719, 0.24410344957737623, -0.36855133072657004, -0.04778240263932977, 0.5646844216881137, -0.6219825001650677, -0.30474821101342686, 0.2686190184289998], [-0.056574715867313614, -0.3196555713800081, 