{"omega": {"vertices": [[55.13730997497219, 43.13851806794497, 1.7619364846944818, 79.58910130021961, 70.56990506326142], [78.95830954486789, 91.63488727933323, 50.664295939116286, 11.126632895889909, 0.5098205288279201], [56.190420764231206, 59.09489401095895, 8.918173863928114, 56.526368816273674, 4.7738410327261676], [65.73421205534241, 20.404615298484064, 52.609883338998806, 0.6097482936806897, 42.605236483642294], [78.67328247306637, 68.43411139430562, 9.941785514988732, 66.34001989584051, 19.534809521596785], [74.37581639304935, 13.346067391647754, 32.114196687362465, 45.69173415814686, 25.849890889668593], [42.215999684025554, 49.50068614855472, 90.91427300569622, 38.980556709426835, 94.61413527516315], [16.978742780921475, 18.94837879849337, 90.11423280811698, 53.69699664061667, 73.05350276099556], [32.62377917440723, 59.33339065406078, 75.14177651394026, 62.086206980378996, 52.29492587283118], [8.604281277462212, 38.60577538276389, 62.14127631963563, 30.626099498074865, 86.32994213696567], [83.24323486241421, 86.03701617460548, 45.16419741838563, 56.184584435003494, 76.98292600959309], [96.30211853396162, 90.27664352614808, 77.87570722215126, 0.7215186960300102, 41.61418618597865], [16.226467255833, 43.75113556203776, 79.4567205701048, 22.08193598533814, 60.27575366883708], [98.41662922979899, 55.45176077763047, 24.729574788394594, 52.1991025028184, 66.98525051788566], [91.06529911401246, 99.55448360664089, 28.05272351862368, 37.79888110507177, 89.18448511577573], [83.68943281172423, 76.5025536227159, 13.076103599942691, 37.30175436692128, 86.42485692540656], [10.451367390248457, 37.44275377734249, 79.42335703659451, 88.6829547183739, 67.73603221348726]], "constraints": [[-0.7713104280676552, -0.4116139814585673, -0.2154184675341001, -0.057678165192512815, -0.4311870440159372, 74.90443708947488], [-0.758701446173964, 0.5458928055615414, -0.02008128121601012, 0.025561137934223953, -0.3540007496911781, 10.796429360494237], [-0.7510106264763501, 0.6175490541334441, -0.13346003826065536, 0.014731230159324734, -0.19127888985443742, 6.976259088604204], [-0.7255278828557403, 0.6521379944348579, -0.13644095039876197, -0.005715787861546634, -0.17226875583445997, 4.591971858010978], [-0.6732423691463261, 0.30920696405181686, 0.6047119179408614, -0.06081662122146471, 0.2859381063300064, -66.54442255702833], [-0.6670097690860479, -0.54408842027482, -0.24781206156472793, -0.15975649263337954, -0.41488890569783665, 82.85350626357291], [-0.6602360959371596, -0.587857734152114, -0.37355303472498874, 0.03097404049470058, -0.2793032779656983, 74.75224485095333], [-0.6489298333054846, -0.5303212715186962, -0.280782843329385, -0.2363287874043899, -0.40368195346924535, 85.5929115992373], [-0.6460878946758032, 0.6636605851665649, -0.33891965983962163, 0.15389065720250975, 0.05980125291108634, -8.876818556169544], [-0.6426189884423033, -0.5909522499823994, -0.4288300010278779, 0.0648478640852333, -0.22297053320146176, 72.25448403539683], [-0.6407133472240262, 0.7236759478402092, -0.2348730192425653, 0.10284466532665203, -0.006096626303939965, -10.453293602799109], [-0.6347822902265072, 0.7439966153317695, -0.20178056444054449, 0.03324345413920544, -0.04123053432361807, -8.180506722835316], [-0.6345191631284786, -0.5923040520092105, -0.22874843305968376, -0.2175571076929797, -0.3832810990137791, 82.29221885888207], [-0.6221497051209981, 0.5438949480774387, -0.5454412939967352, -0.10023147984121593, 0.09775211059461764, 12.880848251701106], [-0.6119711782121734, -0.6471430750373316, -0.4146285078780454, 0.07528482368932381, -0.17062389412308035, 68.4388474303127], [-0.5804793372645631, 0.04642745542032849, -0.4395571007765182, -0.6391771482676648, -0.24316734707078697, 71.08500477760195], [-0.5797754559378674, 0.8104417044725398, 0.03544840745262809, -0.06703402978846414, 0.035979349675527954, -29.55509289519323], [-0.5641636933012276, 0.5205522640579041, -0.5134098661183952, -0.3833177268988971, 0.014916338768687361, 27.113643858762725], [-0.551313632151489, 0.7539253018173778, 0.3035251257615411, 0.0026479310425372134, 0.18845531241157176, -59.574084019581065], [-0.5116687445777296, 0.7934337556948714, 0.21184126988141103, 0.04849252064665612, 0.2478502026679546, -62.27470085902615], [-0.5094387779249477, 0.7304695301209856, -0.0066155354953900125, -0.43479249054658864, 0.13340960222400094, -21.607135409687608], [-0.5014378265661624, 0.8088393442670642, 0.23908523694785241, -0.046396747754694864, 0.18714863752003533, -56.50399935069804], [-0.49322794726002867, -0.49028814114165753, -0.6432423791748921, -0.30770003387588996, -0.08890253924223378, 80.24233118834043], [-0.48967584920235574, 0.8382839570199454, 0.2107148630376496, -0.08864275600791281, 0.07238285994128915, -47.87840567429366], [-0.4703150387162073, 0.7321298760071531, -0.26566930864650873, 0.41495872097283515, -0.004322886419719988, -37.90412535554011], [-0.4581015363174621, 0.8243002369431149, 0.28894455229404026, -0.07260954542528351, 0.14802365152851726, -58.908166205986646], [-0.45169811110145286, 0.7659756291021522, 0.240766295076797, -0.27927072841147954, 0.27072052647787154, -55.464384627089565], [-0.43058374973503816, 0.8047986060061301, -0.11833009210759769, 0.3787973001492801, -0.0969919220148121, -43.258529793186995], [-0.41718218073332786, -0.23018065041943805, 0.3598622989592261, 0.03198621398204425, -0.8015309751681122, 35.853145791137536], [-0.41391107523073095, 0.14789640752381164, -0.6090152682850347, -0.6600240730005427, -0.016519700311210334, 57.33684559856346], [-0.4002816592999974, 0.834357586125494, -0.07256585819527112, 0.3438726126163813, -0.141802095258313, -44.92805278478204], [-0.3974021203857133, -0.36280223448627275, 0.23711217859837108, -0.16697117832319736, -0.7914193159977863, 54.871728729368385], [-0.3843809107653411, -0.1146074174783734, -0.7479577518889472, -0.5243872248930744, 0.06851054704435633, 64.35630278880888], [-0.3668350547780809, 0.8135678781775051, -0.0652886816162128, 0.43428626698680506, -0.10330622703011201, -52.95908297223163], [-0.36317047565587, -0.33569828222292075, 0.3317629137277184, -0.042329566859525256, -0.8022190759193206, 43.508439947640596], [-0.35601616300985567, 0.23785775481032692, -0.21995498123383753, -0.8726053062269218, 0.08280076042750052, 27.125175491786706], [-0.3349460766275918, 0.8429541990909577, -0.01699838772294668, 0.39227873157738413, -0.1518808597340844, -54.2233351289553], [-0.3167037472220871, 0.32250671116153984, -0.34478642522810815, -0.8051996978828172, 0.16871255216817016, 21.795036190269112], [-0.3075393245794648, 0.7168755593736492, -0.1929685917636668, 0.5945384498923261, 0.028216137267553617, -62.93805084302737], [-0.2923642213961722, 0.26116151608102917, -0.3586106019540789, -0.8321769224298144, 0.15873824525628372, 26.50023137353068], [-0.28669152306118206, -0.3782085388913003, 0.39988219862583163, -0.1109629218990439, -0.7762394790915785, 38.664411317929975], [-0.2795965995980477, 0.05602101595483596, 0.7357809441645428, 0.050007967927751605, -0.6122197257624652, -20.579126241709204], [-0.2650856324581721, -0.2965771554269627, 0.41222586141541195, 0.10983098758805458, -0.8122675616377009, 26.41445619253546], [-0.2617858448899591, 0.8052266569687243, 0.4135159472885245, 0.2462826579972292, 0.22677657734015813, -97.45872748620945], [-0.2567972658360731, 0.5777502309997509, -0.7697659694407267, 0.08493270808838013, 0.02250827018240165, -17.756023983037785], [-0.2424477684722934, 0.17249223688772125, -0.1337162590918513, 0.3341749500712092, 0.8842582046979611, -82.83624366923168], [-0.2374209281791935, 0.3209115157777289, 0.8966940917735016, 0.031393617330408644, -0.1886829310594302, -70.75633817435822], [-0.2315570313692329, 0.8868121597534165, 0.3275904696070231, 0.22711757620576445, -0.032367040921557066, -82.08727354853472], [-0.2160096446115826, 0.6231675155031163, 0.19957393800948836, 0.5645156746264024, -0.4544165241548038, -56.20888951529041], [-0.21337786185462165, 0.8202438782597163, 