{"omega": {"vertices": [[16.250788294940875, 38.39857811365016, 32.7785401707969, 41.37496900279051, 25.62142694831059, 20.054642288104407, 75.23608593310054], [35.61784834431897, 67.74967543236272, 50.11600658682601, 87.65072508529809, 71.84461443085058, 50.13977074218775, 59.740087793100315], [16.127773100114563, 45.05203501737958, 81.56937367634069, 33.730411662388605, 19.739516970380233, 31.62959843034132, 78.37788442220845], [52.01718737651788, 72.84293661849186, 76.62293017635265, 52.04751844338017, 0.8743338643761756, 47.82902432027755, 14.59417819802823], [18.272222888753518, 69.45137178824442, 81.82010799262576, 9.834825197859065, 92.94046568296933, 40.05312630994048, 41.742157947361235], [41.29601996545033, 26.657519056125544, 8.451428331798471, 1.0383547390468317, 32.44591089157769, 79.65166113112278, 61.06102859298226], [62.40856124476251, 0.3106832529929493, 62.813555050208194, 66.17506021391564, 13.817979622634502, 13.001864686532706, 71.5351150978459], [16.583100541919805, 91.21672016994533, 28.137519369216967, 1.96613124739361, 14.049328907976587, 9.153137755622986, 11.113846367663104], [47.42420390393458, 15.05379739816467, 57.76144089095301, 49.9256756145727, 3.9739367230556932, 12.693771493215033, 45.12241140940178], [62.24408984560588, 8.217012398742074, 9.038536128653563, 11.66821646999676, 27.98043186520576, 13.663000974557061, 41.90395598260154], [3.15838047460526, 42.09102726849593, 15.363359818846355, 78.70625734436958, 61.682723549590946, 65.38267555388975, 81.65678886653845]], "constraints": [[-0.7510730359087064, -0.530468221493793, 0.053469466989041266, -0.15274570530740736, -0.03366723712639562, 0.04942644679182905, -0.3531657823571688, 63.584136187879245], [-0.728018345316726, -0.555388357725824, 0.008318612007820152, -0.15343700050869274, 0.013618175611408446, 0.006255994204747834, -0.3710745967909877, 66.67659585841466], [-0.7236255003174142, -0.5611424088175518, 0.05802623153842216, -0.2442787410672803, -0.02567420600082475, -0.019392412774501402, -0.3121072810843286, 66.04001352140763], [-0.7109820051233119, -0.12857245130029743, 0.2798836808242289, 0.40140213980832584, 0.008234432765213908, -0.2392282073298858, -0.42569615861293636, 21.658923794672077], [-0.6919356075865745, -0.11375907256509768, 0.21506105736258932, 0.3920365610362281, 0.09271268215137209, -0.4632659546268442, -0.29176887879257674, 21.20954786669774], [-0.6820239233895729, -0.42569353953620304, 0.16102018197683718, -0.03835335810158548, -0.1259439181778319, 0.27130862180849163, -0.4865795520223836, 50.37901174175062], [-0.6704905398934146, -0.6793210453265711, 0.0856660037238119, -0.17750047180950285, 0.08344436198585589, 0.0038112211056879576, -0.20770841256363443, 54.92980369139464], [-0.6276150061917289, -0.20195198082642288, -0.09994252176850435, 0.08212248917285889, -0.6703427887969342, 0.2822494935176679, -0.13984977466844425, 39.86853785759199], [-0.6206297945864534, 0.11334910809242921, 0.14591304477609007, 0.5823384756412261, -0.2542538389309477, -0.38613790602958287, -0.1667765686006756, 3.6620458283988455], [-0.611226734382304, -0.23559021060221857, 0.2538687490032987, 0.39526827834217365, 0.21127495019150258, -0.5323269961468766, -0.14900886837863692, 10.776891425583468], [-0.5974706359305714, -0.777209857410376, 0.08762729190707319, -0.15964194142126006, 0.06547551126720945, 0.009167672252362428, -0.03792751253267479, 44.2780950831037], [-0.5974605900789753, -0.7467584563571097, 0.12751657733901636, -0.13751705975764883, 0.1876958082520628, -0.08654377808833318, -0.08661229693170183, 43.336565601484324], [-0.5570687380883524, -0.7753519341579822, 0.15252582956060054, -0.15882265892255037, 0.1633874747754744, 0.03634670106547089, -0.10953759162908258, 41.041681284129524], [-0.4576186552786577, -0.4567527662658869, 0.509184682392316, 0.3777621101752941, 0.08346451973138021, 0.21061202392774425, -0.3586991406533163, -6.512978912810556], [-0.43513209746526366, -0.4668736880655636, -0.029825254389861684, 0.07854073593540453, 0.09396228954497501, 0.21022984239158873, -0.7297981403499999, 55.35380775097956], [-0.4281118056418515, 0.19522790523360453, 0.10313091147242413, 0.6846647363178409, -0.42567960828636925, -0.3355638416470431, 0.07347339721356429, -20.139501646438724], [-0.3993247941818134, -0.25660640763782616, -0.12367219067551083, 0.2983237778161787, 0.3770600935119428, -0.6384192122458414, -0.34734358849708097, 37.32854405232389], [-0.3897350166208969, -0.7133213462828394, 0.09096371442470363, -0.29459906035624345, 0.33779166813940786, -0.09491620555572995, 0.34799996107833825, 9.998046929119933], [-0.3682368514967498, 0.08572054968751479, 0.2548471399351416, 0.34777878814034446, 0.15914219155500123, -0.8016883981572834, -0.055910048064931946, -3.8436847029791132], [-0.3659043941073439, -0.3034824693433595, -0.09282415962123056, 0.2982273749644701, 0.415881218577596, -0.6541623197483271, -0.2749017003266973, 31.449071208941774], [-0.30894138616640315, -0.5944009157001309, 0.41762070461138, 0.09883733698947514, 0.022331915720162344, 0.5191193800540965, -0.3115818576516748, 1.9233921413417505], [-0.3027221488519512, -0.36949291330375655, -0.08384552468904578, 0.273525628001601, 0.24054034740492664, 0.006220025678022112, -0.7950406272509537, 45.94501747818022], [-0.26035064957454496, 0.35745635936075554, 0.1393036821040138, 0.5614195188701894, -0.30554475183368485, -0.6060077444109718, 0.0961359284727312, -24.54092907835402], [-0.25992113056675104, -0.15312815175146122, -0.08581272519141105, 0.28079498497493427, 0.39091800393399717, -0.7852757184284082, -0.2308858763139058, 24.402254804158467], [-0.24104119368118032, -0.19360075123915726, 0.20255776087630833, -0.2597447830797032, 0.1405566779288026, -0.8744128470490325, 0.10754946046012531, 21.30166137976403], [-0.18857740344085785, -0.03374009300406473, -0.15690465245521154, 0.22668917103619254, -0.8360737764147795, 0.3258661523306346, 0.2865048166526545, -6.545275853005939], [-0.13148087535837216, 0.25683323064190516, 0.45039878516090465, 0.35904743710825976, 0.06788245315658785, -0.7544656167047715, -0.10558858389211512, -27.500643171471392], [-0.1257583065302264, -0.2364452575124836, -0.23985784258225543, 0.16237556669221934, 0.29947468505778785, 0.2696528665905699, -0.8258226951232924, 32.585454923667264], [-0.08906490455668746, 0.022419120959268523, -0.4751854640231446, 0.5630047717096361, -0.004392164475869359, -0.644343293582069, -0.18328026765595765, 19.691991136214245], [-0.05621109516943804, -0.5704079956288641, 0.08044512932458395, 0.21252673960984741, 0.27281087037087565, 0.3472633325810062, -0.6517809480749588, 19.91311875571499], [-0.055626634674218654, 0.7526643951773143, 0.04062759762627206, -0.14948186219404294, -0.14563415203249738, 0.46451458922580574, 0.41161079564494435, -75.36265736472578], [-0.0427971610818767, -0.599402545217336, 0.17008875228682954, 0.21468622751026073, 0.2552144203208904, 0.4102697448882437, -0.5748121153410399, 10.224811806446546], [-0.02548448618214235, -0.3559534735127981, 0.47349173336903794, -0.6904593959136126, -0.2691107695012009, 0.09023155264616306, -0.30192172384499455, 27.23660669408167], [-0.022294536473855212, -0.6121098372751747, 0.10909661323903996, 0.2099506662069178, 0.3014275645643521, 0.3512459959064507, -0.5954920832168188, 14.701919978168132], [-0.006303725993630976, 0.3081675209749957, -0.3923547680253151, 0.647134481031287, -0.45596995743474855, -0.35164458632925366, 0.02655606042267044, -8.908373375625732], [0.0104177583015855, -0.4161829090198571, 0.5347561131346453, 0.14311842244530124, 0.09050968814691494, 0.7152658711022772, -0.02095240228428098, -52.633277609289514], [0.042827770869649825, -0.5854618391228211, 0.12765792266069187, 0.2028271005866805, 0.29199914246939446, 0.369334712363915, -0.6134274285219243, 11.113053629234177], [0.053812801226361014, -0.5739155999352588, 0.01691090484593915, 0.2957490466236378, 0.21021418636316827, 0.39072073840966837, -0.6189659843011567, 12.479450857482215], 