{"omega": {"vertices": [[2.312447926420824, 52.40120109370827, 66.43397370240201, 32.532005960875225, 87.61108101360534, 48.13963560057191, 84.15341479480863], [9.0710127805804, 22.38178036203179, 56.06952292308706, 43.48718908717413, 5.717261803716522, 54.05678599300651, 68.90291854358122], [99.3540803559595, 20.600097740241495, 94.87126030172158, 86.70752068342273, 49.3545162633118, 79.61857864030645, 63.271094319951516], [93.41028358576423, 32.98151315524881, 22.42738056424296, 53.86116570371583, 15.97660516549042, 20.510900908384233, 95.117451817813], [94.2400127846822, 50.71774537822492, 54.37407476863264, 8.954250296435106, 5.8521219524654615, 37.623390507471846, 70.0974467754691], [92.33655190885209, 22.693642744284894, 42.9520621090275, 5.6853281148314005, 83.73286782459067, 64.47881766447928, 84.99980472110225], [54.14414763302001, 69.74966680675772, 71.56106821508288, 53.3186479490388, 68.25050997682426, 88.55962811974184, 40.175385134035466], [83.82266526785271, 20.39453264248614, 56.452212944516965, 86.31570412110835, 24.088696889938667, 51.512296434671136, 63.801884562426295], [5.319085984501615, 46.00922387967978, 51.737236944786126, 16.18750578089303, 51.52699979658011, 21.545168246508684, 2.1606003339575075], [38.3997872625208, 41.0684928527845, 66.90981201990192, 14.836646506526364, 75.49465366176369, 97.23191819871587, 23.248540207026135], [5.793537135310256, 40.80344418991356, 80.85501141454084, 81.79955758005201, 72.33541929570063, 49.832451453036484, 40.50070372533609], [62.35776888092066, 7.482971197080368, 64.96077635776588, 97.3480978335055, 94.59572351599887, 42.90518828834296, 77.84234029835588]], "constraints": [[-0.35808159171523984, -0.1579520733170305, -0.06791155174365633, 0.3105071305135359, 0.07072530163175104, 0.7875554724924714, 0.34721228190518877, -69.81291495984217], [-0.27370325005553875, -0.13796343136419936, -0.8922775333708793, 0.13529748394339255, 0.18096271519077956, 0.2413564681222948, -0.024239797889635217, 37.30512789668538], [-0.27364411910917363, 0.04166808662458219, -0.8693417879254549, 0.26400434398607836, 0.13845500183263518, 0.2741646611862302, -0.05994313789941939, 27.330609055988223], [-0.2732712515218557, 0.08307438938577638, -0.8654865199891103, 0.2675688837203243, 0.12382577223454465, 0.2807119973738878, -0.06024448325398165, 25.77977990686734], [-0.2681597310716435, 0.062059396740539736, -0.859135039427437, 0.27797908030901014, 0.1305426121882039, 0.3000796074636429, -0.04200548099835583, 23.05285834373335], [-0.25569047639452436, 0.07888905887807768, -0.8695910986837058, 0.26991929618985605, 0.15508577972260476, 0.26586687977462425, -0.06794846923697109, 24.778893697197454], [-0.2476890683355465, 0.3843761130012001, -0.3491161994236849, 0.5715798858395043, -0.10031398252599794, 0.35176612810469615, 0.4566367687920268, -61.54328595059381], [-0.2423441252796168, -0.21621641249776424, -0.39729143087206714, 0.4747286838290594, -0.0461499260644371, 0.7128127562188853, -0.03286552160686783, -27.33504518375731], [-0.23430982707192577, 0.8499649805747181, -0.04867618403871815, 0.2289452290765537, -0.32948418071708097, -0.21994813158273424, 0.10457601061005646, -17.55739206615342], [-0.22889295493501713, 0.3835401575241656, -0.7638908743724512, -0.33791563680796455, -0.11197916728711277, 0.2722693174789372, 0.12695984424948187, 28.192283620513315], [-0.2285415229279351, 0.37009442862723996, -0.10107884636547433, 0.5665913059053889, -0.1408539381194525, 0.3909333198910103, 0.5539743248580589, -83.68003745260307], [-0.22103439532018718, 0.5243273443401081, -0.7181287876492295, -0.2155596674759806, -0.14446672433995844, 0.2910998689654976, 0.09186913527694869, 18.66882812705301], [-0.2168673383677396, 0.011881129233290651, -0.7893888258456947, 0.23405267383694392, 0.11355977220877796, 0.4850573920270683, 0.16351002535916925, -2.3525649860529554], [-0.20696813990228957, -0.0036465969601344765, -0.8416077123346254, 0.3437677261223575, 0.05570566221924729, 0.31645039916815737, -0.1656113657771343, 28.184409871441204], [-0.2061499294474828, -0.022779387367457493, -0.8460012574304014, 0.33780579741376876, 0.05594413660320844, 0.2985616492711412, -0.18677156347797222, 31.534469568019567], [-0.2048054270114464, 0.005332312948711292, -0.8432932830159569, 0.3417896259964146, 0.044188054248881836, 0.3037659223913279, -0.1893047124139288, 30.528431003880396], [-0.19943755404133287, -0.1278269800601129, -0.2712070723822349, 0.19213736475997856, 0.060102384688643824, 0.78246664081113, 0.4664209917361722, -63.25798717440605], [-0.19384778037846595, 0.3731104660747584, 0.2519330277057633, 0.5307277727936083, -0.23623540855899713, -0.022754941748183804, 0.6494185424311214, -85.96425872589998], [-0.19154790883493492, 0.0013518040269868649, -0.8459268514742375, 0.34445287231796345, 0.06508943156953828, 0.29366038871528416, -0.19645481401881335, 29.89038416124025], [-0.18195495511837628, 0.2714979103276386, 0.8674573847761605, -0.2724490050547651, -0.2571879770609812, 0.004778433524386369, -0.01737858641838449, -38.8064316318093], [-0.17677558387551587, 0.45692434027659934, -0.6539446586354289, -0.2298282232703185, -0.14582438775257375, 0.43947609966032664, 0.2551507734709018, -2.4658804418212554], [-0.1588749391235329, 0.2652554160741252, -0.24707381774019277, 0.43729269883659855, -0.09740043257407378, 0.5166209018053469, 0.6129795605446725, -79.26513353705064], [-0.15559693043164638, 0.5899486070948212, 0.15235321490904488, 0.4850157986481691, -0.2731620590236615, 0.1221958210322555, 0.5289131119833328, -82.91445563826619], [-0.15421327298160986, -0.6422575702177927, 0.6642198126236094, -0.3086018035057919, 0.08858074050979843, -0.13930516037898624, -0.006926184229919736, -0.5473403196718618], [-0.15049231459105067, 0.21308543823421913, 0.8983862620536006, -0.2553461836560098, -0.2408768180602805, 0.031238214508769273, 0.025488083150527543, -44.73960007289488], [-0.14664590620044565, 0.14690085844222625, -0.8899641354189322, 0.19265236530319244, 0.29281777898516104, 0.18650641277302377, -0.08507130009257426, 18.024423168591873], [-0.13792115282287695, -0.800918361343205, -0.025363224950679275, 0.19388863053991792, -0.0919815160152247, 0.18713621789997475, -0.507731106488872, 37.56155077415092], [-0.13528474264886806, 0.04613219753162081, 0.9180936869471984, -0.3105984068064753, -0.1893363495977665, -0.06565714261146281, -0.006584586501998532, -32.68997764798346], [-0.13245815467757172, 0.21309318114233444, 0.8801170743784094, -0.2128238636745922, -0.3197245238547463, 0.02607112027376326, -0.1193423536796026, -35.01884372488826], [-0.12867314934668572, -0.07711460519423763, -0.7238249318472361, 0.267759321125759, 0.03304949895536615, 0.5959756121167473, 0.1599992895935064, -11.596320457882975], [-0.1262606322600802, 0.5614903997471689, -0.7403767489391818, -0.26010344879358455, -0.009406919089012887, 0.2193267251923921, 0.06915595981991618, 12.963187753321849], [-0.12065716111459056, 0.5617302505715284, 0.012457652657877981, 0.5792538176224848, -0.1160721971124315, 0.15210665005407192, 0.5455287424063644, -91.88948101900749], [-0.1192296643888507, -0.6508111980360334, 0.640073526771896, -0.3468234064434561, 0.08763824367928119, -0.1562126532427022, 0.012869418054270743, 1.8981675938666926], [-0.11493851685029836, -0.029350859698965608, 0.07695308661048754, 0.3525532686255038, -0.4945036745682926, 0.3853078318450159, -0.6802323648424313, 10.921958929198517], [-0.10898685347134586, 0.08650378008180429, -0.35317004165846194, 0.26660578767544374, -0.02503684106747306, 0.6512339530522343, 0.6000822713896928, -69.1472401407976], [-0.1046425886185889, 0.7153413203929853, -0.029753482165069216, 0.4031911801992641, -0.5065587826503086, -0.16950348781343721, -0.16898252523002494, -7.224453483083671], [-0.10403306421044407, -0.1553800140261441, -0.5009286967885656, 0.26033197583200585, -0.006091162076382106, 0.7506361820814897, 0.2878195542002279, -39.1866681928022], [-0.09846647921751916, -0.14636367896029318, 0.579451577857842,