{"omega": {"vertices": [[64.91206606096699, 66.38643919301713, 6.013987752360195, 0.3760549369276611, 8.118184570127218], [90.869373301771, 32.406130088078925, 42.718888977374704, 75.83223980881661, 47.21569375494658], [24.8134093042244, 14.803386991104105, 15.096152536634754, 85.37764309321042, 41.39610321035852], [33.87056278296466, 25.91408296225931, 8.017637218859864, 69.42833877621047, 85.90314429865735], [46.72510769100657, 45.49965025272865, 84.79972836864246, 89.52248005792728, 64.46592622532678], [35.51629523162089, 43.40101538395744, 35.48450240485719, 19.24363484264817, 66.51602274376465], [15.716388419498417, 87.10929425083398, 97.4095314376923, 99.18322984826435, 42.369923614946444], [32.59631199018064, 68.94697108582957, 45.336529978980025, 18.558288686127234, 48.28265652852488], [85.23725539725362, 49.73198370508213, 95.28552681991752, 63.12713017626513, 84.35865499620654], [58.233897946197786, 37.18442659461344, 61.347935951788166, 47.548381446537, 49.24184771132103], [34.79374839106082, 82.80943249919332, 6.876318114645885, 16.843757076333553, 85.07080662100834], [40.088694722616744, 65.11303368284452, 3.715725380160384, 91.49849063348407, 34.29644453909864], [62.12503627970498, 57.747300079530994, 13.578173525689541, 9.882695604833847, 14.229485078302929], [61.69799934259975, 31.23961220517294, 28.70485354547785, 98.66349851370337, 80.40419406458125]], "constraints": [[-0.9806651006649322, -0.06907777503135419, -0.019328057819031713, -0.1731399405450978, 0.05633123914437065, 38.09839513796523], [-0.969498950383073, -0.10505649381600905, 0.00545738931787049, -0.13360185621115828, 0.1765097142708381, 29.629177874763865], [-0.9029296839171229, 0.18975388998914075, -0.2476489812087238, -0.0924294082736929, -0.2807814697015633, 42.84897407949203], [-0.8939024155751413, 0.19869986734980166, -0.3093174024947388, 0.2035388319946527, 0.15604974376223485, 0.07132112215708375], [-0.8626270316008535, 0.1620090192823134, -0.3078689628449842, -0.14337421319383872, -0.33806540599488216, 49.889615069167505], [-0.8515081755252524, 0.1619533268322006, -0.21284913676154063, -0.10937287706957906, -0.43753601644096474, 49.39485070681426], [-0.842142452458811, -0.14776478983652291, -0.2907414515754889, -0.37159248907958253, -0.21529070357692018, 68.1108091288944], [-0.8027560534120585, 0.37678049774397493, -0.2562477156202499, -0.1143758801688442, -0.36725255820089875, 31.66094465636926], [-0.7399593127988893, -0.4808765821438623, 0.3554449121872985, -0.10863441621432504, 0.2882280454115619, 17.457097323845304], [-0.6492837076465384, -0.4444033381485158, 0.13116777864011245, -0.4208818961788899, -0.4319603955719791, 74.52486962714607], [-0.6293809698808908, -0.30618772132559974, 0.25198062601899923, -0.27036227770983073, -0.6111781057628388, 64.7290509762392], [-0.5658404807685217, -0.42036251957005877, -0.5454985812044214, -0.45246112554482903, -0.02881198082447967, 68.32091851656311], [-0.5639763886969675, -0.369545016995855, 0.16108948731614947, 0.5724947669271194, 0.4377979354943827, -49.96851901113452], [-0.5574870019362713, -0.1059225485907029, 0.3598717607816387, -0.13922934459481465, 0.7273899654021764, -34.07666006695686], [-0.5566608680395867, -0.1019592559381142, 0.35832469923076715, -0.13941174339336485, 0.7293152705429682, -34.347669123054686], [-0.5488719963273633, -0.5927003590597719, 0.5045336851952856, -0.25372249437712363, -0.16886821005845656, 43.42955523602481], [-0.5438681242120549, -0.5124076812154225, 0.4472991279225877, -0.3150009154846923, -0.3772847003272102, 56.84024784193856], [-0.5412762964630213, 0.06466093643248635, -0.2438296024245087, 0.7359668416174957, 0.3189653072169813, -59.88443681339197], [-0.47313164629340815, 0.10643498155502201, 0.5408866080000887, -0.4332539604012514, 0.5334329602301124, -34.153053087862446], [-0.4666542148783083, -0.460459146623954, 0.40977184937046907, -0.29962884468141543, -0.5590356025558977, 60.93315869837914], [-0.46025899150134963, -0.5403743756517502, 0.368668674495773, -0.37308144723387104, -0.470160437570572, 65.1701118449851], [-0.41125747597910783, -0.43091412887358593, 0.6919161619431285, -0.407578785351754, -0.01765957421602886, 17.774093912179655], [-0.3809841869437454, -0.37033178379585885, 0.7097934248649724, -0.4589573230090851, -0.05706915878280855, 17.045276412103615], [-0.3499181378025622, -0.10262566271459979, -0.9223615904185614, -0.09582968099781712, -0.0842083068917497, 35.793588704769604], [-0.30716354443432387, 0.48238894316026765, -0.28463749970909313, 0.513652887883719, 0.5727946132911298, -84.68166979759145], [-0.3071631009266149, 0.10816468080262637, 0.188702108587411, 0.3037703333749583, 0.8752521522578186, -90.18932801528109], [-0.272462745737634, -0.8267367964789951, 0.3768714060665105, -0.1888991287627444, 0.2540775156815054, 18.919869469069823], [-0.2620533816569201, -0.8325512775495706, 0.39143544633102345, -0.2018837056038019, 0.2102561679952821, 21.45041629648385], [-0.24235143917788105, 0.27211962247420746, 0.10380487800360154, 0.27392760897506596, 0.8839710986999322, -94.62965637316105], [-0.20455336973013008, -0.2590148419654421, 0.6234991891407002, -0.428572806919703, -0.5644850227273724, 31.467098939493052], [-0.16179279357075754, -0.8777754165318148, 0.32280624627096116, -0.2210888096819497, 0.22416350212030373, 21.732093673218955], [-0.09849179496937098, -0.42905899073253145, 0.5338491444929765, -0.6688461394241549, -0.2717676976699291, 34.12422550606727], [-0.0901155317898136, -0.8867568457719969, 0.3072603312179045, 0.09025014581319658, 0.32091663628939315, -10.265413434686321], [-0.033085192766650375, -0.8136056106974071, -0.34347926247895316, -0.46778098604248347, -0.012418760217072129, 58.50241683468427], [0.01718708309642038, -0.07576657865935636, 0.7294241207318718, -0.4853357855713311, -0.4757663891778052, 3.5723488431647183], [0.031376285353185915, -0.5205769884558378, 0.44903347795932763, 0.12034986137096569, -0.7154718543363011, 19.491631346295385], [0.03923442486164025, -0.42019148098437453, 0.37154602911190865, 0.06942807409865837, -0.8240346291218945, 27.822018955610062], [0.06332759983075395, -0.337778647320464, 0.5663808628128358, -0.7339463668568779, -0.1497686526981206, 16.398842435334856], [0.0796342707785399, -0.8911841308453824, 0.4178390085573154, 0.021575553915731554, -0.15618670317283612, 9.532235347698851], [0.09632931542762145, -0.2475882381794428, 0.2000860605826088, 0.23170870640386731, -0.9141648489422597, 16.314475282661956], [0.11771597234977742, -0.17358562471110478, 0.12644355805006857, 0.2978959634743108, -0.9226489052292605, 10.500323394909596], [0.13411015239274002, -0.9068019122164408, 0.32198981620939215, 0.22751526490439783, 0.06545320098151135, -16.89902240164364], [0.1395458908564171, -0.9421193623237073, 0.16331709494773497, -0.20109783357230904, 0.16070233137766368, 18.535297194275522], [0.15662619167207154, -0.9486054789424987, 0.16654358059458704, -0.05426151577775714, 0.2119783127369648, 3.4996211236461434], [0.17225908667619236, -0.3125658150961682, 0.15677253669148844, 0.8421124204155641, -0.3726908389159949, -58.48358987173762], [0.17556480997778745, -0.9238129740481409, 0.03805914841178822, -0.3275932320196005, 0.08355095472173883, 33.25510686113709], [0.19023013845069642, -0.2067728496660543, 0.06228976100758688, 0.8657938348213242, -0.40936353565628125, -59.57303735724978], [0.19416714224495912, -0.897864898441758, -0.010767483576304943, -0.38808764037502214, -0.07355127262106918, 44.81478447940945], [0.2223196591163392, -0.8887855795339333, 0.0913971317196164, -0.3317595981100429, 0.20546604624174478, 20.152520577806857], [0.2314545385424849, -0.36913756735682735, 0.6165390437667386, 0.029724160061313537, -0.6551048273168302, -6.7304925278385], [0.2395126190210373, -0.879988813543328, -0.14651857814062658, -0.38298526412919887, 0.01039168358959492, 41.56376109486783], [0.2570503581298159, 0.06832830301672475, 0.3334246518013822, -0.8641097623798114, 0.26720530781258967, -25.07122359831809], 