{"omega": {"vertices": [[52.21921938473708, 99.35856189357416, 6.728514423089427, 0.313031514342077, 17.831548058387547], [37.935406757637644, 9.550020426738183, 22.369129660481846, 92.85600036773624, 56.76057742358155], [16.4920275421126, 73.87051041122167, 41.44287106078911, 77.67259589682493, 92.60910948840491], [89.82628574994372, 15.96670606170748, 35.439263522767874, 48.4329364060477, 0.5149178731644999], [66.20630393394103, 44.17678232110579, 88.0329780008004, 45.647035992778584, 78.08820830445815], [87.13234146495398, 22.415455881947487, 78.72886056697348, 65.41211652855897, 57.75097780611437], [14.694066365918667, 36.00010726382719, 76.58977532703162, 65.66677589708824, 63.7740917724705], [89.08958348937762, 74.3183214525175, 80.83684682817481, 86.34831123645658, 12.793218964265662], [65.74103527946562, 42.24216653018765, 31.112124685300422, 76.16991321646319, 76.04102805386928], [52.75734959855011, 13.228595217203665, 27.922110812275125, 79.72205324383617, 13.851675765254301], [45.80573181616009, 66.88513711776287, 21.7485299677191, 66.11153982156182, 82.16301046786472], [6.185690023665613, 96.25354847282249, 18.175809023880383, 70.00797908585112, 51.31179515969318], [7.337013410933391, 16.75152563660368, 96.08966268771489, 37.79995298664406, 38.72491358165977], [21.652637324387303, 33.05359383517116, 11.980429629168777, 13.610149212762924, 89.36693523192916], [27.866954275486222, 56.32714796988702, 85.41515328703153, 91.57821720714817, 12.9580650670015], [11.701986587056757, 54.50532872432768, 99.4801435177939, 92.9876083770669, 31.549444254755134], [77.89916162984814, 90.78046877404414, 62.356848701552956, 83.77517288276226, 70.02358536525018]], "constraints": [[-0.9507654188505502, -0.1726275065019299, -0.052147346570131564, 0.21384238772770323, 0.133405208944303, 1.6290362811212518], [-0.9131102733761381, -0.26540679736839773, -0.13475590399081244, 0.2706613189081875, 0.06612229088668899, 11.302555320881666], [-0.9130069835474384, -0.28362165874372974, -0.17450724419830346, 0.19182516299799543, 0.1368478397643489, 15.667779289991921], [-0.9126225409040742, -0.2856213323980793, -0.1793528608185725, 0.18387010495766004, 0.1398745442601693, 16.347561830095984], [-0.9100515546642504, -0.2912026741408359, -0.1745999349062342, 0.1849672647904305, 0.14936245884790697, 15.556596148591343], [-0.9046274052330341, -0.25121434500498774, -0.12738292270424603, 0.30203047308665926, 0.10531759062680772, 5.542726845570778], [-0.8095316552732119, -0.27658317192676213, -0.24573481160412394, 0.2161572807818622, -0.40131120149881355, 41.555316410286814], [-0.7830605826810102, -0.3345735234844655, -0.3963232869851065, -0.02715944280200923, -0.34215040273901787, 63.708884353425994], [-0.7753440021516311, -0.20203179695295362, -0.22213236323999336, 0.14339056206450698, -0.5367692160134487, 45.783859022344956], [-0.7226373163567626, 0.2099499893499828, 0.051439096116880634, -0.17201458925940863, -0.6336255293572328, 27.881488912032374], [-0.7138677657181871, -0.2547420060647517, -0.40391490813227926, -0.1875515492502588, -0.4766303460512663, 73.86393059845491], [-0.6844258199114088, -0.16348316959135628, -0.28076825428271907, 0.48609812225605953, -0.4355598158980312, 13.391280201308144], [-0.6630356103304187, -0.08629328455476316, -0.21976295234536863, -0.06590064549056053, -0.7073178904671467, 57.309058779964204], [-0.5248625915023087, 0.4903561747589412, 0.3395512796945919, -0.5262085056791496, 0.3031165104806083, -28.838161988518642], [-0.4474544668227571, -0.4670651283102631, -0.35295125653884524, -0.43528975487081917, -0.5172841635397627, 81.50771688065959], [-0.4326816098523706, -0.13354055306306387, -0.0661363369931682, -0.16801954086901752, -0.8731259725826869, 51.929475665241384], [-0.38776444426373413, 0.2462681139931495, 0.6751005700847367, -0.1054859010766656, 0.5675409207629013, -84.14113076606172], [-0.3859014332518493, -0.08544474337981585, 0.44610246887579386, -0.22088013367414674, 0.7719998921333723, -60.14951239747372], [-0.3669938835686816, 0.6265516082931407, 0.5132074735615291, -0.4029349721023838, 0.21681805484299288, -50.282326741439185], [-0.35431911571215907, -0.18143689190794018, -0.8792923417791412, 0.027248819137181923, -0.26007902268334326, 47.07498934660306], [-0.35099985101092795, 0.49297666928683403, 0.42427746183596404, -0.5566928927482637, 0.37928190923212785, -40.09619287773853], [-0.32020815892042737, 0.6267516193945638, 0.534511433866375, -0.4060347786698189, 0.2325562902261409, -53.16832434394537], [-0.26236970078744776, 0.7066935286566105, 0.5260633513446604, -0.3307826979732332, 0.2135100788186516, -63.75860641101009], [-0.254467845936287, 0.686602238213604, 0.5382030086065758, -0.35101012359664463, 0.22572748287285263, -62.46819864287123], [-0.2495523593127542, -0.01449887339077247, -0.7953517475214046, 0.33261030856411666, 0.4407940369190213, -28.507925833836495], [-0.21834242860522732, 0.8322876478693657, 0.3475408059335337, 0.01463921277570284, -0.37232369886327077, -66.99714052447581], [-0.15606502055224625, 0.8691486482840087, 0.44224514064143633, -0.06934101671612866, -0.14083818916017418, -78.65035016415429], [-0.1377749747603227, -0.9377812259302652, -0.17482028238830705, -0.25656764090178863, -0.07207872869497942, 46.0080323546382], [-0.11590041467607294, 0.43505917467935157, 0.6258124771302641, -0.39215516357501845, -0.501860219139522, -32.31371149162385], [-0.11530990427195428, -0.5035680141056896, 0.18388746277790274, 0.185720394545075, 0.8153626292819484, -58.45569622694043], [-0.10548336699534872, -0.6894518751392865, 0.23580343525731937, 0.06348318314490878, 0.6737180393405562, -38.82430310479308], [-0.10540979630704811, 0.5994323830859456, 0.06119286427924461, 0.7789161720375477, -0.13825564455054432, -105.5938931996802], [-0.10343276404670121, -0.6491943665674793, 0.4615740953821328, 0.4712963103921758, 0.3642492004405724, -64.63911266387478], [-0.09014755717008792, 0.21580893747972685, -0.1442429372662809, 0.9605683106376637, 0.04245487118856454, -87.01890095434457], [-0.08623998963587105, 0.3083208566841812, -0.36152052702128157, 0.392249146841323, -0.7829076758249637, -9.860766400778232], [-0.08472017884352022, -0.6960595439739938, 0.279284027821918, 0.11865186976302704, 0.6451711153986528, -44.02388643165558], [-0.07329188571956859, 0.2189743659558888, -0.15381987787716386, 0.9607374050947335, 0.0012689222112933884, -85.15229297660404], [-0.06570364268229968, -0.4726854728578077, 0.6398836141773756, 0.3527298726411599, 0.4882438656463776, -85.32630342831729], [-0.06413894701275653, 0.22026049790963337, -0.26130431223564016, 0.26398712261126195, -0.899667918756238, -0.8174552942720883], [-0.0632267062676526, -0.7290019652839453, 0.22565550028213846, 0.03150442590281581, 0.6423749563671057, -35.074151093671134], [-0.042516400129959275, 0.6630932092841074, 0.6574730150347106, -0.355276759469364, -0.0027221688792118297, -67.9278778072613], [-0.035464279796093415, 0.5550697054666067, 0.7014034377999863, -0.4334933881107067, -0.10371406287683459, -56.03333443824317], [-0.028826157815349203, 0.08929672224367477, 0.4157075129752782, -0.3681280690014387, -0.8263559381352091, 4.686232869299767], [-0.021563079684164144, -0.38748677110422874, 0.3303505526975926, 0.483790675076398, 0.7114802392584573, -88.17803987738134], [-0.018610438987351645, 0.6037229328975009, -0.44864134431523256, -0.21139918902943855, 0.6238618428009957, -67.05277786594802], [-0.01665357718923904, -0.3132633718229868, 0.3766001954031761, 0.6188429580414879, 0.6138358122052231, -97.10574386014756], [-0.007874346497877919, -0.2688113306428372, 0.43198775216751006, 0.5749631462552749, 0.640689024106669, -101.90823867085987], [-0.007665966730629173, 0.19279326946916509, -0.33270835206650806, 0.8740886412896682, -0.2967257788515265, -58.43002048190317], [-0.0038075467642205295, 0.23061196031114986, -0.21882231517238576, 0.9433097913840534, -0.09532606259915398, -79.34425533467666], [0.012924681113135307, -0.7662866732123599, 