{"omega": {"vertices": [[7.014217209211527, 97.75188869389272, 45.26257175840993, 7.245762621188034, 11.766607537552332], [14.678635308215782, 52.80783240727425, 12.635396706990642, 9.861529560793647, 60.3878836978157], [26.449194183116365, 13.10652104395208, 1.9135598022703926, 9.445306374875607, 35.078674758957874], [87.66326144647483, 54.192373751216984, 23.348728034291277, 51.38475829422979, 70.14425519859533], [98.70289056257828, 47.50074532101179, 67.62012035977226, 85.44405510422023, 77.37709371534112], [1.742757432209474, 13.746204459547705, 69.94964391991927, 97.62553464781053, 59.45976741118207], [59.94095243598312, 79.81077214176436, 89.14804915919827, 41.93679403540413, 51.23703925632807], [65.61513946788331, 21.21484221708576, 0.43120810751245964, 74.61837513879442, 7.775871608281348], [73.91394249855232, 30.053884277437803, 1.4737707018522173, 64.38692531031239, 27.976962960344697], [28.106040322003032, 61.008749682753816, 39.18506796143939, 88.05444416008054, 41.26302726789094], [62.285143947364304, 57.61036461631651, 36.31348811792826, 33.47977656432041, 88.9207204949257], [50.71067961331479, 62.66861805120557, 37.55453537459223, 13.488858524242309, 45.27503617380795], [21.502341357706488, 78.55271899406387, 24.765773282384206, 86.21613605493926, 9.596978993364525], [63.75755079015158, 38.170593023777876, 9.87604204080329, 71.8786908475762, 17.121175333015103], [69.70951919472051, 51.611740876068005, 39.97190332454882, 77.4875977964745, 33.1058934450046], [35.92878915690974, 59.95790343183665, 76.12360792334586, 41.68834264444543, 74.82419383565396], [17.919880136300183, 68.65731039429112, 97.67193564261719, 51.85975126699896, 40.36483553963558], [57.20160019880204, 60.26412330002757, 84.30451237858362, 25.922796725429688, 0.09995508143157972]], "constraints": [[-0.9189850445069798, -0.07631460394474229, -0.3470680713631995, 0.05552553337760088, -0.161564965820636, 31.11379758020412], [-0.7297157372957329, 0.4210485830258802, 0.0484390675032433, 0.053855192128328344, 0.5338410891783063, -44.90410683093185], [-0.7294541689206561, -0.33975191130304405, 0.34236458944369197, -0.48171502413540324, 0.056589554049167184, 25.65616484769651], [-0.6689487086994602, 0.5102053733733182, -0.13835837519578048, 0.22382933902760782, 0.47218162725159635, -46.096721591262806], [-0.6403066642160932, 0.5702590594702059, -0.01586132325623854, 0.2641221753758154, 0.44136138905881156, -57.64181863567828], [-0.6158139886879236, 0.5385975771765136, -0.07850702564662411, 0.20583578788230456, 0.5311817547194656, -52.517691952793896], [-0.6109298796782704, 0.561929206713566, -0.03158974377776975, 0.22701552485590726, 0.5083957988821388, -56.841607791896834], [-0.6004660220492704, -0.4545010364797294, 0.39045229325651193, -0.3584191522754718, -0.3898103156357461, 38.15102398732231], [-0.5731419637918006, -0.13408513523643384, 0.3251396912266416, 0.1369582624767753, -0.7273624140536081, 9.97677984005242], [-0.5206082179591682, -0.37161867747033567, 0.08146268700064473, 0.005309279554251227, -0.764331265961185, 45.245992258224604], [-0.5083856647189988, -0.4311422571064577, 0.43207572912724423, -0.5461797165828033, 0.2658169511864501, 14.10469186775375], [-0.4924287521874324, -0.3900873373052695, 0.07402509506014367, 0.02180663686792828, -0.7742031704811471, 44.94743098549843], [-0.48970727778185885, 0.47169766220520765, -0.16855506117221977, 0.25488516223888086, 0.6665664580379902, -58.357431796304084], [-0.47111554782229825, -0.3489433169399706, 0.034325360080388286, -0.011728074583219417, -0.809303975082879, 45.46846208509905], [-0.44614658401182317, -0.10926393055574303, -0.7533830572519472, 0.38053377331951954, 0.2768079396675767, 1.369617412618934], [-0.4220002936587339, 0.6643524978242754, -0.15922906450340896, 0.19463071730175818, 0.56330852974774, -62.81307110910211], [-0.39025692862866307, 0.6847026640556522, -0.20823103574538118, 0.19896097054622844, 0.5440001465478883, -62.6112197308845], [-0.38757330116069294, 0.7441005769596829, 0.007729198243717779, 0.26704035948104826, 0.47405798537564103, -77.88152216636756], [-0.36800522821925513, -0.060012644511527144, -0.7490719431309119, 0.41204335411491605, 0.3606690073264361, -7.80764241100365], [-0.32248485534989235, -0.06315669629283414, -0.7439067051031227, 0.41448541630930785, 0.408435311344219, -11.283642115686792], [-0.3166998077839576, -0.013900039250197158, -0.7650718995732335, 0.40928232278223337, 0.3829634308910332, -12.112761965691057], [-0.31177725634141923, -0.16766929407295883, -0.7448416021333297, 0.3703594130720818, 0.42746560462059446, -6.623967765465764], [-0.2912915530124655, 0.7650088079038903, -0.10153969676107832, 0.22729562682442234, 0.5176264511993333, -75.8795632641776], [-0.26784264856370715, -0.28845324830991315, 0.4781882212433862, -0.7728733099771379, 0.13805039275173195, 12.407199407475238], [-0.2677606591871296, -0.28845560242132595, 0.4782085108568643, -0.7728949186545031, 0.13801325909322268, 12.406529583462738], [-0.26763284073015875, -0.2883913182376213, 0.47816280461056093, -0.7729824993356545, 0.13806338448567637, 12.401462701930178], [-0.26025117779583135, 0.814171003099604, 0.0366053138000073, 0.2673683618612771, 0.4433611532880247, -86.57228999598581], [-0.24591854640348604, 0.7981805700826042, 0.05051309757787395, 0.3082696756650157, 0.4526036678109001, -89.58387361071428], [-0.2452563526297499, 0.48264670666848347, -0.028902328684587232, 0.4419518280210124, 0.714664057541942, -89.82497251801095], [-0.24426688080374193, -0.5465811305707331, 0.1894073036581779, -0.39587977144605546, 0.6700648017372555, -6.503782468245028], [-0.23492183612709436, 0.5814520098422201, 0.207616090479433, 0.5108174194969235, 0.5501694412393853, -104.6877887345253], [-0.20977510911769662, -0.018529935679799932, -0.6760219641052915, 0.40840106424291067, 0.5760676347885227, -26.215420738890508], [-0.20753282623212022, -0.029079915093382026, -0.6844648933811457, 0.40943942954328094, 0.5656426856578982, -24.965232340532314], [-0.19226759561506074, -0.09863636249774987, -0.6806110215492643, 0.378461054503588, 0.5889311566213108, -22.66572239057365], [-0.1871098894093319, 0.8243823387489958, -0.05183731526253561, 0.2344074431804025, 0.47723127744518407, -84.24006484672742], [-0.17531113919502672, 0.3332269292997355, -0.685731902346792, 0.35344011132059894, 0.5129109707124067, -40.81823709002117], [-0.174771045769277, 0.6957153285320897, 0.1658074754686949, 0.451623409825485, 0.5039637288362128, -104.59229487097463], [-0.17044498959118393, 0.18454524345942272, -0.7604416796033349, 0.381097524350269, 0.4619358045182455, -29.288582292554985], [-0.16970626903132163, 0.8104734472661721, -0.04330566932003965, 0.27197978472671985, 0.4883484301528021, -87.07902818958456], [-0.16112616623799547, -0.2657262762343681, -0.6601167956793571, 0.2955931846059484, 0.616683379011137, -15.416826617293026], [-0.148135399866826, -0.6212703863517648, 0.5650618726285263, -0.5073100496898082, 0.1241797243268471, 11.415114348972418], [-0.11680939415158374, 0.0007638016840049863, 0.5825142937884412, -0.7803480735477816, 0.19516394054063138, -22.263632208437457], [-0.1119657884830413, 0.7644695654661606, -0.002410745302833595, 0.34677972649901145, 0.5317781071854182, -95.87622277540464], [-0.11072531127725647, -0.23416436298818605, -0.707554257329879, 0.24127922686227965, 0.6116030282528003, -16.38155713432286], [-0.10958213101022594, 0.11793359560544917, -0.4790949624386868, 0.538205764199655, 0.6744523674352153, -60.56304859631723], [-0.08260156836564544, -0.15520777471189717, 0.43038636270667713, -0.8613665741331566, 0.20470156651755847, 0.10345956501084963], [-0.07972142768563911, 0.7292010118728778, 0.2478006981991173, 0.5701320872117789, 0.27468999864375304, -113.49428048204138], [-0.06858876475182073, 0.4781607286961485, 0.4055398737465123, 0.7744258754851521, 0.049597107408662376, -113.37350393566702], [-0.06516239346506189, -0.41065757511685486, -0.5885673877603466, 0.2612676857337566, 0.6422163536794576, 