{"omega": {"vertices": [[48.99646105434159, 18.794353482743965, 8.478585185158893, 68.97103419852958, 80.21708662701911], [3.4137974006818395, 24.88965740475848, 62.73489762760328, 97.88869974322273, 75.5607781483178], [23.054391484832117, 27.948302969571294, 65.15248813560513, 46.476831761941085, 85.67184437873253], [63.18248348526452, 28.279247266263663, 51.49793571828917, 74.10437421847809, 12.67921019548649], [24.052979012881725, 40.25888008069788, 18.057656809264888, 75.85876149589126, 52.262502024620176], [75.87673074412632, 77.21193336460176, 93.28512821504745, 83.40798583121898, 53.46886101738224], [50.179802801959774, 26.8194711899613, 17.22743008502512, 78.61710348670854, 1.650911110417852], [16.894172591980873, 52.16775160071602, 31.872179306891336, 71.09228478351949, 45.07388957966689], [19.442724452561798, 16.386455074246076, 55.216317654079205, 48.99287751422287, 30.0355941389453], [78.36964185928527, 45.83085386235194, 96.94343424902682, 90.52810541780542, 84.83492158654805], [96.07764616039047, 43.52082802862074, 83.58133207949004, 93.17813803001057, 28.065287977359155], [45.787598223356426, 26.216679514024253, 79.59310564493985, 89.97636018399922, 74.09064812572272], [50.19513995962469, 19.39781981978269, 51.50072692325214, 83.68139873561825, 63.89018718357925], [43.19238448871976, 89.8320534025818, 47.08353388297491, 90.78879453901901, 83.70301989121819], [97.5239677875488, 78.35729564417879, 98.23216564774954, 87.57475767952366, 95.28241988319242], [95.22483516168512, 0.13703881621663916, 79.04916880331785, 83.90927553170658, 12.848582169692834], [17.040450248594553, 39.15235683929657, 8.581209009518032, 66.75405862875033, 67.59752754748885], [3.829236330143704, 6.238900220990762, 94.00512431711199, 74.73675949482379, 64.54469390232734]], "constraints": [[-0.9641412885204803, -0.015441567610747227, -0.15019286450483468, -0.12142600238293588, -0.18135865889701092, 38.68788720984901], [-0.8991836078776667, 0.2921151697327879, 0.006069189522298447, -0.3016937309409515, 0.12280726601288, 15.671228642853372], [-0.8831625235610614, 0.18494442660311253, -0.02497458045857399, -0.43032615403561625, 0.003897118106598566, 36.48537072061293], [-0.8299869655856988, -0.19842532608570754, -0.30220490454968957, 0.1709343126176781, -0.3888478923199398, 39.38005120328329], [-0.8249245492435466, 0.4529913890055483, 0.015438402053451409, -0.2409177714228477, 0.23668243005521122, -3.7279829694336257], [-0.8077568505174925, 0.49206932320902075, 0.16773723239471788, -0.2459542620880071, 0.12948889306802286, -5.721035349689737], [-0.768137135035663, 0.04102464188356152, 0.03354512017036887, 0.27291666510462775, -0.5767785878120416, 16.363107022540582], [-0.7525948805445427, -0.05340360706102125, -0.38470089064348506, 0.40377213571599385, -0.34600908613571413, 14.652561359683595], [-0.6123115204241254, 0.5378072896116196, 0.37245354805923003, 0.23735095179407892, -0.3752076777160017, -29.544358878411327], [-0.5583712625541232, 0.3269969437038432, -0.40546637530479906, 0.6372474435621427, -0.10395790558087346, -35.31996741491782], [-0.5568256850517029, -0.5747000482328025, -0.2744342414388837, -0.1597617691458197, 0.5087504646417325, 10.618872288166017], [-0.5485352870304195, 0.5905202761623637, 0.38995905800009756, -0.4226281059444495, -0.14040035424835898, 2.4060774405926066], [-0.5316543176902433, 0.5718214847111951, 0.3923218088066924, -0.45371436935491083, -0.1749021025589091, 6.786176806219813], [-0.4906226930247822, -0.6834679863367893, -0.2941263417888249, -0.4028736008479462, 0.20819087767617928, 50.46403307683673], [-0.4865825527396103, 0.3135288465582734, 0.4296415763997074, -0.010742082476047687, 0.6929861508270531, -84.40709595196752], [-0.48486661643765816, 0.47145560709598633, 0.6161335856959254, 0.383248904784217, 0.1270183308079264, -95.84555045314978], [-0.4846975727310341, 0.36604420132762516, 0.36841877412139623, 0.199829868903031, -0.6748448236684861, -6.43792863279651], [-0.4812648471579144, 0.34517442502131457, 0.3177759327197141, 0.42949325160684676, -0.6031523577087037, -23.35184756490607], [-0.47495049269974854, 0.558124158270057, 0.5649298948285524, -0.32452835768988136, 0.1960994962352415, -43.17267238750233], [-0.4625525647155076, -0.776187585674397, -0.38805433064728745, 0.14494241344759176, -0.1094691279307995, 39.32600063911217], [-0.4616546912715429, -0.7757501624094691, -0.3886462910928937, 0.14706294201801745, -0.11141446518922737, 39.28860015631321], [-0.46005919296223086, -0.7772264714501694, -0.38741089058528266, 0.1475832148508111, -0.11133978443609888, 39.1858237832716], [-0.4427573776429461, 0.31991266198393414, 0.4069743137921504, 0.19156832326229462, -0.7066082922531944, -7.267531273694299], [-0.42007407229768456, 0.2894432385277031, -0.33637660304284733, 0.7519967662005804, -0.24720847478001073, -39.60026444800735], [-0.411785229597646, 0.262669998936928, 0.34231045415387473, 0.5301207017102475, -0.6026881373802632, -32.960067791978524], [-0.4074869908936835, 0.42027204646453925, 0.1674361621973221, 0.6087204748770515, -0.508675018324085, -40.72441530119636], [-0.40309580987676036, 0.26264280691037944, 0.4102056282341727, 0.3520500224711492, -0.690162769411033, -20.421217389254373], [-0.39417748281800374, 0.030792121728665123, 0.42755756837457604, 0.18879519074697473, -0.7907128802259026, -1.9489325509281095], [-0.36770264994317664, 0.1271418429033826, 0.4172767229249591, 0.40637861570568506, -0.7136990053307033, -22.9172921675019], [-0.3426462812700396, 0.03607289576726724, 0.31377132020448195, 0.6658329718548563, -0.5826716779892801, -40.56292715157962], [-0.33711381145783953, 0.04099301456307939, -0.23197254441765428, 0.04182209522800109, 0.9105566988763186, -58.212973246382795], [-0.31797921677789454, 0.21023821084441086, 0.5607108223162813, 0.02969262660844699, -0.7344459367855124, -7.618270724749621], [-0.3135260973371036, 0.20005078812326435, 0.5643170533363758, 0.025814745763460357, -0.7365873544086565, -7.482731259924449], [-0.30474706057184703, 0.2012161923016161, 0.5782256226855957, 0.0012562385238361858, -0.7295853782547209, -7.4476130560295815], [-0.298608737092111, 0.5446068621835095, -0.6349074535628568, 0.3732301859888765, -0.26800735339151405, -17.58393658010927], [-0.29138158078050286, 0.34850716916057584, 0.12715610306090894, 0.757611307534759, -0.45110526440662746, -55.73235246865798], [-0.28036084114412685, 0.21607008418627305, 0.5667765300617473, -0.0433957363947058, -0.742692865528289, -4.951653591796145], [-0.2778815784814812, 0.20312987947066338, 0.6349081750710496, 0.6916492637624934, -0.005743306680343963, -111.20877945054453], [-0.2021135489857708, -0.22589051960678236, -0.5562251303996977, 0.773749965562729, 0.006941294668098828, -35.05882871608602], [-0.1849350150344342, -0.18557597970466672, 0.29560624372718236, 0.11154896065498035, 0.9118850662321245, -93.11670210983753], [-0.18347331757526905, 0.07182140610585756, 0.5691560171613669, 0.7825643730526219, -0.15758698398239743, -101.56402773615766], [-0.18041622135948768, -0.8668209683034321, -0.26152631563820894, 0.37707663062225977, -0.07408506493978714, 7.283992079189074], [-0.1793653638423717, -0.9389300777336528, -0.25909368962345014, 0.07071535441773856, -0.11877783474896053, 33.282300490436796], [-0.126731651394967, -0.05153988831270281, -0.08956260461675997, 0.13646320605374748, 0.9770563247301627, -79.8511948179465], [-0.10767703999132913, 0.1581427322013041, 0.35717443305735397, 0.9105859455845201, -0.08158548513501405, -108.9472437946697], [-0.10244330649220505, 0.012274249424039407, -0.5224084427101328, 0.8366995855057829, 0.127976303883358, -58.75596460325534], [-0.08692682956527734, 0.21932832194063673, 0.21913498112671564, 0.9432756864217563, -0.08092992616203107, -105.13056906198749], [-0.0689671321170187, -0.19941555649120687, 0.4790506919777784, 0.8476380254233186, -0.08658627425247735, -101.28602932318006], [-0.02689112888418916, -0.2742556470346345, 0.004273703594371387, 0.16002485872117997, 0.9478578412957303, 