{"omega": {"vertices": [[52.15277679147277, 65.20931142151265, 84.9508964461581, 46.49914284532113, 42.77367602209337], [0.6720402207608056, 50.91031910529391, 27.427343719764618, 79.62241367803105, 34.261782199395455], [85.6161396153283, 86.09379008866938, 83.02609597715552, 85.91246110662819, 60.89420409830939], [92.10501822814643, 84.0876647363646, 37.01402797194127, 12.471275805813987, 33.16051590178747], [71.16056903280649, 96.7169112897139, 28.19854393985216, 15.44874441921521, 14.738214756289391], [93.910726878616, 51.098802060639656, 2.683775066183325, 70.97544506913937, 78.5890905449164], [92.10509564542558, 65.22848432378147, 54.72744632584201, 1.0911324050391413, 28.423980587703866], [73.72357403895118, 87.0806227887682, 39.78940679365589, 3.986946934333946, 70.11479162165395], [49.051754544073326, 15.766361803618755, 71.6533087195936, 72.49860066520823, 75.87575121078152], [35.86171429609371, 8.812937009887634, 25.056147837490816, 74.69332693037381, 77.46712530542216], [91.4143560301147, 57.12154790949384, 90.35319621469982, 61.13609580648301, 60.846900515159], [56.41951427103208, 97.74319859624741, 0.30398255573858, 83.70307182948821, 52.71567104740771], [79.80256772025984, 14.667414765311582, 95.97444889339283, 96.39493092759282, 18.200047020201694], [57.080606750443486, 46.17770773833726, 83.30546519072891, 79.98280873108264, 38.074013415336736], [4.178191130311881, 79.97164924367914, 73.53264532814404, 35.73463586644405, 16.663002791570968], [5.724471657836516, 37.19500440012313, 1.9086830046117331, 83.22696657168348, 70.60351938421815], [64.03717480219174, 28.1380385800555, 12.42035607948021, 83.05622105272843, 24.735022744711966]], "constraints": [[-0.7814519787581091, -0.5117249857301219, 0.29537621584734286, -0.14608256641104947, 0.13741586071850398, 25.399198722551766], [-0.6049113336401531, -0.01988345392567924, 0.5961389067456971, 0.5086354427447036, 0.13998327379234005, -60.22656704132572], [-0.5984409034202974, -0.5571241595902261, 0.27688776787204533, 0.5044938190209344, 0.017329353331602362, -19.591500963969313], [-0.5979686039731805, 0.45242205463955226, -0.5751292187235029, -0.30434482793906686, -0.11978497658439753, 21.47989111528693], [-0.5805315598691849, 0.2438639292282375, 0.46564867065161897, 0.42062506659463167, 0.45799493544127523, -73.979461822503], [-0.5769951633934833, -0.16678448063438114, 0.18381331967002648, -0.515863373304634, 0.5825436996781405, 10.95980892454827], [-0.5724334801241076, 0.5088861571615176, -0.4832585893894537, -0.4027002230516564, 0.13284749157529352, 9.407261390331762], [-0.5678176257220874, -0.7253303163002655, 0.2529269520559542, -0.16024036821040333, -0.24865650503167608, 51.64941959552825], [-0.5564073553482195, 0.16014167419370726, 0.552382597018758, 0.5274582538547987, 0.2853537384582434, -74.7035498897445], [-0.5397308294099515, 0.5746080763161467, 0.22039592676321923, 0.40594412134879826, 0.4063879873042965, -81.18146200742625], [-0.4582351365227863, 0.34766764171533043, 0.3318635914552977, -0.020318054404800407, 0.7473964837297796, -62.01957990055475], [-0.45757096477102666, 0.27402686586925346, 0.48613741985035586, 0.6876259808959257, -0.07986869473417596, -78.99074368504898], [-0.45275903515669447, 0.5767598158275976, 0.17483197405098935, 0.05410797987773013, 0.6548766893801307, -69.93431850593947], [-0.4520227498528002, 0.07673830889261299, 0.4412833337669234, 0.7309631859843444, 0.24647211939483435, -82.35185124853881], [-0.4240574918269044, -0.42984971311268305, -0.2535498328932034, -0.7557227994723976, -1.896971100203257e-05, 81.7975688182464], [-0.417463570933747, -0.31729305850120576, -0.395458546085501, -0.7463801233135182, -0.10760358646733743, 84.66242556875342], [-0.4101513056425823, 0.05892722452228249, 0.37396668160543134, 0.7866680348057794, 0.2638291355283197, -84.65694242047684], [-0.38454801992090754, 0.29268190338984584, 0.5044632273150821, -0.12764636746446345, 0.7040478541711387, -66.06420986553977], [-0.3765012288152575, 0.08315439480560381, 0.8568905156431195, 0.1851663622441223, 0.2877224944616989, -79.49749962943353], [-0.373021959791322, -0.727610593004907, -0.14279776718511772, 0.4218198396601842, -0.36484827396671365, 20.124175004928883], [-0.37050885301510794, -0.49933958029099274, 0.15147040866730274, -0.7407995042779709, 0.2040979743944493, 53.414362151972036], [-0.3668096897821091, 0.016340930549510507, 0.8884976160082854, 0.14017940547986746, 0.2368656709986348, -74.06394359457472], [-0.3599594428252591, -0.45141838587576244, -0.40764134434874105, -0.6174407611147379, -0.34532025904347746, 95.3976917717353], [-0.35525081520056745, -0.5434083268833285, -0.3290432049319411, -0.6027723639419068, -0.3269561058142144, 96.12490464433455], [-0.3250006031110315, -0.7285696357713084, -0.03794864150812758, -0.35278022443056645, -0.4875109308189257, 83.14316285753051], [-0.3240967253597448, 0.10515978297108813, 0.9041914400878551, 0.17802757773752392, 0.18613638519463171, -83.00659345851469], [-0.3143885252524917, -0.6105506276903999, -0.26082014267753334, -0.5372189866605022, -0.4144350368411875, 95.4221680814522], [-0.3121104751090198, -0.553914099068742, -0.371643708212391, -0.5660342432296808, -0.3704759260972725, 96.36507221996318], [-0.30715704930024323, -0.48537691861670307, -0.37122233625032625, -0.5385814254704812, -0.49212581637865366, 94.84301891071175], [-0.30669067989646553, 0.04429441645112813, 0.8964723198835006, 0.15326922372545376, 0.2771727913724378, -82.03235174530606], [-0.3065652835702318, -0.4851594389031401, -0.4392473468832762, -0.5689076391584623, -0.39248428263542157, 95.69804441132253], [-0.298861740309621, 0.04156373707759749, 0.899425701107834, 0.14690924503684405, 0.28000928171872247, -82.33907290656312], [-0.2869802802901896, 0.2405776115663541, 0.5752286943271371, -0.1797124936326429, 0.7046843977218645, -71.37274035025479], [-0.2619922433500571, -0.7452889057720384, 0.1511375317073372, -0.5245662552924003, -0.2790917441907662, 72.97878474342907], [-0.25071399069632905, 0.03777303074357592, -0.8140758813364548, -0.1023268095875104, -0.5123723026115693, 46.27568764872131], [-0.24485962521510243, -0.7245488187780974, -0.0346621229134417, -0.45028869866438365, -0.4594686041908117, 85.26226121582134], [-0.23435557720248626, -0.29180482034797506, 0.5621684802089223, -0.6746436043282934, 0.297909411154289, 2.12163785522291], [-0.18044962368092224, 0.458609451079176, 0.16256811077213895, 0.6719283391456515, -0.5283930555062342, -63.08236394424976], [-0.17964825098687293, 0.15185740816136636, 0.056349785018918186, 0.9699653023370284, 0.025648537861418515, -87.26564635395042], [-0.15893024233065936, -0.48361030848569775, 0.6507190913969831, -0.5623721273780391, -0.03412480093523645, 12.154843580280827], [-0.13497581929100028, 0.9661621815535324, 0.17215031034958178, -0.04510270309826778, 0.12900458891921046, -89.89817119228175], [-0.12408068019643022, 0.37226217713089105, 0.002804250552322197, 0.12359828243323681, 0.9114496459147667, -87.77961226815374], [-0.11272858737386882, 0.23356793956822886, 0.08219952433106387, 0.08368883769620168, 0.9586332457407002, -82.84719081697048], [-0.11101060090164183, 0.15041713564392817, 0.04315102320202816, 0.014008366580613078, 0.9813221115691289, -75.49231919162774], [-0.10410989504648237, 0.024345663654823043, -0.14459798602502957, 0.9682031167128822, -0.17390389771245227, -68.33595242097466], [-0.07940639888036712, -0.2462790398720462, 0.6460591232480184, -0.6163984762000834, 0.3683772334751054, -21.777198517021528], [-0.07539572510135166, 0.07583810113219652, -0.8844830115637203, -0.4404661389762016, 0.11065012301698304, 28.1453723974303], [-0.07062760171961183, 0.3073238709121514, -0.13325416130114418, 0.3989821948766743, -0.8506587546779422, -14.566524455519627], [-0.06417216499486077, -0.368196353204885, -0.07393489314397783, -0.2665962691110384, -0.8853097986571478, 59.42866170329231], [-0.05612851953679455, 0.3100722794385349, -0.07671080500424543, 0.45320386312122235, 