{"omega": {"vertices": [[12.928241640654415, 65.49881906069366, 56.62316689516078, 10.054778397926912, 82.25070902081458], [85.78247733566457, 35.8868586222797, 37.1044353517158, 40.26585828227853, 7.51207149693478], [7.8031472236293915, 8.696683683744943, 57.90935299327143, 66.22148265272013, 47.58116757110331], [23.761495260561095, 85.27038762896298, 72.11785917463702, 59.490565916433894, 15.66434954216035], [84.35881990840677, 21.997409254642662, 14.102356972943797, 71.58997063492664, 99.6042148741766], [56.58669150640818, 28.387783952535095, 12.222377856205801, 90.66841716666151, 59.73676881037834], [34.32616800491096, 13.387832571990232, 89.1354429668807, 43.235462674925685, 36.628842779626325], [31.62642801475264, 30.24618353090999, 28.179484160491086, 75.9296495978991, 93.98245141099176], [44.42341433591993, 16.383323397653072, 82.97714112949683, 41.7955042432556, 17.64553718385693], [43.93712453327453, 55.92592163687621, 38.926248403347664, 57.57831025877086, 96.72615121999677], [37.25794781525915, 49.06264319945572, 86.86123491753764, 36.273317730379894, 65.35949883873732]], "constraints": [[-0.7547832415815745, -0.0975858043155606, 0.17515593366752388, -0.44321216547795744, -0.44007118094359843, 46.88445816789061], [-0.7493780380767946, 0.05940869558652237, 0.6568317578896461, 0.01225383452878641, 0.05766323181907497, -36.26100458768673], [-0.6872230498417915, 0.1971751696651431, -0.6744693002118582, 0.041328796293732505, -0.1795258363086108, 48.511008075533134], [-0.6038754152958764, 0.24609004943595583, 0.47048316363997533, 0.43386692051122816, 0.4064225121560881, -72.74278255378701], [-0.5251705503591009, 0.3265795270095644, 0.4658592523950608, 0.44481176488561425, 0.45017702779127694, -82.4793312143799], [-0.5232739285231096, -0.10425332359663729, -0.3729794662800906, -0.4981689478471269, -0.5727387339628357, 86.82990526603714], [-0.49566171662306324, 0.051919806848441406, -0.7341721747994924, -0.22451215788991014, -0.4027521632976019, 79.9625729796652], [-0.42253240280884186, 0.5759175285067182, -0.6877105701064863, 0.12495672509890672, 0.03500510750830427, 2.5454263055733093], [-0.29361043719613295, -0.4078242425849593, -0.7390251611398982, -0.44690684032239314, -0.039854555632981174, 80.1254326953556], [-0.26211349110883253, 0.17495154143169905, 0.6727983148967179, -0.6060681297134964, -0.2840991473889594, -16.70518703420754], [-0.25377330636264905, -0.5258027523806761, 0.42377511876560664, -0.14689019327453529, 0.6767336953349081, -40.46006522684877], [-0.25238635249660507, -0.4146257346538154, -0.7268448586760418, -0.4783415327676663, -0.08527929808533548, 83.4005663063998], [-0.21587815454478315, 0.3342222029473437, -0.8862602044945423, -0.17167402284105787, 0.16359407464276735, 19.353040446988583], [-0.1519879325786715, -0.689930330998918, 0.1782075306697305, -0.35359485379743877, 0.5866076730650134, -7.629695246730385], [-0.08890252039063122, -0.2194296922546014, -0.03528752274573905, 0.6478040609632134, -0.7232230923880144, -3.8412385447707678], [-0.08747686747403646, -0.5725885889158869, 0.35934903854667144, -0.24895861229734928, 0.6880246967651701, -35.79997757681326], [-0.06796517202156192, -0.6679910543804739, -0.32636873177502596, -0.6651570308250262, 0.01477369024105885, 68.584186588319], [-0.04964822294131589, -0.6766248250123688, -0.32613544411017864, -0.657122576579526, 0.03923635533905455, 66.80681673270313], [-0.03981385524114074, -0.34439147211097904, 0.4243753720889311, -0.1367283025469038, 0.8252395323268837, -67.45928352399886], [-0.025569078382569405, -0.7228838343934337, -0.31454674940115057, -0.6143335401012558, 0.020972080276909475, 64.38561187759059], [0.03323664505726311, 0.02990709709872093, 0.6036481564428156, 0.7719155684387927, 0.19430941663612405, -95.83917951149337], [0.053628645709071956, 0.657872615855594, -0.7316860583645688, -0.1510734987002737, -0.07835751177843849, 5.611149728254772], [0.08228727576540798, 0.5770356624781322, -0.781901445822927, -0.21868993637318868, -0.032611182509038106, 10.295923560594785], [0.08849065767630906, 0.007916539462379035, 0.5676858395007174, 0.8052859202116477, 0.14613044257169816, -93.91395760928575], [0.1147551435347817, -0.11205753679588067, 0.47933137022307964, 0.8446683815123903, -0.17621330333676732, -75.2294497060736], [0.15365000258117362, -0.20975850944850968, 0.5415308556616537, 0.7730602920070614, 0.20375269742768742, -91.62244161768693], [0.15548993782875428, 0.03599573689700043, 0.5834929476817494, 0.7770544728879446, 0.17392386935022408, -97.79612071251353], [0.19962565564415077, 0.00968505502881321, 0.5872146136259424, 0.7589665410855144, 0.19800147568782717, -99.3905148728056], [0.2023038120861695, 0.23614893105043505, 0.4775390624885576, 0.7830659928287266, 0.24914041151898825, -109.870308374259], [0.20775111650169728, 0.10760263334039695, 0.5642301097537906, 0.7631123856969344, 0.21110427976161203, -103.50766193326055], [0.20890084840363646, 0.17438192901011806, 0.5522543851656647, 0.7456662989598946, 0.25484945169981793, -108.01297618139321], [0.21278599982814525, -0.9277779889115094, -0.15792393041624309, 0.13852939596506558, -0.22320340549348938, 17.000120494511528], [0.24195989641075624, 0.3234698216085845, 0.4480188577191738, -0.7361573850846346, -0.30687797338806555, -17.04042361103117], [0.27360388385728784, 0.7600721994753727, -0.5882702066364012, 0.01582285507883576, -0.033450972541872515, -29.30542342260352], [0.28390093172707587, -0.7691015511101994, 0.22716251656020842, 0.518963060746815, -0.08341221550057491, -39.07917493627182], [0.29446911195486314, 0.0535793620952158, 0.5900124341574143, 0.738667676571173, 0.1291223651834633, -100.08256898605863], [0.43857336938322966, -0.30410943465115203, 0.2566803606991452, -0.789351213837752, 0.16189720525142512, -5.6646369513993395], [0.441392133220159, 0.04334294723282093, 0.5662238583162156, 0.694735595458415, 0.005231475228829023, -96.43102086116988], [0.46598560153349056, -0.37162098491018963, 0.2013219972530676, -0.7354730796760164, 0.2516029913013027, -6.382633450535742], [0.49837161309273553, 0.08819806165657837, 0.6048044730465328, 0.6137955654334339, 0.036240728752660455, -100.06267443091805], [0.5416776354985081, 0.07263393508144231, 0.5140737275735915, 0.6567451913441531, -0.07565452359413037, -94.0235552525305], [0.606899960947829, 0.1435326699867217, 0.5902101618966409, 0.5125484159888037, 0.004110487722352797, -99.78081373520341], [0.6164590395198797, 0.7027227073858082, 0.1930590415173566, -0.2418826009134672, 0.1742987750453892, -76.83297509228323], [0.6851819858933492, 0.5561407128794095, 0.19242178885252031, -0.34227302890993544, 0.25895208541512676, -74.03780244162404], [0.696253675633446, 0.6236843473937183, 0.3071187262610334, 0.009079608147194594, 0.1784497203099006, -95.21002934608974], [0.7330911834947872, -0.24991251925225022, 0.5194363855994796, -0.2974326249588179, 0.2045500533577583, -62.7514110759861]]}, "solution": {"min": {"arg": [33.50391024684368, 64.86688107518304, 53.63942751253275, 61.1853210085148, 46.325913812791185], "value": 5.4835513086300125, "pred": -6.931302495362893}}, "policies": {"policy0": {"pos": [35.49667577066523, 47.11978116619844, 43.49457666731376, 59.68682536201133, 59.53181207542612], "value": 19.61025326920417, "pred": 15.347336510563949}, "policy1": {"pos": [34.3102265038961, 46.360902709265616, 45.9888177496022, 48.533339966743874, 85.1368133682412], "value": 30.7317175719123, "pred": 30.658459560833407}, "policy2": {"pos": [34.78120828105526, 42.65993986845709, 65.6107952984493, 56.43718346203123, 43.54149065954083], "value": 27.037349563083353, "pred": 16.902620165245807}, "policy3": {"pos": [39.907372294040464, 48.09366974651702, 56.37969710010282, 50.499583338545975, 80.04656293887972], "value": 14.701346075667658, "pred": 23.36349711365183}, "policy4": {"pos": [26.692463389315748, 30.83743444630913, 58.00568542930164, 63.32319355374858, 48.83786999952985], "value": 32.71191367220702, "pred": 35.54127522156985},