{"omega": {"vertices": [[76.86391624697436, 76.31443766093675, 44.46996878475639, 37.35936395284282, 40.513031593254254], [71.2249531511663, 1.404904581536237, 35.37569145887802, 12.038625488582689, 82.47580419775514], [69.9627320429522, 75.22252123033573, 38.98319931830417, 10.515242122420155, 11.30490309198361], [36.144777190214626, 65.22147105925023, 53.59595548497731, 72.3790657728096, 84.98545469227558], [89.44244928598565, 24.68963342757834, 53.95660086609691, 65.78959149549888, 79.93970996879206], [75.1713970599502, 6.518365459300313, 63.616536806223664, 38.53858670384066, 37.7527595045798], [16.351901265064306, 40.74603244302624, 54.56522794712318, 44.64582379026408, 60.65899549124536], [40.675596225221135, 42.07024793242934, 44.08281612528074, 16.59550937073927, 4.535707795818222], [71.1885849338754, 67.31047900969087, 15.57620143785815, 61.103846931514546, 33.85991634574851], [6.999900174674545, 12.073665573505066, 89.90690494950621, 18.599073545796475, 63.0706535204289], [23.696222593371107, 39.329952721755504, 37.1000183122461, 79.0313248948754, 79.26349376956657], [51.52959699544311, 17.546392686337008, 95.9084316326283, 44.51772691958706, 10.350602843565337], [53.53657085411583, 81.94914426841925, 6.543864618648243, 85.85589844250359, 50.214551779035745], [30.096844641675013, 86.70570808670615, 78.15247560563793, 90.08185505732162, 52.86497899988045], [1.7953730360457554, 94.74350567699832, 71.02592950982037, 52.04236182533357, 24.498084843879408]], "constraints": [[-0.7826831821949028, 0.17084955188089102, 0.21417586111360473, 0.18502832060260643, 0.5273620085127335, -52.54238685833883], [-0.7682340186260044, -0.36210652106180974, -0.3515890725687627, 0.16424535248731648, -0.35791611903741855, 60.878991949900296], [-0.7179555857055248, 0.2736305776471066, -0.179084815801785, -0.23381063079421627, 0.5682669281311372, -13.669450556563326], [-0.7124571010658522, -0.046919620263956074, -0.6777224629071931, -0.12995717290353045, -0.11835043243291593, 63.52296060419619], [-0.6643005703002552, -0.4387151691204251, -0.19643084613775857, 0.33426661722946666, -0.4646660133622492, 50.69716705865739], [-0.6482382029277044, -0.3633326469052272, 0.18475189132272257, 0.5792794317765303, -0.2794256583265734, -0.8366130259648727], [-0.6452283329537257, 0.4803666180733106, -0.27762674889434574, 0.3271781597409271, 0.41086025687752115, -51.72690756092864], [-0.609624971963082, -0.43369704946731585, -0.636645304264866, -0.17389022420718792, -0.06862367904030019, 74.30477329327778], [-0.5410718297026678, -0.07975037078354959, -0.7725975452539435, -0.3156860511702528, 0.0657001037001219, 64.36278701953617], [-0.5151802553737693, 0.22324489728722496, -0.4561941110593818, -0.6614515307649451, 0.19778732464868776, 41.7536365543095], [-0.5140447691818173, 0.36992314425032014, -0.5016578997634934, -0.3754984378173972, 0.454153187180652, 9.921747481293181], [-0.509845841236578, 0.22945586005724047, -0.6514060978719739, -0.49015179338651527, 0.15109116967695224, 47.24984717251471], [-0.4986166241872416, 0.20293346001595236, -0.47226395277490446, -0.665747207421531, 0.20963512971333906, 42.66036281992996], [-0.4899117642669384, 0.1897508694978929, -0.326780036607284, -0.4145836802354657, 0.6673202008893547, -3.859322223573969], [-0.47286267332078497, 0.18529910512156864, -0.6769078328517364, -0.5025180020578787, 0.17702140337481773, 48.81502025802144], [-0.4720494395992781, -0.3367221394465368, -0.2719625815886777, 0.5117884239793346, -0.5726224678415311, 39.45961137693091], [-0.44576968112943566, 0.3042309215805742, -0.3901513420892088, -0.6747710761491772, 0.31811768702551946, 27.01068694842424], [-0.416912095157443, 0.3182084702391166, -0.5341511698381858, -0.43832038387598593, 0.4974790882226291, 12.390245957382785], [-0.4134583633788419, -0.27840400921697783, -0.136758787044847, 0.6709147723131392, -0.5317083710663518, 14.942551245284378], [-0.3884321074860137, -0.748020576077583, -0.3555973169339326, 0.22401660159974646, -0.3360845519145788, 60.751561507320325], [-0.37557098746291173, -0.7607214869479737, -0.4148862825140883, 0.1611317451600107, -0.28662725961625946, 64.19566521755533], [-0.3719448878822048, 0.39658033850710517, -0.49921394108654743, -0.5401873516267048, 0.40418325256651577, 16.7624124527737], [-0.35449734765150726, 0.41987746482636085, -0.465442385706924, -0.5283222212862734, 0.44974833087141025, 10.391433517469114], [-0.35084402203965653, 0.41838744008459067, -0.2315322456885194, -0.5989275943012639, 0.5380882624341772, -4.577329283093334], [-0.3270338351817812, 0.4408870880773632, -0.4522154045959863, -0.5386504613473854, 0.45169055176004774, 7.902067594103627], [-0.18209810854109065, -0.5832464571986777, -0.4293166920515215, 0.4561639566054181, -0.484009784664502, 45.49481472879067], [-0.1801257251869237, 0.20054153524332072, 0.545715591055345, -0.6824509327181819, -0.40471352075182276, -12.005507778008313], [-0.1783243203620937, -0.0370826493366347, -0.9013634423969078, -0.38610962904044815, -0.07272285031692143, 55.285698762992034], [-0.13734542557798568, -0.6291229378779956, -0.6393380089926162, 0.25930976443212445, -0.330674945280218, 57.43425224465324], [-0.13633511568671033, -0.6299233529230068, -0.6341100993028668, 0.2652179463643803, -0.33492257099409933, 57.11758666571644], [-0.13577232410331969, -0.6304969053115946, -0.6370824459827139, 0.26109873417005985, -0.3316518301405253, 57.303378985633145], [-0.13501409040721166, 0.5121827670971884, 0.01369977879905306, -0.6471181253312227, 0.5481700980615795, -29.0081917169827], [-0.13168340228565634, -0.6312771213277372, -0.6369793805659562, 0.26455298619009693, -0.32926837668132125, 56.77143415217548], [-0.12286614384102741, 0.6855056879225483, -0.2839542861847609, -0.4559992443358302, 0.4758366474389342, -32.48431325402149], [-0.12272379618831422, -0.8842640492873172, 0.03441745804213612, 0.42024967989009077, 0.15881311696872027, -9.391706175360905], [-0.12225572249152764, -0.7991693790490373, -0.08019300638624413, -0.4216808716018693, -0.40266135419266946, 50.95357497536166], [-0.12081539255272622, -0.8182136348924867, 0.17122470041598264, 0.5274308496964368, 0.09180898297175004, -20.26992710140053], [-0.11413077436855756, -0.2976387882364004, 0.573182811663954, 0.5200070838031923, 0.547210576731394, -91.32517603238458], [-0.11395519875758434, -0.47024116581090897, 0.5369712819857233, 0.6496948200123058, 0.2354696197489244, -68.737160961024], [-0.10821108173273089, -0.2733071176749411, 0.2388415271620471, 0.1158308791881025, 0.9182219304437576, -77.48342124373596], [-0.09448057278630231, -0.5495056979131873, -0.4273369763422492, 0.46030553243029976, -0.542788020125385, 40.62203501041175], [-0.07955353324802765, 0.5315218749512617, -0.3894658086220463, -0.5134135667851845, 0.5439472632078783, -19.984612882062773], [-0.0596036899932578, 0.5355560442969436, 0.13570176681606652, -0.6275545353507569, 0.5453324299910024, -40.97197033375686], [-0.054749855225663835, 0.5185043045072062, 0.1091697723134777, -0.6363736503786462, 0.5579124281435638, -39.04406151681687], [-0.052793447296900796, 0.23731481682190572, -0.28288694113831747, 0.29909684427979105, -0.8782998268897537, 3.654011664179003], [-0.02538519770723744, 0.055112730935114, -0.12775815803328552, 0.4761476237488182, -0.8679167425971999, 0.38059557018989887], [0.07056727116606369, 0.8753559802232012, -0.040241201441953395, -0.18693530057569507, 0.43841533644802677, -81.21460167921738], [0.0830464229696403, -0.5304238137441375, -0.17715981403123146, 0.7564638094193431, -0.3288324417940956, -8.253639554526416], [0.09145201311245799, 0.1667863476351581, -0.054235408099618146, 0.39814419541635365, -0.8957446978379137, -10.89032815025767], [0.09163381264780895, -0.6602251522454521, -0.5741315386286574, 0.44559077762953575, -0.1659151227751463, 23.030922182071595], [0.09170258238481462, -0.3804259058638191, 0.013453075203990878, 0.8791753409145069, -0.2715446578871794, -35.6687949580243], [0.12441397894681229, 0.5320143889089277, 