{"omega": {"vertices": [[21.32451429450165, 50.904317088443264, 94.98563531886944, 34.66858466362965, 14.269767519885502], [95.33513708759818, 93.62162190212517, 29.095253966503588, 62.26937475263552, 45.35062099836619], [34.85526219374946, 18.693582446957045, 12.927958463268608, 66.1041156846989, 91.43825558734719], [94.16617328045663, 95.33088876634393, 52.1580012719139, 60.08653081297077, 7.860890041906677], [65.20347457892713, 78.09525134206878, 98.95213650379407, 62.59069514160718, 43.66300038085127], [88.47101831477214, 78.87417021108661, 94.86248124114485, 76.70529932571264, 3.288469450208864], [32.5673747734199, 71.07921972647272, 53.27507687108949, 44.055297912394686, 63.68135430357744], [65.18331993496544, 54.20555464779155, 57.92046308652342, 3.7395931803795746, 4.259454609304214], [53.56606657064322, 91.13641529225964, 68.38606981133121, 97.2867938508037, 70.24564639640728], [11.240374615092009, 21.923153295749177, 82.26200390723648, 23.896461146145786, 84.06121641649146], [81.23109655130864, 86.17142275739053, 95.90410019320635, 66.44102786294529, 18.1189803181111], [87.56504813259384, 92.70804588112618, 88.15608167727176, 57.86808745347092, 20.001508728505613], [42.52178779287967, 28.195842630780888, 42.349054281034924, 46.03822392796708, 66.09518046468676], [14.93487767880871, 13.878757877341686, 61.910825122698135, 58.355601245518365, 58.57824426648337], [0.9912214056859714, 39.841466865748075, 23.153818149798656, 23.39580416703394, 78.52221294198117], [62.66749812909722, 78.4080669485171, 46.546354921059894, 25.188455497131123, 50.827650483368544]], "constraints": [[-0.8821375469332328, 0.2465708588874836, 0.21875135711664984, 0.3299435863434803, 0.06573608923972853, -26.895318957361717], [-0.7417189360817229, 0.5778784405624164, 0.2871063558317423, -0.028929171611558797, 0.1806725525967703, -42.445912822266735], [-0.733990156496046, 0.04427488862239382, 0.09321018834338213, 0.4862865707327757, 0.4627476810512755, -50.90763883180202], [-0.6187598073699632, 0.6253653718569263, -0.27097649082938496, 0.13077496276604542, -0.3681359843822196, 7.819261354194403], [-0.545825679197643, 0.14359056092026995, -0.4139318248735744, 0.4831551446040128, -0.5260015488024173, 34.40328019881659], [-0.5119617389633383, 0.7324376222760056, -0.20928823625509446, -0.2445304592037392, -0.3127836248897087, 6.453349073318483], [-0.5115645249632316, 0.11545197394187856, -0.4575915506046889, 0.5070025581112177, -0.5084593960150059, 34.565913667214055], [-0.5081822754788402, 0.7015291391249818, 0.06588063587231703, 0.2306700292462623, -0.4382450470596306, -32.87518410068669], [-0.5052996941302669, 0.7170479800735388, -0.22314012223441648, -0.26501023940845225, -0.3324040797616676, 9.400397943284423], [-0.4914302856344467, 0.7918686689574173, 0.08789459669502146, 0.08638569191074708, -0.3409579704153804, -36.308224476275974], [-0.4910318130031882, 0.7519218110637663, -0.3920366264214639, 0.04562444752091063, -0.19423450259384156, -6.209499587060577], [-0.48811107836377954, 0.6704740915379708, 0.4463611290093796, -0.21830566801611148, 0.2555708230146633, -62.19777720308379], [-0.4816679662081684, 0.06288035674997042, -0.32584170968545445, 0.5779230547257099, -0.5690994237474215, 26.105877740588962], [-0.47544799674537375, 0.8502321197312988, 0.031512627872903265, -0.11833558130906463, -0.1898899403571004, -29.322822375173338], [-0.45215170599748894, 0.3960221290966054, 0.6602653081459319, 0.41502693265684554, -0.17472171032175637, -85.12819845452982], [-0.4426711654197329, 0.8089218712365874, 0.3737088174669982, -0.06479606944282368, -0.07635990226036099, -63.89881121736808], [-0.44034768859689305, 0.2785914648132646, -0.6154484956050363, 0.45425403700557615, -0.3786253134725773, 22.689830986100887], [-0.43577606151031645, -0.6477911774766405, -0.07785100972938075, -0.4588413817027329, -0.4169767635243327, 71.52035074303053], [-0.4322243208359222, 0.7986377505329962, -0.35937859386121335, -0.14009542043514267, -0.1630342888749458, -6.990024698450574], [-0.43116300211109204, 0.8489837082614892, 0.027733961345984832, -0.24650749726729096, -0.17829753194084683, -25.566591855448586], [-0.41720421323527784, 0.8313029328450482, 0.2813310344284252, -0.23310868715598393, 0.037272876757770385, -52.59296495096983], [-0.4018253312184743, -0.10645061598483936, -0.5281193905437725, 0.2743286873597656, -0.6877778348934734, 64.45512425069359], [-0.40171623255790795, 0.6313484818458557, 0.2512285943893913, -0.5931477189825509, 0.1583765759111542, -29.131472423279433], [-0.3816075700125538, 0.7160155068400923, 0.17000195132246468, -0.01242789883732704, -0.5591442929608448, -36.04871093696465], [-0.36815047551504804, -0.1551703532964362, 0.7491763297572855, 0.5189518147792607, 0.09905165170060591, -74.8162876725262], [-0.3672854966782238, 0.9077028554097107, 0.009290080136630054, -0.1916073073199747, -0.06616059555001054, -40.39770268794053], [-0.3669303512221031, 0.9010637709802313, -0.1788379548069244, -0.13790030524234884, -0.04946402443648119, -33.344170616185586], [-0.3547522594769488, -0.14835398852823828, -0.567338136774402, 0.27580457778994094, -0.6739445095222791, 65.86526699742102], [-0.35032613545003943, 0.5309018276612939, 0.2188555139738229, -0.7336235386753889, 0.09650707596436929, -16.286234109040137], [-0.348393949992186, 0.8126997089149005, 0.054460249391378626, -0.39259371438376783, -0.24707305680924366, -21.97718979500968], [-0.33572294812410935, -0.06117012713703992, -0.38778197684297744, 0.6763795771252205, -0.5250563052973989, 21.157188314160145], [-0.3267596498145614, 0.7817224520697689, 0.32505365508890033, -0.4063043209446034, 0.10674764296313158, -51.137752991830894], [-0.3010097502397454, -0.21340792040445844, 0.6949137096087827, 0.6163509725759052, -0.03250545449223302, -69.62871962428281], [-0.286656844578293, 0.6672592484488452, 0.40797467499009243, -0.5020668110914196, 0.23254791029617913, -52.51775095139325], [-0.2734434061879342, 0.5916350921092949, -0.6036355956842835, -0.33266574916938785, -0.31647146530077047, 23.3089243588447], [-0.2517335748992072, 0.8407255226473571, 0.27794841110773916, -0.32338752284683786, 0.21903422944248369, -66.06899815464095], [-0.2149147113635141, -0.32004137068151856, -0.3721772926936353, 0.3550299324334582, -0.766043730978436, 54.84881652735969], [-0.19658119929582554, 0.5900058891362092, 0.2276648286655504, -0.2613412925335165, -0.7022238513989701, -28.385832828100693], [-0.1963237465276995, 0.9557638159779883, -0.0001648082752037463, -0.21011780473039038, 0.06183037756665738, -60.47895387408522], [-0.18168380664698075, 0.7947264955410881, -0.25248050044397696, -0.21467165528410662, 0.47494259547905776, -57.90822047775117], [-0.17436119438060946, 0.8667710961731265, 0.1502301188483493, 0.33210232629500486, -0.2923097620560439, -91.70389700598807], [-0.1244488306401489, -0.0348484651741132, -0.8441085362695381, 0.036299866004869105, -0.5190964956077383, 60.967446872084864], [-0.07145288033282379, 0.6329764466876525, 0.3570317421890568, -0.3815521764632438, 0.5667288377490817, -80.96599782143834], [-0.05416631461089342, -0.44439997817682503, 0.8053368245854925, 0.38832990457964045, 0.014392843139366946, -66.38671287541051], [-0.043424930108484396, 0.5031005256511281, 0.5101479570570953, -0.6747702327514636, 0.1715760223272462, -52.195721957918195], [-0.03834437817938636, 0.4853421657762576, 0.5156188298294574, -0.680359092272111, 0.18499032047547254, -51.91740047069755], [0.018230619471720583, -0.8476538302304726, -0.2429134165448395, -0.44908778622725537, -0.14305195186820296, 61.117600210058775], [0.04152478098230628, 0.48798227953519197, 0.06766597054951937, -0.31916053526538524, 0.8085214014376575, -77.06968792090495], [0.07610854714160839, -0.534636148886753, -0.4022992373219818, 0.3514882097171538, -0.6503714626546258, 48.77640414441531], [0.131864523040719, 0.3833264085939689, 0.5298239683187037, -0.6984755663213661, 0.2590194160381832, -58.55270456284166], [0.14120282355522618, -0.1746536918541112, 