{"omega": {"vertices": [[15.157418172003489, 13.669759315944797, 92.57614776890829, 53.58520352446965, 55.70957174618084, 35.68650911589305, 74.60905446980458], [42.79383463301896, 71.68134141900153, 39.69833948288809, 98.95527980235198, 7.532079113210899, 24.44272531997329, 43.93682005129326], [54.59136468693858, 47.824648670498036, 58.670387432343574, 91.06249851875255, 97.03657247221065, 5.640805020973206, 9.951370761905876], [38.8274025497534, 16.905181234621335, 77.78211863784655, 71.01374648879607, 53.777084544865005, 95.65330724808166, 94.49101372267525], [15.303282546094332, 66.87237469086037, 92.0447902100317, 62.161837215673046, 27.91824007513507, 93.56305738520197, 69.8742673998602], [23.426995521603477, 24.611391289614716, 93.7805848346469, 36.91444333292654, 49.37144379766536, 27.166577205111665, 73.78080024889123], [35.63050618874094, 65.16767777845946, 66.31797363730588, 36.573050179126255, 97.32119693375336, 26.186126345990502, 35.0629074833156], [10.582222001188935, 72.050273074591, 52.97097854940357, 92.75182562269258, 82.64930432533814, 49.44595718331992, 32.42059728493988], [29.75616514339111, 92.75963693227544, 40.665671963980245, 96.92731289297113, 12.034104858509064, 54.27226991546031, 93.97919866513588], [18.73047126283106, 13.385663068871201, 76.51402330568905, 30.638184048616136, 36.014723533547475, 14.313154525453841, 65.2476240940076], [83.59308794138965, 48.44629031184835, 52.20931106556043, 50.25196459062157, 59.02902687855786, 88.87282141900575, 15.879417479857516]], "constraints": [[-0.7734427468731623, 0.23943194353988081, -0.169745161110309, -0.324547866009981, 0.2185256648030457, -0.0338107810634805, 0.4017677059897667, 0.6128435618140387], [-0.7343331497993536, -0.40287547823736947, -0.3217363269730528, 0.24831911914232954, -0.30760384176085726, 0.17788569209473695, -0.0837023428404205, 50.149996236781405], [-0.6900919458757055, 0.2924112772484666, 0.4338296743389298, 0.17749563559793777, -0.23141012227304217, -0.40397600166801517, -0.04252775056318087, -12.729392042906797], [-0.6658575856945733, 0.08281745040925136, -0.38364965951058555, -0.3661995779457463, 0.26630062550448935, 0.13871291133048572, 0.4222895433664119, 12.807976819923521], [-0.5986685096190917, 0.13136787706350572, -0.31659804992417756, -0.41987286904173804, 0.2719295954944024, 0.11245139904888188, 0.5110967844149975, 1.7923756654165928], [-0.5902317745250082, -0.33114904366687914, -0.1874416625518702, -0.40956635274090897, 0.20671714178487638, 0.43764118233964794, -0.3237684479292538, 49.79448925103257], [-0.5697139996166213, 0.5370535587688319, 0.3728758969979782, -0.10964323789793787, -0.19596563844164178, -0.4300239620819299, -0.11233085088831654, -1.1468028179976093], [-0.49732342242250466, 0.2537757000324627, 0.28217972967468175, 0.28199923390986376, 0.02143295190637794, -0.7027656914107294, 0.18649222870283924, -27.193787522428146], [-0.4968705081921571, -0.2809415031880239, -0.658827400239455, -0.15433804782316893, -0.25116066166094037, 0.34388613719932815, -0.18702523957834916, 84.53171854946318], [-0.47147085281915024, 0.18559593072611394, -0.5644900702983194, -0.509729234092989, -0.24211376703780232, 0.15958251179340058, -0.2840964618328395, 90.12728152885488], [-0.46087081414722064, 0.40647663506603143, 0.2690447763946583, 0.11866253428299532, 0.022700140348540294, -0.7191521348510552, 0.13495873307157974, -20.359874927522938], [-0.4584286810072001, 0.002085934138489592, 0.589049232339969, -0.08516897418852852, -0.0759540191036808, -0.0725110310519556, -0.6515974051374943, 12.386066781632046], [-0.44860905039837246, 0.12678906293550346, 0.6219729554404566, 0.17894069629331202, -0.2588992776958772, -0.2978603217352468, -0.4561301525613759, -3.0176524919241885], [-0.4423662053267493, 0.21878224088963752, 0.024629157956331256, 0.15918860189438191, 0.266794724582161, -0.6955930014837646, 0.41889117474987636, -28.388605549984472], [-0.4375100964945709, -0.026122129420733307, -0.6874016393018948, -0.47447620699292853, 0.04344509601818373, 0.3228373534095915, 0.06436172758690054, 65.29245286355571], [-0.41594250171758806, -0.5493787021477473, -0.07896528269609995, 0.23226263085875307, -0.3164984249980854, 0.27494359615283614, -0.5377994024122228, 56.62386987242266], [-0.4085030247760371, -0.20363514353925646, 0.4234635374120773, -0.15741941283994437, -0.027696353853166017, 0.14053255192529565, -0.7530201071955227, 30.918176844371658], [-0.3984938264391409, 0.32623012542721846, 0.5777032099140007, -0.025765423725017497, -0.2381857624235482, -0.3366933553329852, -0.4798716982718326, 4.39200613777545], [-0.3702412277946473, -0.2849843735444101, 0.10816715839873743, -0.6780030549681136, 0.23605684161671378, 0.4609245424497993, -0.20528710886912718, 21.541665407839645], [-0.3486351835926392, -0.4291899742146066, 0.20060615767746853, 0.22516941723818834, -0.3210951166515017, 0.15321334038700876, -0.6904556294415322, 44.44890240485448], [-0.3451824742771385, -0.6234731974864991, -0.44154234304518786, -0.17445309511399842, 0.4030951032876725, 0.20684878179151422, -0.24792060734850743, 52.63835304468577], [-0.33947975280307446, 0.1074148195001163, 0.278084496937489, -0.2002000128176972, -0.3196651302919254, -0.04758006116009384, -0.8070655882112596, 54.629982508688364], [-0.32433683682969955, -0.660241244557623, -0.18617802465901678, 0.30288378961527634, -0.2172592114865846, 0.18838920225351238, -0.4997941695149855, 57.616637842643605], [-0.29011743495427295, -0.5051967329282402, -0.6250550334133979, 0.3670102539885635, 0.12969886831005165, -0.20623744780169898, 0.27543081223665833, 29.08701068702499], [-0.2746063045566677, -0.1485467829276474, 0.578792912844416, -0.17484322378444028, -0.05872292926903864, 0.08088194385448177, -0.7259225651911513, 16.52494408668708], [-0.2592231549684471, -0.5130517784113766, 0.19441929633537497, 0.42530188109412503, -0.2726451559501479, 0.23369441316164088, -0.5674083326329818, 19.336976989846846], [-0.2438501812230371, 0.35065617140660377, 0.7099152802908035, 0.3862764344167892, -0.061678733395227975, -0.39926331018070577, 0.03424459937190702, -72.38771714233485], [-0.2087150985968101, 0.5440000932517524, 0.663798180808126, 0.1628175160590642, -0.054893552519037145, -0.43556543053784025, -0.02517521384641852, -60.36028779136071], [-0.17682980187367076, -0.20222045071938016, 0.6402503132142773, 0.04467935872941276, 0.46167407795676363, 0.3742831773779867, -0.4033491672079266, -65.20449719784818], [-0.16734839212277838, -0.22988248246503645, -0.6190670037159808, 0.04936525678253432, 0.44022523926433116, -0.2491174432336373, 0.5268870034779215, 5.399430064895363], [-0.10000423318964417, -0.0639230167632926, 0.5797747741076918, 0.7988604772256959, -0.04524833305275139, -0.07021386061089338, 0.06796140552696583, -94.13488155839948], [-0.07056611930853772, -0.2503799921953022, -0.9310614858857447, -0.1517054585596015, 0.15956100003786272, -0.05572863118894489, 0.11779156417242888, 67.9259663812027], [-0.06882805921997959, -0.35451929244257524, -0.9076644647120689, -0.053711404054791884, 0.15290742672202226, -0.010248657514436744, 0.1391163469756322, 62.6920984812777], [-0.043874801237336516, -0.2924373826544334, -0.8989708850088937, -0.11997253007997542, 0.22355156431700074, -0.0232091756110897, 0.19874443698886302, 56.50933009790455], [-0.006619413812427386, 0.41755943083263897, 0.668492685258275, 0.3042116503051435, 0.31690806968674834, -0.24138258276108787, 0.3570389765352099, -119.47437605859182], [0.07275926315065061, 0.24853595013768456, 0.6127827274370221, -0.20933862038554574, -0.35732664504361633, -0.2036543130898945, -0.5869013814829628, 8.91552621952372], [0.08790792366199211, 0.35762176549480446, 0.6050464484324799, 0.325079935870321, 0.42101759486829915, -0.13304407942335655, 0.44459437477020675, -131.53100164126758], [0.12966350994574052, -0.22476498365668576, 0.6694626478182515, 0.1779079329178407, -0.4150360321870084, -0.05631230145340391, -0.526697848469996, -5.974889079712419], [0.15760092077311946, 