{"omega": {"vertices": [[60.70592910400274, 2.1608532945260883, 88.78043315394895, 26.536600875657513, 66.29347976277714, 32.01851713891901, 90.92993026134275], [45.54858218257798, 0.3458290088177107, 3.95846266678781, 96.64456882099557, 36.68314873262257, 80.41189788848601, 51.757579987247645], [11.037630784583852, 11.754994275501796, 69.09141870237303, 30.808680070380035, 51.684060911090015, 18.22026993589421, 57.06014358895166], [87.9867166510724, 27.217894848829292, 50.44370803349355, 56.59728039551025, 91.47359494409648, 35.035695042132765, 80.56119303559262], [19.28525742600239, 2.848123203522568, 65.07968391817049, 97.02456455230346, 29.89729698402379, 4.4242818379855, 38.380348587265765], [21.785627279906038, 9.498233118363707, 27.63596663753366, 40.41356058583556, 33.98367260912608, 96.07513622918606, 83.1067123787257], [85.40358622719978, 94.10685228488195, 52.079574609533864, 10.694409693160312, 69.26508048885955, 37.53747656730495, 18.709182653855805], [70.41880146586843, 25.385172980036952, 89.50765562488627, 89.1741645544191, 5.062724358954684, 81.06591365040812, 55.29792883198714], [75.43098152434358, 66.55934014974909, 87.41828256856685, 93.99405047404555, 71.91821135565445, 77.8175217748765, 9.9872325506138], [12.581986136996349, 54.15207221487185, 53.4958272191934, 92.98407799292563, 62.82070469978236, 40.58984444231568, 56.81808026000537], [37.62568204080343, 12.56076504108995, 13.502513277178474, 55.277651767451985, 11.329493392179868, 90.53153999670549, 84.23048523848253]], "constraints": [[-0.5942210368182328, 0.20122559005629717, -0.3854195379460304, -0.17823609745843627, -0.3007695746445078, 0.029811889605547336, -0.578569104643277, 84.32883685282421], [-0.5821875076141837, 0.17677963213337483, -0.01824106603738873, 0.06408669256701074, -0.4391195668439586, 0.33186316235738, -0.5678095406660123, 39.146245195937524], [-0.577062041662481, 0.10123663165398238, -0.15981505562565163, -0.1436692834225032, -0.18052391123251954, 0.21786091223789536, -0.7283656841670294, 67.5688463606154], [-0.5617437642890392, 0.28055274007528763, 0.07432457965953242, -0.15399316686452605, -0.47792699253259635, 0.21889194991196634, -0.5478760524138478, 54.48638356862324], [-0.5559688851910933, 0.329681163951574, 0.05180969430065119, -0.16224763403078682, -0.5476218024219157, 0.16811879160375787, -0.47439100232261744, 55.98917679286046], [-0.5356762683471527, 0.29086634331094247, 0.007706731610256143, -0.1200281796836674, -0.5002653315055169, 0.21903817270629986, -0.5619060644088684, 56.20000696395586], [-0.5290338942118943, 0.2236452505067651, -0.1485471537236262, -0.09017068120694123, -0.39316373259527626, 0.2216567020579105, -0.6604540240445288, 64.10407532465362], [-0.4859648920099748, -0.3997535869333109, 0.5517219899203186, 0.2278519567999348, 0.31238286899938755, 0.3871889019609069, 0.014940630592738568, -59.12848694084852], [-0.4567720124345238, 0.0775478731463844, 0.34561129836213594, 0.14659767090654102, -0.371431176052166, -0.08939571789935521, 0.7060133826167656, -43.724488993597916], [-0.4153116202950581, 0.4767272141187227, 0.5938367855967112, -0.2761602631015857, -0.040428744808041386, 0.3295209605218073, 0.2472291562343638, -51.56213244319524], [-0.3978272454035952, -0.5253354720310488, 0.29815640474190763, 0.22508052466760642, 0.5592421333866642, 0.32606864251273565, -0.08441040802100122, -46.99659032425556], [-0.3970618893354133, -0.39684074020166654, -0.27752585746567476, 0.22638959045512771, 0.40075504724103195, -0.2363857688646723, 0.583184014796516, -28.43482545961483], [-0.38516061469229346, 0.05403304526581318, 0.11350277528163814, -0.2636670273908586, 0.8095439306559769, 0.3330933119546835, -0.0040024303269536946, -43.78392078964393], [-0.34379358699318796, -0.24452926366417402, -0.4397094839110725, 0.1612441016757637, 0.23022155916226827, -0.3752326095887248, 0.6394261807165689, -9.4661544451112], [-0.3387808039159254, -0.02370096088505843, -0.04920493872045089, -0.21305392027615327, -0.4477194207201382, 0.24906848420656424, -0.7578686844676666, 71.84559958018097], [-0.3385197871793019, -0.4373189727919487, 0.09919102953422243, 0.09099368242420255, 0.7606519070933728, 0.28848276808052875, -0.11926494832477093, -38.54404408549425], [-0.3379200229202204, -0.48867791081093304, 0.41727148172026873, 0.38772461994372576, 0.40486226300326555, 0.382669356608222, 0.1104934330014604, -74.90411990065013], [-0.3357767316698367, -0.23258180473162576, -0.34676912524845616, 0.1789603469748714, 0.19186562793793968, -0.36295410188016963, 0.7157764730041748, -19.260165293908088], [-0.3246850477803282, -0.17170008243115772, -0.24572234672395624, -0.1577296259778809, 0.7869317510507012, 0.21953032804359845, -0.3352393907459513, 1.8959116735551724], [-0.32085236949136975, 0.4291095257030813, -0.22479918272744692, 0.1194897069916684, -0.6056122887242661, 0.09088271648742904, -0.5225709491550302, 45.762521603362764], [-0.29821497905285854, -0.2941265099155153, -0.24581951262192728, 0.3112530280211985, 0.20835712542909213, -0.2531054019517358, 0.7481822678874115, -41.43747362307305], [-0.29587902726707227, -0.5181377963855768, 0.14519034523689575, 0.20681562164071177, 0.7278537413880287, 0.16483294469107068, -0.15229878189751092, -38.97816045204944], [-0.2930851217115318, -0.3707676902848036, -0.4091640785624155, 0.1344305500932095, 0.2108888911365686, -0.37079741485331486, 0.6396723911669959, -8.921927495527136], [-0.2726289820916111, 0.1365608822062873, -0.7936040752609708, -0.20872829512996782, 0.28070597961333915, -0.35095625360088323, 0.17799858197130916, 44.39564845291462], [-0.26161271406332987, 0.5844635008606933, 0.28647463018294766, -0.23304489986146787, -0.3995523045729839, -0.037440344335804364, 0.540869431044699, -26.125341991462477], [-0.23661474335197905, -0.20663011937311945, 0.002196357312871046, -0.2885178509956745, -0.35924717091849717, 0.2468965586873505, -0.7924983546753389, 73.06660739902549], [-0.22076010601233514, 0.47062550560511257, -0.27287763307670426, -0.27461987058249854, 0.007404719302624724, -0.29979684813457785, 0.699975251773721, -10.642367886448234], [-0.2140350614472225, -0.3024460867919295, 0.19070299946894506, 0.544425387172279, 0.061914430347394904, 0.08785138948059304, 0.7199982343953913, -90.11793871041345], [-0.19841347502755965, -0.24327916479196368, -0.30603300526672733, 0.021258281114884987, 0.7034509757965496, -0.1536884984587338, -0.5374716701087141, 22.650328309755835], [-0.18417638765671093, -0.7097156110628006, 0.35470750196062834, -0.009605307955299276, 0.21965093279818862, 0.37377746822406943, -0.3853790442204995, -10.008738721113971], [-0.17805657598031216, -0.23467642522338317, -0.03827430500567794, -0.32838463382890437, -0.43301694127774754, 0.19398556064341219, -0.7607807646518508, 79.74133029657852], [-0.13978948964562346, 0.4819113628785401, 0.7429588164922172, 0.029521909241116404, -0.18479595694028333, -0.3742215454426969, 0.14549804125627247, -48.296246320998286], [-0.1357210889124791, -0.2850533516231258, 0.3153476249333892, 0.4739708246885074, 0.46423634479065806, 0.433452451470802, 0.4157348843135025, -114.17633157439457], [-0.11270670644135831, 0.16392004125952545, -0.7490415177383786, -0.08023195245340763, -0.013911566872464105, -0.5929913704473336, 0.20271842488649985, 53.497644224744334], [-0.09441222457158145, 0.19478434238846387, 0.494935336799738, 0.10757148690824213, 0.5720129729621807, -0.602251115320295, -0.08189952540428413, -52.67509843038972], [-0.09314680624243724, -0.42582676579793444, 0.35431710364441693, 0.5977778909273612, 0.44376933960865306, 0.21559646950691924, 0.2893149784574318, -103.37419045682722], [-0.08949248861390235, -0.1839689897938578, 0.1551714480516646, 0.5401346531973201, 0.16535144943008004, 0.17457643173467854, 0.7645291695252948, -108.34925692112257], [-0.04030529952036101, -0.18545208143626526, 0.0858343437676966, 0.5746072827810815, 0.00504707774677577, -0.059649203812334725, 0.7892138137521507, -90.20889528389212], [-0.01198230197950029, 