{"omega": {"vertices": [[3.764037810335741, 90.48561231462978, 7.763183153910602, 89.22700914451198, 47.66570505211871, 26.945658351054092, 67.4356086491266], [41.3074185283567, 45.17357458869914, 90.33105910090123, 88.69222824564723, 63.37298558503224, 73.8420379823817, 39.16217505871469], [68.75073847620149, 86.84662894217577, 72.56258585365866, 92.81438916306534, 42.66941999956666, 37.941119072874365, 53.40206895232691], [13.670122844354282, 85.33872236126652, 9.801925765687747, 48.2190327813745, 13.35560310734304, 57.01667425389485, 28.945216330684097], [62.149677573666395, 17.91484780030671, 98.96101777946323, 54.58484195036174, 67.55981800013792, 50.617871940179626, 32.171721983697275], [50.78547233137096, 38.82783161860116, 99.87739352806672, 80.12912224678146, 20.47999821413914, 66.37465867386504, 13.484410151159654], [21.621325491601183, 95.35695748544758, 81.16862318944543, 32.735267304851924, 28.6769611293091, 74.38749576087714, 94.67035667016245], [95.44634003199428, 7.475075776259265, 87.2493858539953, 53.55320669200049, 36.217971780274425, 98.06400387099815, 63.99740127321735], [72.96224235909291, 30.376193465252, 57.81851474361185, 6.358503734849363, 63.791789253616706, 32.17015407812111, 71.22024859022326], [47.37328047480772, 10.51463187627919, 99.42948214526962, 52.64024931109422, 16.906747958859114, 51.72974843792934, 85.25683205886261], [68.6002779841808, 41.913116435932366, 88.75302977126852, 41.63754464922431, 23.08185562235937, 86.15437808494654, 97.38816788204733]], "constraints": [[-0.8834406164075815, -0.19009048226815292, 0.29694690216437564, -0.15967208476017614, 0.07841023309887257, -0.149663641915766, -0.20292431621090493, 46.447198037160845], [-0.7328822399689777, -0.43217883590150435, -0.10223616993040939, -0.2741154250703682, 0.34602042307001013, 0.26105615183500464, 0.05131401212998435, 40.12871176320241], [-0.6181429632463501, -0.3793286450933137, 0.09402060216788691, -0.36664534091645745, 0.04487274680156273, 0.5344508497389325, -0.20757914673866143, 32.51572362732787], [-0.6093316046932691, -0.4555265662143395, -0.13133809897112791, -0.3262431875664405, 0.2862994875224708, 0.4638707445827293, 0.019564383063924624, 33.38382553860633], [-0.5967808779909599, -0.4161649643823009, -0.23483688250289794, 0.04965565596765365, 0.08717504672485524, 0.5958487232449344, 0.22452187146837235, 1.9441382282606412], [-0.5819061427107245, -0.4635015888141496, -0.25198073324938525, -0.20121910462624773, 0.33111937262796115, 0.4514080468806342, 0.17075958693049925, 24.579091229669444], [-0.5720918725555663, -0.2951460134540606, -0.0156604918595905, 0.15588315820295448, -0.26611179749991676, 0.6987042993646391, 0.04529595304397167, -11.949895309349802], [-0.54301562398373, -0.6165553088184285, -0.324461958344756, -0.12013202882448658, 0.30333430814270357, 0.33369927153451867, 0.04381107389564901, 44.66637856751876], [-0.5385580487187441, -0.4689500589047385, -0.3222017867390992, -0.21272564584039608, 0.2627485222171984, 0.45493949479776397, 0.2548885026501846, 23.9712716390746], [-0.5177027675264795, -0.4413029315923802, -0.21784907127023642, -0.11747548175153824, 0.4349699019215569, 0.42276260533453064, 0.32870933109731704, -0.23807069213912513], [-0.509745647851914, 0.1480095169794902, 0.6102346646234251, 0.12659244637931544, 0.08948909954359896, -0.5667627378248612, -0.02474397032227849, -14.8319999447726], [-0.4848418225686968, -0.4040380347459379, 0.07136569903566785, -0.23370127406071511, 0.5305145920812666, 0.41508017414708137, 0.2970438379925248, -23.343188418206584], [-0.46508117623601963, -0.15890983368458747, -0.053980432519059866, 0.4783201260310402, -0.40277465835022364, 0.5715211863211501, 0.19462590368419147, -35.456570372448255], [-0.41090122358662984, 0.1267307969948892, 0.3825380733746976, -0.2871487318620271, -0.14122555602505782, -0.7164514523430927, -0.23035272196729317, 54.301891142538764], [-0.38424023943273367, 0.48582058278033396, 0.39460251799023766, -0.17047192834397654, 0.3104708724635273, -0.3160945545282943, -0.4850340649267817, -3.93901920664835], [-0.37924432460785495, -0.23804885102939108, -0.14546530866096266, 0.5109371927191967, -0.39142559645230485, 0.5756565385848257, 0.18081777532977913, -30.540061829840685], [-0.37907771468555523, -0.2755145689716574, 0.18133645964313688, -0.7000187733965303, -0.1586077809938354, 0.3514423871784602, -0.32987032923887777, 52.299276406033], [-0.349617893686728, -0.7731303056070767, -0.3952940538692096, 0.2670077385897146, -0.004888672330995507, 0.11363732328179768, -0.19886929656184982, 61.099443859516605], [-0.3291027562647497, -0.12298242541597265, 0.7670113396825368, -0.2155065691877172, 0.09898188135441975, 0.48010108305802335, -0.03902255121262526, -71.21745954257959], [-0.3150727641430177, 0.18487929047415966, 0.4169526539686314, -0.229202661510113, -0.1385262523287775, -0.7647303593840623, -0.19016671739900196, 41.70434096236321], [-0.30514595624383484, 0.2563011540276608, 0.3910372075639792, -0.2799446639894407, -0.08725575707289361, -0.7233517585768321, -0.28118537916821, 42.51214941168899], [-0.2733819994742096, 0.19734221338251307, 0.368552976077188, -0.25240032785932454, -0.236642963051971, -0.7690819128310141, -0.1982277248421594, 48.20295069849778], [-0.2195510041587414, 0.08112364300268096, 0.17438190818864924, 0.7258003762236386, -0.4237551617498529, 0.3031537128610314, 0.3413948803920458, -83.62113909699303], [-0.1575193497577467, 0.034407675971500976, 0.37715362433872013, 0.18913664990244766, 0.5992480714802649, -0.375142587888232, 0.5442021914488094, -77.47822492416937], [-0.14894306620318926, -0.1480489325696821, 0.205642262454093, -0.7576221220854015, -0.41948110229054664, 0.23881975798700714, -0.3265244012791084, 50.623526713080764], [-0.09700091083575528, -0.08992624802081636, 0.48216243051066343, -0.7542091869733515, -0.23246502827060625, 0.19680254475332987, -0.2973562763970823, 16.40272723732389], [-0.06899812126840016, 0.15125309970094677, 0.0170754368938311, 0.5078266192582677, -0.8000839467968408, 0.1318224503930583, 0.2380563651118146, -40.33988110850423], [-0.056541124294087745, 0.5544804422032766, 0.07480243377735778, -0.2913044945889847, 0.6730410844303369, -0.009660538738023874, -0.38186804065146196, -30.61732008792334], [-0.038026155703049604, -0.09599808438094436, -0.02911089176210558, 0.7944604215656577, -0.40003581160390234, 0.31858822984982504, 0.3095100370904489, -72.22033510559177], [-0.03788812858060808, 0.24098826933653328, -0.09048625826632338, 0.6116500269334252, -0.37441021151951687, 0.6333063749125211, 0.13009863326420515, -83.52821093135294], [-0.01661709837943413, -0.006103196160703038, 0.22807329953775318, 0.2668225037131799, 0.608493037370415, -0.1799044660660506, 0.6883644028779237, -95.54042779491684], [0.009854418880464648, 0.19183505732035372, -0.14303370789423356, 0.6272122576797018, -0.366334487270387, 0.6326127137169923, 0.1218545908603714, -80.05119494334144], [0.0437289917284596, 0.05107184316659877, 0.4243846046081486, 0.1839753824765601, 0.6084942534491625, -0.20626530051851186, 0.6072228400295246, -105.87694145234136], [0.06173675539121601, 0.321457528617291, -0.08715108312163897, 0.5218357501226248, -0.3083693338762503, 0.7183268680416646, 0.04313506123656619, -90.67159479847294], [0.0765399489989145, 0.31242368001713994, -0.19759354600734955, 0.5275399530837901, -0.1720976013775731, 0.7299984803803452, 0.12913598681567348, -94.27030459128846], [0.12661358809447268, 0.25212678872845806, 0.9331157439362336, 0.12489499225684997, 0.08998528604878735, -0.0489986874437362, 0.15362001160759817, -120.0866644281239], [0.15713462234997363, -0.07776560416988186, -0.23387355929608933, 0.5743552973965517, -0.725760639468746, 0.1484916733777625, 0.18947846584008007, -25.172103436125475], [0.1640566019950239, -0.1966687099235896, 0.007639567577890998, 0.4155706514452707, 0.5585531235875252, -0.11932188751263428, 0.6598713630962133, -87.86870892206818], [0.18108062037211142, -0.6471556867335758, 