{"omega": {"vertices": [[48.591593441664585, 99.484235777984, 7.350017980063583, 59.698845710635226, 67.29912054824403], [87.1996898239522, 6.535674086861953, 81.61504349096491, 53.96076876344359, 11.800600738122602], [73.89931009303358, 34.25618990059663, 95.01747360571933, 93.30947266133937, 76.37098156729276], [47.53036901071132, 9.436278802222676, 20.811011746462903, 97.90870918832985, 48.909468437479745], [74.09116313199165, 83.87969675936547, 17.904219132496312, 74.04802695103577, 9.158975001106073], [58.867375649687034, 6.797181157701349, 85.8217264604307, 5.246442119996198, 94.20347381012438], [81.94475984267822, 26.07263766239052, 88.76121498915778, 56.778908920045644, 16.632343116939442], [3.4327867681316904, 30.706733278903585, 72.18393218434103, 11.372413773159229, 93.79727659974029], [69.32580038397424, 45.99166437206463, 65.8729732167447, 34.29516927612829, 16.873015710674345], [59.23374424489419, 43.267835156120604, 17.23604077724078, 59.262773062050385, 34.69428380933313], [62.05357693758157, 55.64651363942461, 2.332729502544162, 3.28815111191455, 84.65998049277218], [68.67632300883174, 61.48057118220146, 16.556615903395112, 46.19996626219286, 28.63278127154659], [74.92298966994231, 55.726061100827394, 82.69921001595534, 68.39016430969812, 64.57430238803006], [67.21879892413199, 8.078050394495895, 63.36365628667989, 84.30433939783947, 44.40154413308959], [50.09716389758886, 63.482552902200005, 58.33881992892584, 33.39722600984059, 62.5556443115857], [44.17881849159407, 20.884892350875916, 44.14299126787068, 55.56285743920579, 16.133792484510234], [33.21213502024176, 25.816765292262435, 23.1784316183171, 78.70622649040239, 69.03979297398924], [18.011711083974046, 32.29798825068444, 79.27839805798966, 87.28664445642764, 78.68952201155658]], "constraints": [[-0.8969283409784521, -0.23350773968528052, -0.18567710038871177, 0.13539902626280576, -0.29695926443712295, 49.96628335871331], [-0.8916513691535782, 0.16194066313110173, -0.22028414197156898, 0.12075763749027232, -0.3400375674757513, 44.51044778842023], [-0.8351634193920904, 0.32519170610910814, -0.007597636778963456, 0.06703447661749604, -0.4384074269981657, 33.78886913769282], [-0.8345483832880489, 0.18489940225889245, -0.22000264296454602, 0.26040501420502243, -0.39131735543047996, 34.563918510484825], [-0.8193470830728078, 0.165077105215965, -0.21782115404947608, 0.3018295830704037, -0.4035749675409754, 32.1061264769978], [-0.8010367577740193, 0.20272271386376667, -0.2348391610375092, 0.3659079219654689, -0.3580580610246162, 22.734722292507776], [-0.7417181777941886, -0.0253084742317548, -0.5706334186171097, -0.19633387756771015, -0.2916232774287861, 74.1001242152207], [-0.726761251207377, 0.04797554998125512, -0.5430465843351375, 0.08753694389558048, -0.4086001970665778, 56.80565789160316], [-0.6748604695324304, 0.4003514537535002, 0.32247447374568605, -0.014248344241254452, -0.5292345969499275, 16.54849318043474], [-0.6601718540067355, -0.05186402946236669, -0.6572416684458334, -0.15825770184195734, -0.32321994785513397, 73.26941410636203], [-0.6565646660833192, -0.013082341359086973, -0.6467910760972192, -0.00782462999765777, -0.38775220262670973, 64.52143969983268], [-0.654932488892709, 0.19186548086855731, -0.3711507756864789, -0.4174642051369256, -0.4714040850274834, 72.11179888761994], [-0.6519639819421328, -0.004542010853493621, -0.6439427111010317, 0.005392850828758678, -0.4002886937790738, 63.48194781968995], [-0.6465837790131092, 0.255296911935898, -0.28573255914384327, -0.4209350714137727, -0.5078616679491704, 67.42863887822438], [-0.6254177453582657, 0.15770704412043057, 0.5184599154394929, -0.04304719635672682, -0.5597565426094451, 12.872972028822286], [-0.6138942889676835, -0.23737964551142463, 0.5537276532686503, -0.030208083569622297, -0.5091737066683399, 17.528928107954542], [-0.6128452492671759, 0.004970988569087918, -0.6453811161450866, -0.21624475765219678, -0.4013943315924679, 73.95120293588482], [-0.6083663128182073, 0.02398027072740928, -0.6423974578590306, -0.17227536426860943, -0.43239112045252764, 71.28164502515257], [-0.5674802617382172, -0.19486037995024183, -0.7181513524767569, -0.16058170912695985, -0.31379568909218813, 74.82668756291011], [-0.56270243459299, 0.28760793492596043, -0.15919830682337105, -0.5080507000489155, -0.5631944878593229, 63.195569044688185], [-0.5526950605838167, 0.3290639480767329, 0.4321696592764498, 0.1552237578041552, -0.6126826737361181, -0.27209227421939275], [-0.5402199964123249, -0.5112584455392504, -0.5807939043269248, -0.28357096081326366, -0.17042038675342372, 78.68737903730475], [-0.5398707380417263, 0.6416260000251381, 0.4292388304396233, -0.01658510161845911, -0.33516357669823443, -17.207080601072633], [-0.5333481676552679, -0.12376578298489334, 0.4810248665990171, -0.3065399404774036, -0.6122663681980353, 31.824064002039105], [-0.5268069207042554, 0.6048821561587757, 0.46147232027620555, -0.029824614349540018, -0.3778171984658816, -14.299023755698858], [-0.5166010196422476, -0.08825450131676557, -0.8083294940693201, -0.06303674561087089, -0.26069968780638486, 61.13171531759161], [-0.5048169204880588, 0.6374405349900234, 0.27044427073286714, -0.301774089525179, -0.4178776572869178, 5.26516747514653], [-0.501313427810667, 0.19117508237615422, -0.21047264077835945, -0.6013516096406334, -0.5533664645075567, 69.78636932660676], [-0.47998689964508756, 0.42121427167280506, -0.1211297834262819, -0.5816308452959261, -0.48910556005395556, 49.948518595589796], [-0.477592502482312, 0.42231195434366836, -0.11852548085838592, -0.5832120081070956, -0.48925809015088495, 49.750892637167006], [-0.47671140429419956, 0.42447007039612633, -0.11711381649848447, -0.5834793503046038, -0.48827000533212794, 49.49006049757564], [-0.4733555735896104, -0.8391668652655246, 0.19072081671885086, 0.05487898873238622, -0.17985366234216316, 29.871700504533155], [-0.47194024819678965, -0.8362255679766707, 0.20244072420638454, 0.05240132022705737, -0.18512443494931552, 29.45309654318512], [-0.4549064867103749, -0.854674860337024, 0.17647964372193362, 0.036488887368972656, -0.17353520653477178, 30.929038352381983], [-0.42569800294204335, -0.8581597365160304, 0.25252419447635643, 0.050988541943851155, -0.1263913632666434, 20.85972614608884], [-0.4181049129993453, -0.8852558332558733, 0.1804702428738346, 0.06915093860608931, -0.064490546122788, 20.854152501636896], [-0.4169275365294724, -0.8846041641923726, 0.15424543997019802, 0.013857577622966336, -0.1402255817167556, 30.455668647402085], [-0.41300017543708595, -0.8892854623258513, 0.11437632824462869, -0.022281038537707833, -0.15818922986028894, 35.559768054270606], [-0.3903674209310431, -0.02140999937237077, -0.846227741249438, -0.10762946795047242, -0.3456434523770028, 57.00517691905595], [-0.3733043047063309, 0.6621461538569346, 0.566333692967114, 0.03561904505593068, -0.3165498362971072, -37.76007897004973], [-0.36768044804388805, 0.5862668670070839, 0.6668191600132725, -0.05780585859494837, -0.27039404454839344, -38.85418363423385], [-0.36738462534934163, 0.7212235689039055, 0.5309863053690178, 0.06483881704251634, -0.24231089952687787, -45.364822214680046], [-0.36187756998791865, -0.3524042908030713, 0.8410521490854211, -0.039439728223967005, -0.18955640458617457, -30.41861877442148], [-0.3604818684055519, -0.14884783157280712, 0.3125089823985111, 0.6142629299674555, -0.6106687599467976, -19.038547866505418], [-0.3514629973380815, 0.5315220081035082, 0.7174829463233073, -0.06517174040996504, -0.27373158822267524, -40.48910985590688], [-0.3464256774197868, -0.10725973049993956, 0.29521476342266917, 0.6361190899792487, -0.6137469731563586, -20.92940568325527], [-0.3414565085328865, 0.606634146699557, 0.600283724142273, 0.11395934356626009, -0.3769286184179459, -41.31917448198445], [-0.3313911934906578, 0.5795299759052922, 0.05145694411248109, -0.6465398253727997, -0.36559994668156526, 21.272756081314775], [-0.3309627025794661, -0.12967753706196652, 0.2849626486329619, 0.6327724801909312, 