{"omega": {"vertices": [[7.424330673503832, 35.06554606352415, 20.35128195328403, 1.2500772314129383, 23.361452992320654], [92.95844947656533, 92.66616333724639, 24.069101496419933, 35.738852526020096, 65.63713454791038], [56.379466609005355, 37.70944805742317, 83.32480145210728, 8.216348832595932, 12.939040195372066], [97.85406390816802, 32.51656505136108, 33.185809747371245, 91.81205077448539, 68.65580068469662], [96.04278900502425, 90.65615563155716, 80.51895904731691, 47.54542136227251, 92.11792070788506], [76.49923651080243, 89.51707712870244, 54.835278300856096, 35.18776437174468, 19.669293519320142], [80.24366222790957, 81.6794058857422, 42.89515242330233, 0.9965036259658389, 40.60522288841507], [65.14166163479726, 28.232596972072233, 9.920734044722801, 48.51543495840195, 96.99866256169707], [77.99510094690446, 59.84382363333577, 83.5765662597824, 86.4140657414857, 87.75639955638171], [83.7216173969138, 30.560509904262588, 23.499330873086567, 7.621772428945716, 57.21883600600223]], "constraints": [[-0.6873725185245265, 0.5192509162915424, 0.5051030031819196, 0.051538498333118625, -0.010594624760501934, -23.200950958542453], [-0.6595246078934175, 0.565889002847773, -0.1803023561132058, 0.20296155791809162, 0.4136358234322492, -21.194145501243206], [-0.6453375550952066, 0.6969979044681904, -0.06205901306124121, 0.2733086539465274, 0.13850783272614697, -21.963833396446738], [-0.5560578613971238, 0.8012060857519752, 0.01721391545368702, -0.15407764049553677, 0.15758243793816937, -27.80544248267068], [-0.5474554184290255, 0.6252733848117145, 0.44263888611528623, -0.33459294642759385, 0.03800178651487782, -27.338841321983125], [-0.535810916401692, 0.44877935756431436, -0.4005672337671858, 0.5919705955916552, 0.024908939678478, -4.928517084150331], [-0.5065497339271202, 0.4759454457465655, -0.3550742977084209, 0.6176848259216345, -0.0962860252814426, -4.225049360916096], [-0.41320256585837234, -0.03588213441304912, 0.15075529875425944, 0.6819440149017846, -0.5832677879286406, 14.031415853794384], [-0.4080866335532895, -0.2919337849906624, 0.4735684378896549, -0.3897139758157935, 0.6099966527652164, -10.134372668759816], [-0.3638016571263472, -0.8386363244274313, 0.3048149663295439, 0.25211147568917763, 0.0886854539950949, 23.517869263330034], [-0.35629689364176936, 0.39187886929165594, -0.15378838994478272, -0.5368640538583033, 0.6384431017537423, -22.21022668102086], [-0.251421071785296, -0.2595355763226723, 0.3734766462936052, -0.598292696761844, 0.6099096432750616, -10.133802032792147], [-0.22851986677322914, 0.07986334163657043, 0.06480735419232485, -0.7138628969477122, 0.6539115294568498, -16.806697069086862], [-0.18617441023405387, -0.06188557412418416, 0.31881411062781667, -0.7640463923833123, 0.5254521270676923, -14.256212188776008], [-0.11135400370963125, 0.25686214207074276, -0.5291326039063291, -0.657181653039437, 0.45798808742185204, -7.289494870606699], [-0.023093435343864925, -0.9941833246078515, 0.04088153109455657, 0.03457269138532763, -0.09055186216438327, 36.273247436007836], [0.03662501195723554, -0.5417057754594885, 0.495956653566492, -0.3891823477515904, 0.5547770356770847, -26.943586959360612], [0.07162822349171373, 0.20494797331989498, -0.17475470616404104, -0.6767131423771507, 0.6814586131520025, -41.988041688664026], [0.0973176317380839, 0.4465829966083696, -0.38736115284499417, 0.49986096247946166, 0.6254464494654063, -100.02316413449704], [0.1822531951229906, -0.02643139084444958, -0.9091951381572206, 0.12254727989903319, -0.3527485214513444, 26.16453421109881], [0.20533520417625523, -0.8326280836364351, 0.4107203649170845, -0.1020898888606947, 0.29232578521334907, -17.345545621380463], [0.2854752273606133, -0.008305033603480196, -0.7394517724528743, 0.11858351125823716, -0.5979832339240133, 27.042068225473937], [0.3101087473132957, 0.08767691587697807, -0.7245712808391647, -0.10097810712330162, -0.6007871537632669, 23.530656898034827], [0.3412740883394384, -0.3004078120147591, -0.39506781121215867, 0.1026856900328436, -0.7916212583774537, 34.40542647676554], [0.379980309507945, -0.1166819704689377, -0.3897379295568185, -0.27543266474976763, -0.7837355903666354, 27.855598291103853], [0.3839874291616056, 0.6205121437266059, -0.0354557334711043, 0.6492483108159282, -0.2115132515951725, -101.66223392852363], [0.5300613459046916, -0.5781605400671762, 0.31165721970449567, -0.18003180059113352, 0.5051966821634086, -61.567053105976754], [0.6351759407059624, -0.5616077803046575, 0.47653563288494916, -0.16995699353593227, 0.15867147314101296, -54.99682893822483], [0.7327238346581707, -0.06319060671849228, 0.49996430112976975, 0.20492038542487578, -0.40885946556184294, -76.98057050314205], [0.8227799318824436, -0.10629114641031874, -0.23564713696271053, -0.17314569522530648, 0.4756326008092007, -85.99407168428158], [0.9097082737742893, -0.13304846785449104, 0.20332219109715935, -0.13085991907281677, -0.310265579811685, -58.12373460976165], [0.9110759352480462, -0.12745976459215486, 0.2178965552132536, -0.13007532623596632, -0.2988246130304779, -59.78047716329251], [0.9116535212151744, -0.13305631592454778, 0.21711799324932302, -0.13513447281867894, -0.29288619856859976, -59.572394439508], [0.9176964629641245, -0.0426504902830287, -0.07695860108070011, -0.09311560391122095, -0.37605982977407026, -51.491724126859296], [0.9519433145322902, -0.010369170314113994, 0.09630159518901905, -0.09511204188411715, -0.27454709701061913, -68.42851616280696], [0.9621749191975583, -0.05133609969704038, 0.07577541264449766, -0.13981009730418248, -0.21516331765758534, -67.38965923202655]]}, "solution": {"min": {"arg": [87.43925924711115, 71.51616549464461, 67.17114155428479, 32.771077168419716, 72.43675035204383], "value": 3.6068915582931, "pred": -15.15813159221561}}, "policies": {"policy0": {"pos": [45.81304026990644, 38.19503567948425, 26.712066065833106, 29.807653696229128, 56.578825589903985], "value": 11.220463468332355, "pred": 13.543009015130185}, "policy1": {"pos": [72.92295816822414, 57.43953561472752, 58.25176477219857, 29.885869594366675, 47.35128591570269], "value": -7.219322646189973, "pred": -5.179468431089894}, "policy2": {"pos": [69.31170280585427, 62.88595038596169, 57.34577093471549, 32.81433835635955, 60.43431535212974], "value": 7.98400334462868, "pred": -2.6374324077051483}}, "model": {"name": "ElasticNet", "alpha": 10, "l1_ratio": 0.9, "fit_intercept": true, "normalize": false, "precompute": false, "max_iter": 10000.0, "copy_X": true, "tol": 0.0001, "warm_start": false, "positive": false, "random_state": 1, "selection": "cyclic"}, "objective_id": "7lha3kcb", "data_id": "in0i68f3", "solution_id": "nl42ujck", "generated_file_name": "solution_7lha3kcb_in0i68f3_nl42ujck.json"}