{"omega": {"vertices": [[4.608930318301407, 94.49692451991002, 59.69756602624921, 72.673443666764, 57.599357617990364, 74.66939555284632, 91.70739209748498], [15.391860043479754, 34.617964352887256, 24.55274974258256, 41.13629577375851, 39.57556039065037, 54.607055609990475, 53.62064216225313], [61.480431557456136, 6.905068299776451, 67.30783047863818, 37.93179250287676, 76.08127010090705, 19.379952580250716, 60.16372384011027], [6.400304606664154, 18.571398160448517, 0.1756721710311826, 73.01440648711083, 31.484072417169028, 22.862939689465456, 18.97348578545952], [20.49590302112496, 27.53304651472964, 15.838676754802606, 79.28560255238395, 17.98431978477957, 52.64280630495395, 5.793241222639689], [26.62060468913169, 54.92065400076112, 82.78394404824108, 63.76463995937992, 8.928610643926593, 83.16915039919445, 2.698573749702049], [7.926632044910898, 95.81605388163116, 59.728882459050645, 38.96769587238016, 48.48235662222524, 21.1290923241775, 86.47178165643881], [14.638041903346831, 66.88779597056732, 88.12088842259821, 67.55918641578835, 74.18863495611203, 38.255136429656645, 70.73210839571655], [69.31158054288973, 73.78240289467146, 65.5289374545841, 40.78951683852269, 88.77211408478996, 57.31476009607024, 5.46204356068678], [25.696852055275098, 39.158293753998464, 63.489693196210126, 63.838265538604, 70.57457226539557, 28.57215274350472, 4.211574192908429], [54.138309805351085, 48.522873349824714, 36.163439112846596, 45.33559522625179, 34.08560089910957, 27.253231662113265, 75.08312711804881]], "constraints": [[-0.9231089484262244, -0.06524732595288045, 0.14500057035300812, -0.25572090468161274, 0.10989095937831961, 0.10178077937843076, -0.1864375479713797, 23.51629746369695], [-0.6674976509204089, -0.4063261401262551, 0.405252668794892, -0.3787099744003632, -0.18051779970017803, -0.21974169499627844, -0.028668712243445246, 50.649647219402034], [-0.6649805489340495, 0.33384943039855325, -0.2049728389650248, -0.3743952830733532, 0.20680888945099388, 0.20862118989819223, -0.42174283281459857, 22.14933669086325], [-0.650283130860442, 0.19400503829283233, -0.22971857912451482, -0.2544124770018426, 0.3173757637190419, 0.38259310388671713, -0.41820174826059897, 8.370456817463845], [-0.6439893858700623, 0.023302905525897998, 0.17848000392253277, -0.572359015737663, 0.31330538181953105, 0.2882638248346181, -0.20982944454726005, 11.378765022946746], [-0.6133388402368565, -0.511382641419475, 0.1363982416572491, 0.17702580842161975, 0.3126006834310768, 0.46208525448300686, -0.033446587943011495, -19.29872115781336], [-0.5547644701564217, 0.5915177510360539, -0.23218712993326837, -0.056311118448117536, 0.12305756806597465, 0.04518764697084386, -0.517760793220879, 1.633912848379187], [-0.547163623903262, 0.45394595171912516, -0.33757151150842196, -0.3756212076560265, 0.09577351831982031, 0.2379947686743505, -0.4167555012763482, 22.007368461689644], [-0.48308483050203993, -0.6753283656828782, 0.21615368693093548, 0.1957834014393482, 0.24518276730052108, 0.4049098634742791, 0.037953938794405576, -16.396199316999336], [-0.47864398548546044, -0.14800802191072526, 0.3406223302932399, -0.7373152436869546, 0.20969560227337797, 0.1624114000186524, -0.1377915515273158, 24.679002925563623], [-0.39431994825600086, -0.5085995587180819, 0.10814318192704046, 0.18715373819668552, -0.28117478657972794, -0.17102785727642103, 0.6563589027263508, -1.4054335556728077], [-0.38955547054388884, -0.002148889691679706, -0.3906687679539096, -0.19182831053876276, 0.8085095747509061, -0.04665085522080689, 0.05438470287605864, -8.812424268248279], [-0.36869454630288423, -0.019271468880142847, -0.3907043636729038, -0.19887583809725246, 0.8138324513381652, -0.06729562876329769, 0.06811374853907384, -8.06944647933401], [-0.36617672461641343, -0.47992637111128406, 0.3602629488858095, 0.06593170526282781, -0.553739616819864, -0.16832207883476177, 0.4080306570630694, 19.919845661399883], [-0.36393413068263314, 0.46040623692574595, 0.12307109633770044, 0.640454166026827, -0.16217109474148977, -0.3600555332018958, -0.2725996350516872, -34.49519949766205], [-0.36287110722285804, -0.43063706586335593, 0.30241929744144613, 0.18053347727813282, -0.5754415556806339, -0.09432519635461041, 0.46775664879599604, 8.484167442283926], [-0.354985050400492, -0.06345624551700613, -0.3887931026654158, -0.13472761348019857, 0.8338397385008738, 0.0035477070971073367, 0.07311645952809112, -14.365215311463794], [-0.34513625463577285, -0.01176456642807022, -0.4109640637843634, -0.17386811490026957, 0.818618882017876, -0.060506252323905135, 0.08844827327391724, -10.873743647937188], [-0.3426299899959421, -0.5781201247379172, 0.024677079654843927, 0.3045906313439679, 0.4562786772889493, 0.4929999613203473, 0.06130421808628189, -36.114497932043584], [-0.3255424852105202, -0.19172623721690366, 0.05247703070302988, 0.12201782694033003, -0.8016787878360966, -0.008556049215194915, 0.4436878030760286, 13.743342611991707], [-0.3252171047860232, -0.4473055727184725, 0.16194943894818498, -0.08280242766185028, 0.49949299592831764, 0.6400812107317322, -0.0432491300955479, -32.4812337242589], [-0.3177662305103113, -0.5844392242744699, 0.1177771502389355, 0.24708248096807348, 0.3900875949453096, 0.5740620374331117, 0.028612091935220345, -36.25267285017431], [-0.28306246503311217, -0.11501756545650534, 0.35688898495065075, -0.753721965297574, 0.17014782542350515, 0.41598796837592367, 0.0958320387178395, -4.006893529782113], [-0.2820286186123537, -0.6231445824002224, 0.270521848925392, 0.353148247329686, -0.34187290335856874, 0.14544078081600706, 0.4429727187938678, -13.421086759813756], [-0.2810783978238277, -0.45107623427356575, 0.40628749007919884, -0.07187008940531558, -0.5138285539147108, 0.052657261903522955, 0.5296203930695332, 1.983663904917158], [-0.24090848765958284, -0.5479608944344697, 0.2815277232508527, 0.3088143958600518, -0.4764527551501775, 0.026613983636674353, 0.4892466010916404, -5.769583052166606], [-0.20374181123870597, -0.5615739865436086, 0.2567549783347579, 0.339262004418054, -0.46423605782973976, 0.06630844526345435, 0.49212821311798316, -9.320246824791653], [-0.1877007359470869, -0.5415682092060508, 0.2742160845394843, 0.3861169836480089, -0.4620946153020476, 0.0303239274989696, 0.48243191058486223, -12.279342593129634], [-0.15167229738026652, -0.4931266979989354, 0.014861843559801349, 0.19900368510717012, 0.4795101587664354, 0.6804955598682813, -0.03152829661068806, -43.59178696546258], [-0.121465823410519, -0.41646994130234727, -0.22189189940337864, 0.28580753737130327, 0.6321002003062307, 0.5303077111925079, 0.009997325558500216, -44.53240592167293], [-0.11745462544716329, -0.0973130738809965, 0.25752873244153485, 0.5831892471790292, -0.6088906552678256, -0.30490790915108074, 0.3264769018159574, -20.12042839592212], [-0.08999240206515463, -0.45009576498820814, -0.05812961776349879, -0.7150446237180622, -0.003104935005345909, 0.13349586086378795, -0.506770675998164, 67.81451141653334], [-0.06919247718242076, -0.004575291301339831, 0.02890968384745272, -0.8121853607879539, -0.2882996482581427, -0.34444640268137355, -0.3646239517729765, 83.69406763580545], [-0.016738447879600236, 0.009687434915990124, 0.006951780200256764, -0.8057657274668374, -0.3246951021488732, -0.3493636736175138, -0.35048160772888526, 83.6185695898914], [0.013693205470676982, 0.03235220466706149, 0.041665002974695824, -0.7458601613271097, -0.3455048567495667, -0.4257855023067707, -0.37424000085128145, 81.47599678663435], [0.017185876684618205, -0.09224600454065829, 0.432474607441854, 0.31618572259653616, -0.49082499225506815, -0.6805602266541121, -0.010780904753427955, 9.658384165481912], [0.06217920145649296, 0.1120029939156657, -0.6779359316718746, -0.07682617258844653, 0.6659006607433288, -0.0842299180307901, 0.25994483827128106, -20.721086936973016], [0.06902698154925878, 0.3069322613688274, -0.29038018101678337, -0.7017464436090557, -0.4164612463592834, -0.1682371520217996, -0.35002204654047836, 68.74608708337365], 