{"omega": {"vertices": [[9.83468338330501, 68.65009276815837, 28.044399206440517, 28.777533858634875, 49.15731592803383], [42.11076250050522, 83.46256718973729, 78.92793284514885, 13.002857211827767, 5.336254511708038], [95.7889530150502, 1.8288277344191806, 10.322600657764202, 1.9366957870297075, 57.411760549201304], [53.316528497301704, 75.01443149449675, 44.78935261759052, 67.8835532939891, 14.672857490581015], [69.18771139504733, 98.88610889064947, 90.85955030930955, 21.162811600005902, 58.93055369032842], [31.551563100606295, 74.81656543798394, 29.36141483736795, 26.554665937222623, 69.97583600209312], [94.45947559908133, 58.65550405019929, 90.34019152878835, 13.747470414623752, 13.927634725075855]], "constraints": [[-0.42781355763614065, -0.5434938425963924, 0.5827881589873403, -0.3124572546602864, 0.29037635702105613, 19.891996721421357], [-0.4154965803181179, -0.7598979797733969, 0.3884121105253867, 0.24341503089647254, -0.1995064089475418, 48.16287511684237], [-0.40619604750859495, -0.4974345084326348, 0.6471217316736978, 0.38409981349083355, 0.14582344969420982, 1.7738597163985022], [-0.3413198259001909, -0.1216242190093172, 0.2327925238502793, -0.8560080782015882, 0.2859477866514757, 15.75513563324812], [-0.25383152619663824, -0.6023813229429444, 0.5327359758214654, 0.43298619593147086, 0.3184676314424097, 0.794337131707719], [-0.2188047297964524, -0.5553237421098406, 0.4698375950116451, 0.49963728865849316, 0.41635951503897184, -7.746856636001372], [-0.11379842902532222, 0.9303852632350992, -0.32001886553406544, -0.009201095669037375, -0.13760975636597494, -46.74781518299166], [0.1973809618293364, 0.5205468217939719, -0.6797159047334067, -0.3231741265152276, -0.3515914319648399, 7.968902774212797], [0.39894768158370625, 0.6320850532140713, -0.5558832749364242, -0.2933618975199617, -0.2150391001464477, -20.71866826569019], [0.4515255583884766, 0.6179921477947538, -0.5238890356511244, -0.28100381884010783, -0.24655122694444692, -24.274305456567397]]}, "solution": {"min": {"arg": [65.72116385504303, 60.52499393512265, 63.10175460540679, 17.00785987244959, 32.71033803830122], "value": -40.752102981674746, "pred": -58.696005180849994}}, "policies": {"policy0": {"pos": [42.30234220476789, 67.37807149363861, 40.3495819660743, 38.40655833763099, 33.344697946444136], "value": -13.084945037338159, "pred": -10.552440933509173}, "policy1": {"pos": [61.953261768304195, 57.796352574189136, 46.70505287227576, 16.935360614601038, 47.705813950991406], "value": -8.688560387855262, "pred": -15.532197767843085}, "policy2": {"pos": [79.00559834938262, 50.07751684717636, 52.22237624246816, 20.757304730215782, 38.835997876936375], "value": -20.911133359925465, "pred": -25.367949895082177}}, "model": {"name": "LinearSVR", "tol": 0.0001, "C": 0.1, "epsilon": 0.0, "fit_intercept": true, "intercept_scaling": 1.0, "verbose": 0, "random_state": null, "max_iter": 100000.0, "dual": false, "loss": "squared_epsilon_insensitive"}, "objective_id": "te4zzdoa", "data_id": "c2jnjujf", "solution_id": "6pk37ibw", "generated_file_name": "solution_te4zzdoa_c2jnjujf_6pk37ibw.json"}