{"omega": {"vertices": [[0.011437481734488664, 39.67674742306699, 2.7387593197926163, 80.07445686755366, 8.504421136977792], [30.233257263183976, 53.88167340033569, 67.04675101784022, 96.82615757193975, 3.905478323288236], [9.233859476879779, 68.52195003967594, 55.868982844575164, 69.23226156693141, 87.8142503429413], [41.7022004702574, 18.62602113776709, 20.445224973151742, 14.038693859523377, 87.63891522960382], [14.675589081711305, 41.91945144032948, 41.730480236712694, 31.342417815924286, 16.98304195645689], [72.0324493442158, 34.556072704304775, 87.81174363909454, 19.81014890848788, 89.46066635038473], [5.336254511708038, 57.411760549201304, 14.672857490581015, 58.93055369032842, 69.97583600209312], [53.58964059155116, 66.37946452197887, 51.48891120583086, 94.45947559908133, 58.65550405019929], [53.84246942799851, 65.22988820635422, 36.1261020211621, 57.10085611850925, 63.78364840596764], [35.653172355805495, 75.27883531756042, 88.1341829634011, 1.1669193680893586, 49.81090696282365], [70.90425219928454, 47.0640807662421, 76.45925702404985, 46.73926831470522, 26.9001051257828], [84.20308923596058, 12.417331511991115, 27.91836790111395, 58.575927145828786, 96.95957483196746], [15.213715839256237, 16.16185247557571, 93.87116997045199, 37.113390095546826, 5.001808588824264], [63.94608808799401, 52.46703091237337, 92.48079703993507, 26.329677048711098, 6.596109068402378], [23.43620861214205, 61.67783570016576, 94.90163206876164, 95.01761192470796, 55.66531881951564], [2.4101626497119, 45.200160835818515, 80.83387458230065, 36.837685402390065, 60.92069891338239], [45.95452841220066, 96.13172622555156, 33.41852204130513, 47.20834208741505, 10.539125153469719]], "constraints": [[-0.8431227707722919, 0.33285059340818884, 0.2704189940595297, 0.11774201221262029, -0.3022662106240539, -20.79492679100658], [-0.823591641864447, -0.2819116662867892, -0.22693913868400317, -0.434135725980111, 0.04740694699635529, 46.17630329691703], [-0.8017251121588711, 0.48515688593572026, -0.06879100775301268, -0.3019826933026831, -0.16104002844318752, 6.498776877499729], [-0.7958761730248735, 0.5760661579781422, 0.011351902191751584, -0.12116153449611247, -0.1411379315377696, -11.976178281593798], [-0.7931460413686721, 0.5283593992468516, -0.04393394378965971, -0.25218852086835564, -0.16194585766245684, 0.7369282705652616], [-0.7909418707034696, 0.4964559260004229, 0.051169433041439796, -0.22216923043558495, -0.2756174756379507, 0.3051967843125398], [-0.7890914875413396, -0.44495438732701137, -0.16634681599911325, -0.38933941930467303, 0.009683536063707136, 49.2127416220399], [-0.7757788321115161, 0.5058404507310783, -0.1019665906946327, -0.32122824292642915, -0.16943397646394323, 7.381146080381885], [-0.7728511301211065, 0.5990199017655418, 0.0012999857513360312, -0.18330262636979666, -0.1013644176341503, -12.390546210372609], [-0.7686873257346855, 0.46567269206692985, 0.16652012398044538, -0.14270375241212901, -0.3797043935419114, -4.267552941591822], [-0.767593898059202, 0.576715614555093, 0.16178967109738598, 0.054952815643586714, -0.22136620783141844, -25.834248811125754], [-0.762480359533154, 0.4685645569155593, 0.17024421924749222, -0.16259059821596986, -0.37901472334634, -4.0236883666874865], [-0.7594018145684632, 0.5435141476726582, 0.20439336564284682, 0.044892938732178596, -0.29001591584423037, -23.24433235014837], [-0.7539283442356721, 0.48967453474809175, 0.22590794750353183, -0.025075941866370976, -0.3743630566329343, -14.84709377255734], [-0.711984882586634, 0.09168956752301594, -0.22310201148507336, -0.6551992171469734, 0.07490012347684677, 35.178870953850584], [-0.7010461524943616, 0.6525853113537826, 0.23398625562868255, -0.0031361029288105957, -0.16705478297081972, -36.42872051280182], [-0.699470272895559, 0.5310674986158532, 0.3089058691168366, -0.02744717680599809, -0.36405008688347423, -24.099281310940704], [-0.6936134224223561, 0.5488194926922485, 0.31520576891999086, -0.01203776168291968, -0.34379936039758974, -27.226371168737586], [-0.6901106018736053, 0.5309620861295061, 0.3405639977820429, -0.015336265273769243, -0.35441160062393334, -27.709445449506738], [-0.6214187456253646, 0.25497876665999647, -0.09184915752439306, -0.538702200628771, 0.5001882070158434, -13.23011069969554], [-0.6126749228019319, -0.2251923539714914, -0.028992021282924964, -0.7562624464171669, -0.03382924065771554, 43.91877331346618], [-0.5257225157797498, -0.7015593181978111, 0.0035963010298918265, 0.32151355693992417, 0.3578357986210623, -0.9564543677371233], [-0.5221990221025166, -0.7019232093343094, 0.0019214611358401665, 0.3249859992651544, 0.3591551166024661, -1.2267436364745237], [-0.5218720298968785, -0.7035179104287413, 0.005612973766434534, 0.3242571965491628, 0.3571244868793847, -1.097957176539051], [-0.491409817214865, -0.7641031487879493, 0.03517976334687795, 0.2950051678191193, 0.2939338442031895, 4.1042834419515835], [-0.4889732503568396, -0.7062502613145187, 0.06337718233772437, 0.3907413609628312, 0.3246848478455481, -6.1959279281803425], [-0.4718578694152605, -0.7325062109660082, 0.08228622182532631, 0.38459642766474694, 0.2934269372302774, -4.44827767842162], [-0.41906322708353666, 0.12586037531531644, 0.17985853003237195, -0.4780851433750076, 0.7400207311221171, -46.688590571664534], [-0.39820443423822927, 0.562568485719228, 0.48465785216815394, -0.04733717520145218, -0.5364847487154553, -44.08914231039001], [-0.3878044447275347, 0.346597257849181, -0.4886133510449596, -0.6983140480440817, -0.055610583398305206, 34.38344907590157], [-0.37422127089582086, -0.5368509493671072, 0.26872517380049044, 0.0904847122816635, 0.7009627639054397, -42.59080246413319], [-0.3664830705251411, 0.5396276897653838, 0.6060013836656303, 0.015181909515305863, -0.4549988440378167, -58.31950771148511], [-0.3659031154738408, -0.44437473387707227, 0.3253533815664246, -0.7174253249808826, 0.21929907924472922, 7.736556267181282], [-0.33712601490385424, 0.7112502260550377, -0.16660201159005153, 0.5932929256032697, -0.02676640011217966, -75.03993293137782], [-0.32906575848927605, 0.2581563498328179, -0.6438733005831343, -0.6260341474275738, -0.13630643668471662, 42.812925075414846], [-0.32833434282082485, 0.7076868580016461, -0.16201589820693835, 0.6028334026472939, -0.041456093847099494, -75.55023206816908], [-0.3199391495006399, -0.5577513106597373, 0.3742409312487837, 0.23945054380843345, 0.6238265612508346, -51.094544077990925], [-0.31357144958696215, 0.2783043333828295, 0.04728236508409698, -0.5881925513752272, -0.6899373482302761, 21.114976585071346], [-0.31123208124182483, -0.7945405147330392, 0.31277228963409126, 0.04701366953617252, 0.41449146163392886, -15.602101343346423], [-0.29185395882691606, 0.2696097825753049, 0.6969089479058898, -0.08602718627534295, 0.59080375202516, -100.63997558484395], [-0.2649249425691361, -0.7249529490350669, 0.4195237232430667, 0.23709124845261517, 0.4147837774474242, -34.508036374773965], [-0.2644280631535646, 0.7147437319335951, -0.3356884058662139, 0.5491156707758026, 0.0707422883000832, -72.00807368962695], [-0.25290149993955796, 0.6627445065019375, 0.555904692660245, 0.049890977899471854, -0.43045489128639025, -68.48496989616675], [-0.24322471413065863, -0.32279156656853286, -0.1879735493944289, 0.8094367565860242, 0.3822635541139773, -54.74122325622376], [-0.21986150881017086, -0.22901494586496757, -0.2976373788727022, 0.7977938343719875, 0.41731290424573564, -57.52767269273192], [-0.21460070067820086, -0.05728147600986756, 0.9469132691521392, -0.11704356031687284, 0.20080198571357527, -81.35769737656203], [-0.1896447040029684, -0.7760762411249859, 0.1109639275364473, 0.5887570503148731, 0.05284597141840817, -17.10337885994513], [-0.051952272858656265, -0.46714997726470414, -0.08809358761311148, 0.8668123943971607, 0.14123615977262494, -51.833810476007834], [-0.023342753172502798, -0.03141338326266743, -0.1922124184229191, -0.3233270806465062, -0.9257333851336143, 35.53613834914257], [-0.012556809898478757, 0.03899153848539814, 