{"omega": {"vertices": [[99.68306674766406, 64.51051686350743, 71.3181627442958, 84.30830597469536, 46.41666407728901, 97.09833718808702, 21.057029287989447], [1.7981922397685923, 30.968914822220473, 64.59193562392078, 40.03334861118106, 66.50596748671082, 3.8635527270233894, 87.8518268686899], [87.81771035731546, 39.913837815496066, 80.1907375741193, 40.95292428458334, 4.518720432170142, 62.25545594268864, 9.8779155407538], [68.88828497239217, 57.0975030990289, 34.68616869893957, 17.383358956247196, 1.2200397125098128, 20.50005762391187, 41.49394249670782], [90.79755853568481, 20.682426835692613, 72.75085211730469, 60.14856764456451, 67.15149323320242, 70.39426942602934, 78.75432682585632], [45.80480496752909, 41.78042067996663, 52.452832712847, 14.736601115141335, 25.64958387947166, 21.79005580926909, 94.1571822987353], [85.22067590302213, 71.00003772852497, 72.29016849026702, 23.040201087061064, 3.4388319234580744, 37.90973507175911, 86.12859146190783], [42.73048785756208, 83.7005641418077, 14.951459370784026, 34.868742156014896, 18.704990060874415, 44.58326642568382, 19.050924571734473], [57.702991651398364, 47.85877180573447, 29.253331019593777, 44.75843428736266, 12.818837519514092, 95.6906545856573, 93.58653771134816], [25.199732994341172, 88.94297601418434, 58.29496576144157, 90.60000324930365, 89.41491150234629, 66.75516923803627, 14.032162673032966], [47.032328245626175, 39.59403506392012, 24.136598009233534, 35.643440657047464, 57.005755636004, 6.340332199865905, 15.81621531583165]], "constraints": [[-0.6046600848633766, 0.036586817327845605, 0.2683721706025458, 0.05894111926602174, -0.7462617476499923, 0.02510812144688545, 0.003591003810589119, 29.47832943058272], [-0.5117383653625343, -0.5099183544296892, -0.10128415100611438, -0.5211626447167015, -0.25914188143836386, 0.2573277593552361, -0.2507310217912055, 82.38530773458574], [-0.50886770415961, 0.24192541584542887, 0.4253641788350528, -0.5658668058751004, -0.09239366147694918, 0.40882039072428994, -0.07559845005658875, -0.19198553226963977], [-0.3657246492549342, 0.06681055308489899, 0.7713666827755334, -0.13748904402617557, -0.061489281028617546, 0.46855889540538226, 0.15666417668233787, -57.215459387752695], [-0.2848651665691778, -0.6689543954054151, -0.15569272013193788, 0.6018211519551905, -0.2121220478700376, 0.09262386941757532, -0.17705362837872854, 36.49662172362085], [-0.24787870524327096, 0.10454359244972579, 0.4759586019414792, -0.6442792134459543, 0.2305397463439769, 0.4825225936426002, 0.004226239945047093, -25.310104324271265], [-0.2267815138683875, -0.08852685920834732, 0.09623690306847588, -0.7638009557156189, 0.34122677602729534, 0.44207132307605407, -0.19030746527072634, 19.828035355642548], [-0.20077797313138687, -0.0992629486626779, 0.09973653443309985, -0.760346810839187, 0.36498077461413014, 0.44266266887731803, -0.18055253866527263, 17.310376603877092], [-0.17778258754091264, 0.01849289607099089, 0.022784509605583862, 0.7557462483088312, -0.5676670030340315, -0.2618380498916251, 0.07466490438376336, 0.22565385390471437], [-0.17627625617989692, 0.4067847229860375, 0.4945078913831586, -0.6217785955191502, 0.15299909141342857, -0.2017570972841539, -0.3289248331891727, 0.17074862894853737], [-0.15641668654687163, 0.28226959846214084, 0.3871785774010027, -0.7879307408506723, 0.23406493490966723, -0.009276402015438156, -0.2650342343723679, 5.827442993516165], [-0.15470527086103988, -0.048979019117822896, 0.08579030382063953, -0.7773647678623099, 0.3763676808501595, 0.43566578951970913, -0.17479721097445633, 13.399935424456682], [-0.15340591019971225, 0.02283821102526136, 0.009603980245736837, 0.7655842006490846, -0.5612738273509543, -0.2630055598271117, 0.07438685598775888, -1.3878834506450897], [-0.1497086264162212, 0.00469251071912221, 0.01048977119029946, 0.7705649769928571, -0.550555353379754, -0.27223759721320845, 0.08037650142028586, -0.7961697959360938], [-0.1478584800946728, -0.22758143524348173, -0.16310525873113024, 0.7887464235482675, -0.46692683366500787, -0.24301227138774384, -0.023338424737279446, 20.315586678443868], [-0.14611961858665704, -0.07586607597884283, -0.05828615236151804, 0.7857875860862662, -0.5263240302598762, -0.27039461380797974, 0.043632070428819426, 7.134563836329677], [-0.1259828276739206, 0.2791142671828673, 0.36353054398047957, -0.7858900279857591, 0.30761222092240537, 0.06371707291893283, -0.24033480116263287, -0.0270279484503142], [-0.11974404541858066, -0.20905599097962382, -0.1619502202304263, 0.7890398369563034, -0.4711367555213857, -0.266750954584813, -0.004393621567677652, 18.31233113318748], [-0.11559659823715657, -0.17593153368234557, -0.13637548676867353, 0.7950085907497271, -0.4674966784495907, -0.2937696350351011, -0.013958737222940285, 16.09078812420589], [-0.045393285092630506, -0.13253352092960602, -0.09282214154589559, -0.6709069979064454, 0.3970014726964032, 0.5333280405227501, -0.28212266404269354, 11.985600154473847], [-0.03573277211705673, -0.10830600073903596, -0.21897760752709894, 0.8158181969350998, -0.4021405994943796, -0.3246673132405007, 0.07972785023762108, 5.897508575188383], [-0.024184723811820782, 0.17016771462558672, 0.15610543033477112, -0.788887881043926, 0.3679501536240185, 0.42250387239868653, -0.09923817839645584, -11.86471217498876], [0.01993057056517157, -0.7908412440982293, -0.21145435486736416, 0.3320709485570233, -0.4132199837461347, -0.21069887424290937, 0.06359299763175207, 47.52887015484995], [0.021136191772586257, 0.19992834759369285, 0.1392712120670906, -0.7746157245219281, 0.3708671093125056, 0.4381395709193152, -0.10318541400490841, -17.214688444231854], [0.05279468633980728, -0.32928260494157474, -0.16489584028285229, 0.7666202554656447, -0.4074940659642682, -0.3178728765406131, 0.08242483550531757, 11.150888852909787], [0.05550616941053655, 0.1600059210534023, 0.3594673388944418, -0.7545126212011343, 0.48470840766972845, 0.10765775610627552, -0.1621069837668983, -16.478593266050822], [0.0654861234175467, 0.18083189629054738, 0.15156547479601884, -0.8020612018836132, 0.44463935356586193, 0.2769199987483294, -0.14949343718148814, -10.048230108693133], [0.07975240474629867, -0.23792201809468358, -0.06489163843874939, 0.7677595488851351, -0.44909000269088684, -0.3416943916524463, 0.15789277942872418, -2.0035822860720156], [0.08641003112196469, -0.4210582041466806, -0.03531515837763997, 0.6303073763129351, -0.5129666891491776, -0.33390452746260574, 0.2051382181843366, 7.3157297902391], [0.11303040995112175, 0.05068578087441941, 0.12915332983348926, 0.7346036598456193, -0.3107412823915439, -0.575680694133114, -0.01906704481166802, -14.95844494958272], [0.13083663132285875, -0.02763905924933813, -0.07309074244790159, -0.846735585371277, 0.33587089613735005, 0.3595320265767428, -0.13319877302658253, 7.566095706730273], [0.1559029719785726, 0.13945934695298104, -0.35738819478987605, 0.735823373533041, -0.18119653739007413, -0.41938495733442, 0.2799411857202137, -21.89470417096182], [0.16097263787582528, 0.07114271928602767, -0.3043291076418278, 0.774984035732583, -0.21584028098771102, -0.40974039832075687, 0.2476607377776073, -19.680400417745133], [0.16724362404172027, 0.06470690282542715, -0.032198724463733994, -0.8459126841488528, 0.33457656280353565, 0.35858229339499226, -0.10351242615881143, -2.858090506841954], [0.16924496591526075, 0.0989278547570554, 0.014773995641302806, -0.8410775740047731, 0.3888945086701805, 0.2920876239891592, -0.1318542591769104, -4.190355681212779], [0.17908194131257446, 0.23520790151359117, 0.11673449539494857, -0.7665217396084812, 0.46997898059347176, 0.24665107504826772, -0.1723583088557719, -18.860872548298367], [0.18826297844356799, 0.0019560815539390987, -0.291353320625563, 0.7724496568002276, -0.22320595055702008, -0.41297283902976223, 0.25024094953027703, -18.047836760095837], [0.19178999714323391, 0.22093672376283607, -0.5002712887252534, 0.5601740518584644, -0.06747972124486187, -0.44239334762939936, 0.3873910731862011, -25.135197409246643], 