{"omega": {"vertices": [[64.65218620746043, 15.737125343122237, 52.88916428601904, 84.27430467881642, 96.26144204841337], [9.940449371012484, 16.366750181176027, 97.85065059367768, 34.312091856563654, 99.40295875939094], [15.417183494341035, 5.612821994176109, 24.795129190606346, 82.46667253490375, 9.283975360997642], [90.91949310565091, 2.034204117281946, 35.15223413392011, 5.025471427650796, 75.66893075014724], [13.814226983502165, 64.42423582091148, 0.022062471398909267, 79.01373767987539, 14.405656112020493], [77.66224868065746, 94.18710919214334, 37.31589283968159, 59.30863947399069, 30.886225484608886], [84.06922516813658, 3.5498590602345392, 72.10329460516455, 52.16103434942004, 89.40268737725732], [67.52296520352552, 56.969343625111165, 29.931649956754146, 48.952892717511176, 45.37008739641655], [66.68645736914046, 28.891095792330155, 33.49043315675152, 29.35925704754718, 96.95852449048475], [10.10313411974424, 28.510486732959084, 74.89158447911434, 35.036529173736895, 82.04238472033616], [99.92422590187019, 17.609780668067575, 45.949575016118125, 17.257973777840018, 35.043567896654814], [28.833870469887234, 7.133589891402137, 93.32011999927074, 11.308891549007516, 15.881600135017603], [59.89403051689205, 74.55811652846154, 69.8348083172129, 18.86277018853797, 60.677692796933215], [7.827540065530226, 82.18474643783712, 73.45401659724784, 52.5366432216941, 84.03734558136694]], "constraints": [[-0.9812684242282618, -0.0784814416847237, -0.1163922760468647, 0.09286781738064039, 0.09370885494582552, 9.926368651538532], [-0.9657852837197163, 0.012834795608345734, 0.06842677574089008, -0.135394410308961, -0.209952813248391, 26.235722010743473], [-0.9654532108906785, -0.008775827246993669, 0.1436782593022469, -0.0631298167545929, -0.20783230373889833, 18.506921375031496], [-0.6571455728413571, -0.15279596759730296, -0.2901384730415513, 0.48635656907331126, 0.47338149790772655, -26.32009871112441], [-0.5664508005228158, -0.1225942225499821, -0.5167621822362611, 0.19146245763827713, 0.6003358406008713, -8.041875986676317], [-0.5658833970730365, -0.28207839775116955, -0.546206193293184, 0.15767983574206648, 0.5263113358533492, 5.9612442776949095], [-0.558972636975389, -0.2643985183957525, -0.5077145999107191, -0.599890063623994, 0.0009006584314119584, 72.15323037172439], [-0.5464473530861798, -0.31749458653327545, -0.6163030792024321, -0.42004894454286207, 0.21052761477108128, 58.17353975014903], [-0.544705601345685, -0.5631988233255888, -0.386153111554722, -0.47810637610638884, 0.09166766512969864, 59.710478848102525], [-0.5436489861882406, -0.2948919271372572, -0.5729116590062533, 0.11826562831379751, 0.5246617989333872, 9.618210614539372], [-0.5426748022269622, -0.11023077514123453, -0.54305905671736, 0.15310212612362623, 0.6123723010827373, -6.3086484401700815], [-0.5389162456155517, -0.32174308914260646, -0.5660684604842586, 0.10957175038571687, 0.5230785737946094, 10.25793169327487], [-0.5383662614923067, -0.10913129778306963, -0.5312490363319597, 0.1495442912857764, 0.6274257682556392, -8.378364140181617], [-0.5061266557432259, -0.523640480579435, -0.5411882593185379, -0.25529624822088676, 0.3340292637851162, 42.113293782238365], [-0.5007196121257937, 0.2202998528778131, -0.33862955621170937, -0.7648474144341301, -0.032959082934684726, 53.64012589253721], [-0.46252404437721506, 0.25259708474247317, 0.0294486270982413, -0.8436553132608284, 0.09820749422192872, 16.767399248758732], [-0.44103027068919043, 0.15380848494918528, -0.4048886034586349, -0.7860477019893665, -0.0054294824806997675, 58.379213189845885], [-0.43468867767142466, 0.20781358523596571, -0.452659577270489, -0.7429978204708538, 0.10446441105230563, 49.82879992929642], [-0.43060703587765436, 0.19362214110513126, -0.4512673550248062, -0.7519172393038704, 0.08981250833311796, 51.602484322440944], [-0.3804258653879629, 0.6306826426477086, 0.17795932545172682, -0.3843330076069609, -0.5273842839479352, 2.5850198124570767], [-0.3570183861339757, -0.6859387676309947, -0.4640453729568169, -0.008122750513636093, 0.4319974441876077, 17.51953772310472], [-0.3382023378922291, 0.11187591015103682, -0.09922217658398758, -0.913769325088888, 0.16817710775442016, 25.875827588079822], [-0.3290256499699299, 0.22951467620813223, -0.1979843726488788, -0.8069474701323414, 0.3856204140094054, 8.243398725998844], [-0.31747088394728984, 0.18805579815056514, -0.19181816752966396, -0.8405505141360156, 0.3471712522933346, 13.178670245617653], [-0.20287633916066236, 0.31580697548087444, 0.5855684503512706, 0.48309001382026023, -0.5318277669948632, -48.065382056318924], [-0.1993197744826479, -0.9203838947530366, -0.18064561832441106, 0.06152333698051311, 0.27703276587145986, 5.0724416923095355], [-0.1630438116577271, -0.23755029807037603, -0.5627408962587505, -0.62073037277669, -0.46368422375276547, 73.29463841609778], [-0.16223615491538385, 0.22241350029886028, -0.4196054647800731, -0.8090809679562162, -0.30582822979707314, 56.25577248116588], [-0.14752951231065523, -0.9851941543976726, 0.01584125783557212, -0.02602783790896156, 0.08184819693803097, 8.797975487801416], [-0.1398850783726399, 0.5661339381585918, -0.5912129664199774, -0.4786951962879574, 0.2850309918262377, -0.8098602761472655], [-0.06856630352663746, 0.32542157536888516, -0.3203868859053005, -0.7426464716931255, -0.4850030120801126, 45.65528280263182], [-0.04441152296633729, 0.4253137698355531, -0.6377259428956671, -0.6345295174486947, 0.08839528867671485, 22.090222774778482], [-0.04427057823091744, -0.6000530577439408, -0.17968828369055417, -0.0720609968374969, 0.7749166259891295, -46.712838476142274], [-0.03472771320765315, 0.23316610633009127, 0.4022479431184143, 0.8708851255981408, -0.155509623699458, -81.12235699271807], [-0.029892464698291335, 0.02678629306078452, 0.7134056043839446, 0.6605879535724241, -0.23035827375394796, -69.71632311751056], [-0.024378830948371587, -0.489799606577338, 0.6330051052572337, 0.5810085470883471, -0.14572447607331443, -59.131371595877816], [-0.020287030465660577, 0.3332811282893176, -0.520409244612802, -0.7482792732982214, -0.24034240823230363, 41.40698144798128], [0.04950565325881146, 0.47819110371376716, -0.5591003560259324, 0.3214202347431351, 0.5941197549432027, -65.43394262065522], [0.06182442634582973, 0.09882932872993966, 0.6918451366233531, 0.6537256363735253, -0.28355529155429593, -69.94031714005634], [0.10078397251270071, -0.36854170299784045, -0.8589280600348171, 0.2221551901610478, 0.2586682493182051, 1.0901172205576266], [0.1360137735284731, 0.10351353387783821, 0.7940762718899419, 0.5558388424351441, -0.17683681001532744, -82.24098929028717], [0.16725819530082361, 0.13213780271452855, 0.7747233495226007, 0.5585138137992088, -0.20598628279192005, -81.10737434801148], [0.22271612380428535, 0.06088604668511068, -0.05570050305486468, -0.09993280193911254, -0.9662304624532834, 14.817288738885303], [0.25093878948294024, -0.9271008016041753, 0.07829787357428054, 0.07924377337606985, -0.2551542572104181, -4.772647956107441], [0.2535807210803906, 0.22222432131608894, 0.880015634446408, 0.31836209415971606, -0.10262177665621913, -92.99065981939789], [0.25899525462155726, 0.306756982109936, 0.2542919266628835, 0.004412757982241246, 0.8798509848897073, -120.08897669573433], [0.26264510147089504, 0.2287858216860491, 0.8548499142962046, 0.35867521854031403, -0.13877431355121944, -90.83209663468301], [0.2650885012682001, -0.023009164240309573, 0.6346680884723046, 0.6267962638432046, -0.3654059741759195, -67.99183114545016], [0.3262633095002743, 0.36489212708146596, 0.3411437316614237, -0.16032324066215642, 0.7863354254512473, -115.25948039258864], [0.3667350356248958, 0.20817558009408677, 0.3718879305761954, -0.4475452289982948, 0.695392677981524, -97.21002140586776], [0.4014729175622755, -0.01591934384719022, 0.7015346151156288, -0.5512168224420122, 0.20633775565079535, -73.97307296106266], [0.44802843011757887, -0.12942529860660634, 0.5123052876242314, 0.5296844562089023, -0.4893846002990914, 