{"omega": {"vertices": [[38.6450583094311, 18.835884357063605, 65.90074331804003, 90.15350404243885, 60.28663679960717, 39.18640113796569, 40.859430388458875], [48.90460273559678, 55.63788563299512, 15.83881434801382, 1.2708981384714324, 78.58035638841105, 78.2191404489305, 38.425151773064016], [60.98585424669734, 99.0550129866919, 81.71970519132319, 81.51086465005021, 40.236648490376744, 38.41867450300618, 66.23245688409182], [80.0980264140945, 22.91098772901954, 69.93710560215824, 52.56289839249424, 26.888202015986472, 61.64716707722976, 64.3522961537763], [81.9597938395786, 63.60468306534482, 3.237786810600962, 93.16785386628689, 24.711452291671765, 95.56818762324461, 81.26360103243417], [58.912615102364754, 63.69778090782597, 4.76419874753915, 27.753145476046658, 34.09443539219856, 15.26636214536492, 51.60119151045717], [22.011573976743126, 39.54645636810693, 39.452656321310734, 17.946324695903105, 2.3718561493818346, 11.286825119224408, 24.07361861909948], [16.85991846915905, 91.92141152202701, 13.784253375009325, 83.0686300270965, 96.79718981559552, 85.21033112352163, 72.21488478714275], [80.54460050689644, 87.37075789979599, 79.22845533739829, 56.86112073251398, 33.32455630505636, 10.459428127327952, 70.87934410193239], [11.530794913376374, 15.8042148480933, 41.48146537321884, 53.72698760604327, 80.15153302918317, 61.31827138754468, 38.674622795133985], [58.22848472809024, 40.40382118356016, 17.633451633799602, 89.12187583927363, 68.05116853340238, 50.78535746906174, 78.68791502099822]], "constraints": [[-0.619264221897138, -0.1362864186832177, 0.24094896329086696, 0.15711054792147908, -0.42379029502586735, 0.18177537815639455, 0.5500520031046991, -7.5932478347211685], [-0.5897650869199651, -0.11804894795527654, 0.1819985627463864, 0.05713449078073917, -0.09569303922707807, -0.2874659297284791, 0.7141848099387438, -4.277070398533475], [-0.5785589038846934, -0.18670649018384436, 0.1611954671578878, 0.13345175981158175, -0.3617713591737463, 0.054262724595906586, 0.6728996736742583, -4.589500171723202], [-0.571697955989329, -0.16529854943296624, 0.1730301055042372, 0.14219305268263685, -0.36614163793186183, 0.03800698480710137, 0.6783622373845791, -6.148572938917674], [-0.5704096678755747, -0.171006293916133, 0.19422424753856202, 0.09762274137030953, -0.3149364231725328, 0.005133315009189937, 0.7063463022532777, -6.411590789502185], [-0.5164875601583222, -0.19414464127095507, 0.23825547023025864, 0.007424462677740964, -0.19653291352343857, -0.13250741698374846, 0.7632458745863382, -6.898970533358295], [-0.5126134924736082, -0.14693496260878455, 0.2063754107905816, -0.06562526869584588, -0.1863926804405597, -0.07997531374905466, 0.7922132010359998, -7.59681333731465], [-0.4941563201593511, -0.01638795758059961, -0.028307932510096098, 0.08099910815766366, 0.2795116012166922, -0.7175618174770645, 0.39389982789011874, 9.141870089269396], [-0.4645649976930211, 0.03435624307040371, 0.38633413919786397, -0.4481994288355743, -0.06871654580633008, 0.1444370872765698, 0.638183500659323, -15.161872981351713], [-0.4593598144424104, 0.14123684404420642, -0.17975120116822257, 0.1719106499141012, -0.37833099850369484, -0.3085810685958124, 0.684704555673484, -3.5707552104270732], [-0.45643799904106375, -0.07752702487487177, 0.10452130241362972, -0.06973145577530597, -0.3068697046296509, -0.022302103321472675, 0.8217057474732699, -8.561241833095231], [-0.44780535618691414, 0.162647964702942, -0.17421428477518824, 0.4307122820075323, 0.039666251473582645, -0.7312093601425774, 0.1446090446353621, 7.245950467046329], [-0.4114299622746112, -0.2587141492489733, -0.2703857363754695, -0.32787702732939084, -0.17106063872915564, 0.08670115205664095, 0.7391899294126331, 17.471246029358888], [-0.3732547317292347, -0.221799611564312, -0.09946483888248717, -0.351478493115032, -0.1696069342414177, 0.10237475696050222, 0.7992548712706292, 7.225052387468452], [-0.3557936589913058, -0.22053180091258592, 0.11737768275457702, 0.31690707142414326, -0.5067291811915452, -0.21521972667315428, 0.6383376777694137, -5.5014105549756565], [-0.3489535720980496, -0.17113248621209087, 0.001471467099708181, -0.3890002072769335, -0.061502754240839244, -0.023552124618978012, 0.8326370510928998, 1.7388890880981762], [-0.3488882474253962, 0.16653825613053255, 0.35249929666929986, -0.05537610731694032, -0.37612825247296705, 0.7026056903815889, -0.29680383113186226, -11.712577625727626], [-0.34711471997597143, -0.18170939595568408, -0.09258659852262861, -0.3653869031181571, -0.1663702741182931, 0.0731956434962097, 0.8193756946994066, 4.879765240623257], [-0.3447344987808566, -0.14069760658783487, 0.0702715801825746, -0.3802616737130652, -0.013137357046307106, -0.09411553763958382, 0.8383286639492883, -1.8840393519008387], [-0.34323100838477866, -0.06263159060024288, -0.0004574194900080684, -0.2770696181091409, -0.21832329574220663, -0.0219905601639894, 0.8679592905374374, -5.106545937896421], [-0.33937853257944306, -0.12939384217647182, 0.07946058068509901, -0.40865977584196705, -0.0033141419762215143, -0.08042502897281809, 0.8296285193595366, -2.2702230088602633], [-0.3296533662338003, 0.1803256211611874, 0.15165480552141927, -0.4372279657814976, -0.32855750992474736, 0.2609909728455179, 0.6845272303930572, -16.657115530166713], [-0.315975377502699, -0.14234801087490578, 0.07171068868401487, -0.4028972040788084, 0.025052589201847126, -0.09274979185300508, 0.8385689408578376, -4.187149535047432], [-0.2989351031615896, 0.05670630757383644, 0.03302746931307814, -0.43069999685505883, -0.24015894509194713, 0.11129674541965763, 0.806700448314151, -9.342804150381255], [-0.27653001327348664, 0.4607673424613699, -0.013938555375511488, -0.46627237492616674, -0.39552256530194124, 0.21382969071873925, 0.5398695774341316, -17.689016295450816], [-0.21691462702512568, -0.19996304764588252, 0.4687947841306357, -0.030389479410385282, 0.31574635196043216, -0.033393743655031845, 0.7690642711634565, -65.15528049118804], [-0.20694518276251408, 0.24158629908103202, -0.3722807192849625, 0.6674204907767616, -0.23123053680964117, -0.4010132137248627, -0.31699770856029874, 10.41691912406504], [-0.16911007403737943, -0.5663708905296847, -0.3623643668562682, -0.34513140053781755, -0.19051291331681616, 0.07896402968928856, 0.5980565952233223, 31.773647265988977], [-0.1496522495070478, -0.07622744088192342, -0.6141680506259042, 0.4629070970101617, -0.04451887936881227, -0.1289482046239881, -0.601413864577522, 38.27090290449215], [-0.12868539063641837, -0.0355115203830355, -0.026686294087699618, -0.4026390639803974, -0.03754651762010011, 0.02605763023389606, 0.9040242734257135, -24.62157030496278], [-0.10166478719256122, 0.22192884361640658, 0.14289801738789967, 0.19151726445457748, -0.20171532498266898, 0.48270760801843426, -0.7807800242621968, -1.7870308204953496], [-0.08016645948669282, 0.1365737308991808, 0.27603650232662286, 0.10971459101029153, -0.2696982552395378, 0.5794460865455732, -0.6915147117828693, -5.748923807901079], [-0.07071802271868093, 0.3384921627434874, 0.05495977772536181, 0.023786711255386762, 0.49314353841400643, -0.4480617412741324, -0.6579405434770942, 5.301794877920326], [-0.06871108802149993, 0.33577695778026584, 0.04906973067172971, 0.02421251018035722, 0.4953873431025726, -0.4534575031916654, -0.6546038572925279, 5.564985225876654], [-0.06310022795094627, 0.3390371319300062, 0.04695340827112262, 0.02921242793294363, 0.4888612812109672, -0.44679231956899473, -0.6628766603359414, 5.445723845961201], [-0.03703831468958469, -0.5148770724032263, 0.09559060149783435, -0.25302236394072747, 0.20492066360833053, -0.5559056239218033, 0.5561909229104682, 14.345192698992676], [-0.013117790210608828, 0.07906664366410526, -0.28707446876063175, 0.6748631460713046, -0.3755501346107308, -0.5425019717407634, -0.1427518124279746, 6.8269033133651025], [0.0005994535182170014, 0.018092737138166934, 0.7679323733089122, -0.3346425042199836, 0.17618502436209305, 0.09139426146280372, -0.5085002301612515, 