{"omega": {"vertices": [[75.75039278262949, 35.29386476243984, 37.072816155944096, 57.856939185185986, 38.532058581956974, 96.92674003989353, 83.93869124695516], [80.3526449468993, 50.487191128219855, 91.02187227210557, 26.198241423156276, 62.34509674263086, 70.90404030105876, 97.55865964603255], [47.232218664066515, 86.1641255546619, 73.23112036076358, 14.880106448198616, 60.93331055227331, 32.52954148168041, 38.13037808924926], [55.67972493819284, 55.2482325904338, 65.30071131175485, 16.280969057602114, 76.14283706453028, 95.13290098405281, 60.4478359836848], [33.29233757604456, 67.87647799115237, 89.93246284401123, 4.887553854489813, 15.829234995590348, 22.388458371820295, 47.05455176365039], [0.8573139524030715, 0.7709626824291105, 79.21408570759682, 34.83230699933867, 22.35223362302101, 55.76581765195451, 74.69251372464426], [57.67250045749973, 26.221951608205718, 66.02460209084164, 66.48549893010467, 94.64911876125836, 38.082936745318285, 0.7192626240215882], [81.3788949640298, 80.21624391671699, 72.89606251985052, 42.52986318876748, 96.34532673321041, 6.234230114078432, 50.59672510165789], [59.11586007044559, 96.58749928515817, 73.79219854664954, 20.360830688538446, 19.393810948547653, 36.25354270142154, 14.188089136873073], [37.11314782202933, 52.94599747339876, 38.72831689065905, 8.714510165042899, 58.969949120634894, 56.63102206403465, 40.301455765867026], [50.63532761747577, 99.27314051438182, 2.0168946849520752, 4.014960109621491, 45.01889067924522, 59.92654457877339, 30.986285726643416]], "constraints": [[-0.8364151782937485, 0.1947670914698412, 0.03272748785626493, -0.02736555499851286, 0.09625690515260193, 0.010117094155854408, -0.5012860661885005, 33.65421114703394], [-0.743693242305034, 0.2910857173490381, 0.21346251531012878, -0.19289087470251362, 0.07702798860596627, 0.38349369497747887, -0.35554972423422554, -6.327925855116986], [-0.741876588630753, 0.2826724895035493, 0.16138784527889316, 0.05869025988180202, 0.14596232046072238, 0.37416241593900523, -0.4229920746481106, -6.94413215401865], [-0.7211765148271463, 0.3174976504024481, -0.1295059457539869, 0.2960492151684556, 0.49188530543905223, 0.04954120353143804, 0.17400363245917974, -26.434095905866197], [-0.66877656032917, 0.03968888383833291, -0.30714000272011355, 0.009010829392316013, 0.20006657042262582, -0.638782430002931, -0.09314989562839907, 62.6665889981006], [-0.6310102394103576, 0.32900867368018266, -0.19858762790078938, 0.5166112212671552, -0.04059479840371726, -0.4276183081803672, -0.05243868190189708, 26.694143175356107], [-0.6200786152669487, 0.08510180786917873, 0.3336259174390696, -0.2611886042124886, 0.1568908303589162, 0.32949368701057347, -0.5436484443074953, 1.8610448857698572], [-0.5769798163272576, 0.4560155154172188, -0.03913705798401383, 0.5867521090917976, 0.24008408976463239, 0.16730113216885792, 0.16644625389392811, -44.32303062558045], [-0.5552649570353175, 0.12757587925618083, -0.37735837409713846, 0.35560018486229117, 0.532234799167018, 0.030257930229616273, 0.34980703932184043, -21.82855794558946], [-0.5490025350156927, 0.487914461736573, 0.06822575827308601, 0.6033323185189715, 0.07495090900802004, 0.29365117483413694, -0.0047331459559951565, -44.02288144183722], [-0.5386432493429077, 0.5211058603713302, -0.047790793973377696, 0.38045715679323133, 0.20379217641977207, 0.09075235403811305, 0.49144000971309615, -55.729442469576554], [-0.5369016445723749, 0.278288974814007, -0.1456195300165584, -0.20606324585782795, 0.41258214417890793, -0.1253050056154318, 0.6202413978518305, -29.60326647410828], [-0.505853216056409, 0.2655345192216463, -0.048057959973304934, -0.4934199532181809, 0.27317137621080406, -0.07231697092876675, 0.5898972623188489, -24.911304302982337], [-0.5044774986095516, 0.48201635434543, -0.03753150898560867, 0.7070083354988344, 0.019493565805159322, 0.05082152383633616, 0.09450111383351044, -31.92118255703275], [-0.48892650346912814, 0.6380364351631422, 0.14792056091004244, 0.3192893794148163, -0.11777525404005912, 0.29240691680842795, 0.36147111364687334, -63.584673370392764], [-0.48865542299943193, 0.6381458398719275, 0.14660043840561604, 0.31682101056264506, -0.11630633006080428, 0.29011215505415033, 0.3666419212670148, -63.68552392510277], [-0.4870862443268137, 0.6374992893364514, 0.15210985999657606, 0.32164814379717854, -0.11704501338855164, 0.2921878899135197, 0.3614877737842999, -64.00520231614968], [-0.4857325690831178, 0.639914273333723, 0.14849850017050784, 0.3171073115988991, -0.1182424717008638, 0.2921791478696205, 0.3641631583913575, -63.973956345754914], [-0.4257609066772166, 0.5650993356192795, -0.045700798430830955, 0.5617673012345813, -0.140524633122479, -0.09303572293624754, 0.3915565211536715, -36.935252109454304], [-0.41843266450795624, 0.5709779359538371, -0.049296004491427334, 0.39211371136606415, -0.0741083663295536, -0.08719861299242358, 0.5741248950870728, -46.19840390450743], [-0.401825433933507, 0.1781089390018036, -0.17049553080703583, -0.4170401117999103, 0.2805463029378759, -0.310131226336128, 0.654931095593792, -9.655272934712368], [-0.3979555655832993, 0.07837046615462531, -0.4040243419243125, 0.006749777706028192, 0.4685207629893477, -0.09292818710883677, 0.6663789133654161, -23.01372467298025], [-0.3958194503346473, 0.4636278737341787, 0.3382440938983031, 0.6566479507241568, 0.09545072786941258, 0.2480586056692939, 0.11016644629281762, -73.87969464733567], [-0.3827614973391298, 0.4629420410693979, 0.35956382656458696, 0.654347834481085, 0.07088110268336902, 0.2627023573708044, 0.08766076440212647, -74.08549426825033], [-0.38177546160239917, 0.5737870961366471, 0.1695640928147465, 0.5786008594465922, -0.1077845586005149, 0.018849254964717347, 0.38666797593735774, -61.22405593637322], [-0.37702362993465444, 0.46357228026415453, 0.35464522593358294, 0.6678888711417539, 0.06546354456960363, 0.23861133179759286, 0.09941981512386337, -73.58670520067396], [-0.3598859121217635, 0.4797382659970549, 0.35090418572596693, 0.6580215176063704, 0.08344057526502635, 0.2644680095433439, 0.08544942088191083, -76.77210727451236], [-0.3489666069865518, 0.5951425337196888, 0.07403569218926698, 0.6361664901012485, 0.16047295179073104, 0.2967928934737462, 0.0009975206102667395, -69.15613147233289], [-0.33849982519275634, 0.28079331726709567, 0.7749379579723059, 0.3036074573824085, 0.12092946881478592, 0.2901106638291459, -0.1227946283145208, -81.59709318593026], [-0.33171790609665397, 0.35029233803437515, 0.6955635341390021, 0.5113215047331136, 0.07760868495427294, 0.12624883224210678, 0.006190463630550912, -82.13209107254593], [-0.29159722595356796, 0.6636822187213222, 0.008256582161276123, 0.43024822634822196, -0.15916214029559766, -0.048320923811373734, 0.5115151653305012, -58.65372528754309], [-0.22658664731134245, -0.2289316649500998, 0.6143276174717108, -0.4932761525792134, 0.512837716679362, -0.10109617282265598, -0.048021244707638876, -33.34923073176016], [-0.22019216922142731, -0.24224660518994665, 0.24963609446937893, -0.7078903224870405, 0.49981247003517365, -0.224699948136521, 0.1705946384255991, -6.125196172542967], [-0.1975790909848692, 0.7528714085707157, 0.12848137392264175, 0.4736496832100547, 0.08568545933187756, 0.2981693559417765, 0.238848689233698, -96.02300237148381], [-0.15642454851257218, -0.35029127546983735, 0.3356621085707028, -0.6729339380865964, 0.4962105843392943, -0.1945388807776908, -0.05699058386177981, 1.2688157454677116], [-0.05931088948757498, -0.48745386685712394, -0.39323758894014876, -0.1507825152542711, 0.6158024318619781, -0.13960533773485093, 0.42754823400544645, -1.085290622578757], [-0.00962878984645054, -0.43665527317230624, 0.3018550501027323, -0.7019537366268487, 0.42564756545724297, -0.20497885182054543, -0.046816231230697676, 6.297857502688518], [0.019494627391558272, -0.33966268385712883, -0.05598705180422862, -0.18180493271024983, -0.33963310626150084, 0.5706242172610846, -0.6380430964885266, 34.44007781918351], [0.20589794262188924, -0.25276868602660674, 