{"omega": {"vertices": [[9.83468338330501, 68.65009276815837, 28.044399206440517, 28.777533858634875, 49.15731592803383], [95.7889530150502, 1.8288277344191806, 10.322600657764202, 1.9366957870297075, 57.411760549201304], [53.316528497301704, 75.01443149449675, 44.78935261759052, 67.8835532939891, 14.672857490581015], [69.18771139504733, 98.88610889064947, 90.85955030930955, 21.162811600005902, 58.93055369032842], [31.551563100606295, 74.81656543798394, 29.36141483736795, 26.554665937222623, 69.97583600209312], [94.45947559908133, 58.65550405019929, 90.34019152878835, 13.747470414623752, 13.927634725075855], [89.58862181960669, 42.809118987129494, 96.48400471483856, 66.3441497818448, 62.16957202091218], [70.90425219928454, 47.0640807662421, 76.45925702404985, 46.73926831470522, 26.9001051257828], [84.20308923596058, 12.417331511991115, 27.91836790111395, 58.575927145828786, 96.95957483196746], [42.11076250050522, 83.46256718973729, 78.92793284514885, 13.002857211827767, 5.336254511708038], [76.25731346670645, 45.52824669879853, 53.18264513359677, 10.933606758523895, 14.603274598822868], [60.43104829199733, 54.95479215085626, 92.61814267064537, 91.8733435633606, 39.48756129235549], [1.2712665062582507, 45.95452841220066, 96.13172622555156, 33.41852204130513, 47.20834208741505]], "constraints": [[-0.5320717937822791, 0.11253962893827861, -0.05316146422235963, 0.5957173059861989, 0.5886672984377702, -47.082796321620556], [-0.519420218767494, -0.3833333668430963, -0.14662489222999248, -0.421686399416378, 0.6196288306123747, 17.21201605307359], [-0.5168189896929593, 0.7681478510312822, 0.16678297929126235, 0.33571926858257634, -0.048197731999359596, -59.61990003465687], [-0.5018100580634783, 0.7443083590026043, 0.15841695259641375, 0.4087355770150798, 0.04506694528581134, -64.58217508782006], [-0.48526865995292096, -0.40804660095605344, -0.17183719996142965, -0.5747740453811618, -0.4879744589435979, 78.13206586520047], [-0.4828002056041057, 0.7488194963042971, 0.23954338031663552, 0.3768575030010162, -0.08228435332146025, -65.53511061409795], [-0.4824874473508832, 0.65823640036884, 0.13858554480329263, 0.44107584499864333, 0.3466653286797056, -74.06363915716852], [-0.4797847551868935, -0.5818460834619517, -0.29746394975889723, 0.5223505126294035, -0.26443688169367735, 50.97156429558754], [-0.4513786808980564, -0.43663385408494476, -0.22446293192077355, 0.012072776420614353, -0.7450361092998686, 76.98559974152532], [-0.4228875622216902, -0.6629062926438337, -0.3111376441498325, 0.38916837379155955, -0.3653254714973064, 65.152325633927], [-0.4107298359186888, -0.5748164217847113, -0.2681860601820893, 0.09342979406535715, -0.6482547291287134, 80.19949896536845], [-0.38404379472537514, 0.255259997726001, 0.10134919758421197, -0.8516156281575828, 0.2276661136854978, -3.2730082564451126], [-0.3779050939379999, 0.7576116247372265, 0.016787366361987705, 0.4840868024221024, 0.22043257039308953, -73.53102082736977], [-0.36263543635198947, -0.698433897806547, -0.23717246421046823, 0.40776181429146346, -0.3976998311825444, 60.50495758280273], [-0.3023962115101038, 0.2847558159438884, -0.3868558794729103, 0.7516842103210233, 0.3358333411407624, -43.86568492814891], [-0.2837571716097523, 0.024248982010952613, 0.04175128732902109, -0.939470055136691, 0.18586742570794454, 17.8539648613148], [-0.28212717014966504, 0.2905905777597396, 0.23540508052942072, 0.3614180611966928, 0.8061779016336054, -85.76157050148039], [-0.2595122474851032, 0.26047645134366937, 0.27969822137364786, 0.3471436952695891, 0.8161284038039799, -88.65713420455663], [-0.2393615309225865, -0.6972914397285735, -0.07243856557527685, 0.25468991292920784, -0.6215918339756062, 60.1445953979351], [-0.2388615444426274, -0.7009074363363725, -0.07259064854730349, 0.26424433709885237, -0.6136607013077557, 59.63104084052169], [-0.23756969720020865, 0.045107815618885085, 0.08686723882137774, -0.9385121133855814, 0.23059709406315881, 10.35598963044637], [-0.22803919170206285, -0.4964112384995415, 0.12343968973324583, 0.18433980347206017, -0.8076852661734418, 43.20489105054434], [-0.22493941783735072, -0.4792210498304592, 0.15049578697072782, 0.2035324955774111, -0.8097376025914067, 39.2655300614263], [-0.18131148728956376, -0.3444446741276804, 0.2725522421218917, -0.8618695632695503, -0.17714441076648893, 27.02347120199232], [-0.173078880287329, -0.522245241454816, 0.24676758813644972, 0.10757774832919137, -0.7904659350573091, 34.21886586288985], [-0.1656239184732323, -0.4768819389184713, 0.30857350139471, 0.1551016084092043, -0.7911246546966022, 24.626150208388815], [-0.13989730377360207, -0.10508502042618265, 0.20934017233692667, -0.5994283202100279, 0.7524946937055672, -30.609271209924], [-0.11379842902532206, 0.9303852632350992, -0.32001886553406556, -0.009201095669037438, -0.13760975636597494, -46.74781518299165], [-0.11215135307379993, -0.08039906438402829, 0.2803632970720649, -0.9363608039797344, 0.15994665009057013, 0.6264456227189583], [-0.08879795319043107, -0.41050902273281825, 0.15746671253853048, 0.20104515275717932, -0.8708515067216033, 27.605888163916163], [-0.0861284889293966, -0.3893027755819781, 0.18872880085436614, 0.22294891703679018, -0.8693103314922135, 22.963059530955114], [-0.07682027925511448, -0.9107160973408014, 0.2831968502616779, 0.20819913551083039, -0.20284846243911722, 17.343417949103298], [-0.05457207544229252, 0.22942238016197303, 0.9371495376445979, 0.04274069269401213, -0.2535966035720673, -90.01987998833278], [-0.049328258618679115, -0.8094783708355928, 0.3006960584597828, 0.004228843526890211, -0.5018719830396783, 31.90669754447572], [-0.018834094789294466, -0.8637127426155901, 0.33526638600419456, 0.1254048326141607, -0.3542818842244464, 20.019934715443014], [0.007376281400202492, -0.7812533619307321, 0.4632119394143151, 0.086606373160904, -0.40929550480866095, 7.791294469757917], [0.011886720778176122, 0.11044470634076277, 0.9879909441432299, 0.01633018465206485, -0.10615032769917772, -95.60237019422907], [0.018763342443586094, -0.8432603974353445, 0.40259316776798637, 0.025974383430850876, -0.35468847143578613, 15.902033688692297], [0.054622609894076544, 0.201308883037441, -0.9357072430850235, 0.2832041818943418, -0.027174449292648128, 5.0701829516592145], [0.07481874738392429, -0.30295295033210545, 0.501458247145969, -0.5166564464661566, 0.6198607969691495, -46.375807238059586], [0.12202166285190036, 0.4939251625219763, -0.6285984136658906, -0.5125910978565857, -0.2885533717657835, 11.456229137860005], [0.12320752189356728, -0.3357815758369598, 0.5743968411213982, -0.5767099783288169, 0.4577603190350042, -42.28101611713975], [0.18262260047324894, 0.5513017776167547, -0.6692041804900815, -0.31008159652779094, -0.3445729300197115, 4.986139581596997], [0.19223667284081794, 0.5106158757528505, -0.7094772162053379, -0.29108695357866887, -0.3379747833582503, 7.94314609142688], [0.20645704419716038, 0.6437248730623063, -0.2544681099281599, 0.5478667927882404, 0.4219973164509539, -91.2818174784783], [0.2810365373989914, 0.43158313712047075, -0.22961328902633235, -0.8209249404630612, -0.0900801866575974, -18.57773661868756], [0.29740123011152875, 0.5964273307324921, -0.4869300725637523, -0.5494252205565487, -0.12983827992125674, -16.033816867549678], [0.3242181926480434, 0.6765668604313182, 0.3233798349620425, 0.3206513307690858, -0.47932040780471885, -97.25639203347401], [0.3623813170020117, -0.688237082205523, 0.16281219359777693, 0.29420865067014773, -0.5309830122064609, -5.219228242538566], [0.36730514914675416, 0.6654988943479794, -0.5477932064247613, -0.27708061093740277, -0.21294855498296322, -23.036373367948805], [0.4342404869069899, 0.6384216617609177, -0.5658610956269788, -0.23882176268588756, -0.16315136361259555, -27.092514598279532], [0.44929119263472117, -0.42925303547023824, -0.11002865345777692, 0.3878383291058055, -0.6718291312939189, -3.2965528766588896], [0.4653591940288089, 0.6662849346483128, -0.45172304994805507, -0.22373340425506477, -0.2922239832040102, 