{"omega": {"vertices": [[51.41750435258828, 16.15107704860119, 60.70154607890389, 63.3474012622421, 15.172487103197362], [87.53327263545391, 34.24406411348105, 14.546561026621996, 12.475130006917922, 63.9126848719905], [18.395344154722203, 26.18804041035202, 50.96132942175586, 47.05878794988857, 56.56621125439275], [46.28391187082599, 84.45269432294789, 29.694708578690452, 98.65727795868816, 46.8665837661252], [16.994071421725778, 42.89323340299029, 80.03322457764017, 85.9650953569201, 94.8299174072665], [1.3014490534786094, 6.487198344770839, 0.9319062783445187, 97.2103710341956, 14.883964858791998], [88.91310891074828, 35.4952851149572, 24.551868018650747, 91.10192396569683, 4.353426375776537], [82.53105782602792, 35.52447391857858, 21.642806004615935, 47.54964376131705, 22.354310863304427], [44.88788367067655, 88.59979711653513, 52.76187723115614, 40.909083191685994, 26.889202221264586], [96.59330650197224, 10.938291419358459, 67.3041054216622, 49.993237109919995, 77.7098229275783], [76.7777192147274, 29.02979970618682, 21.68914876117953, 1.6715589077006432, 39.86590599223787], [52.78467961179595, 33.94167240176095, 55.46673107876667, 97.44034689130025, 31.17029177189814], [50.8410205646272, 87.51101916309449, 25.119997136646344, 64.8140160499431, 16.472275209433207], [5.231294643747675, 60.51167805003662, 51.20610275239188, 61.74610120171561, 43.2355594764344], [84.82964919731248, 25.292943382096055, 8.462899961257264, 44.27012520661343, 51.50207658361155], [69.41595528581266, 54.24510175772805, 78.69110021177367, 57.546961768229195, 69.93736887819156], [6.44302555796068, 89.69850695075824, 20.338083282405105, 82.62275354923914, 88.17706230828072]], "constraints": [[-0.9345990005979741, -0.18512993906258157, 0.004299893280319317, -0.19022128698265198, 0.2367466718676197, 17.381053263092642], [-0.6765727521298956, 0.013190539985242111, -0.4047232065002099, -0.6147973100706041, 0.017283355588964447, 60.67954918139992], [-0.6514014416744607, -0.36219733264981924, 0.5955474723609886, -0.01879752559978265, -0.2990971668230129, 8.92148345644037], [-0.5922856691912336, 0.5172049382259869, 0.035301880985307364, 0.39079291898527574, -0.4772121222425227, -33.503595634584364], [-0.5730671337630328, 0.2914810911609239, -0.4894391030547683, -0.5257790829124748, -0.26577914528593155, 54.37806059028485], [-0.5640447785932438, 0.29828718577875935, 0.325790745846823, 0.6489269016562046, -0.2561884243468783, -60.77390441497416], [-0.5619785115081509, 0.26900610308307743, -0.4970044474793966, -0.5523639241629671, -0.24432876125443634, 56.78153473048452], [-0.5520146980631414, 0.2757461824632758, -0.5087749262583878, -0.5465242776089092, -0.2484010957584945, 56.22875036160502], [-0.5331219291606341, -0.2525583104534898, -0.5209016792758988, -0.49908900078213014, 0.3627215437422569, 45.93555066347449], [-0.5309096930007289, -0.17935091740178047, 0.14874650209727638, -0.5792498223866206, -0.5729853991891111, 66.55320379458107], [-0.49512875437313547, -0.08204409220199388, 0.6407239950119806, 0.37090786565698175, -0.4472319319294272, -28.819980447227213], [-0.4944701419766063, -0.09968381962687461, 0.11765582293227138, -0.5581027499898871, -0.6482598572965066, 65.08260454494696], [-0.4878668424159929, 0.675259045003874, 0.26991340531666586, 0.2992088720029513, -0.37898808788217553, -54.219315575605386], [-0.480370324738574, 0.2592376228829554, 0.11359886900271661, -0.7797470742262775, 0.28483329017061065, 16.840514872638877], [-0.4727386005695156, -0.11789822471649503, 0.3142068712505783, -0.6263822537637727, -0.5210926389510928, 54.72433880696157], [-0.47244065647163414, 0.24707693237414668, 0.42253765912874675, 0.645580987980891, -0.3470445651164244, -58.973513381535255], [-0.4347991130706141, 0.2793348222886486, 0.2952028982886031, -0.7156629633673869, 0.36551820753034336, -1.3586329447479475], [-0.3734873851214895, 0.322780411284613, 0.3728382042873394, 0.4841886375175885, -0.6187673358934694, -39.813761829759166], [-0.36540069163898686, 0.6354710614006186, 0.5631917849144532, 0.33953805883441585, -0.17374632278108876, -78.83388987443942], [-0.36416701817751573, 0.20868582689416018, 0.40543426511652136, 0.22957282824515798, -0.7789428616568373, -11.980769899981974], [-0.34187231201533647, 0.1976234379933698, 0.20085465046795817, -0.742037664985572, 0.5030962255484765, -2.6611860003758885], [-0.34017105016034266, 0.21933812401664238, 0.4312078535678222, 0.3139258820453029, -0.742754852955657, -20.843734270597015], [-0.338839192043074, 0.2674078694163033, 0.263401063372883, -0.7474910828875784, 0.43076442997004755, -3.383780282690868], [-0.32499587562045656, 0.23385334471029126, 0.46011251284267835, 0.30488123392928873, -0.7314603220413619, -23.211408999374044], [-0.31315145231013447, -0.031055496592489167, 0.829226231987134, -0.4118069782392228, -0.20921422730146183, -4.4710663917310285], [-0.3048380421136534, -0.5076189059285502, -0.4110555114310942, -0.1511479208843352, 0.6764499145972896, 8.697709632152481], [-0.29799823118520535, 0.38535398261512066, 0.5073509693856125, 0.432649617459858, -0.5640112274312206, -50.06805154612607], [-0.2946830562416252, -0.034600749357324254, 0.8327071466288424, -0.42374247685861927, -0.19749887535624322, -4.99637068291811], [-0.279600559764422, 0.19308934616752918, 0.44152828257816484, -0.7575167694792602, 0.3402369042554019, -6.012242914254703], [-0.2735417424522216, -0.8818796477976817, 0.37431062695242645, 0.004899261093391167, 0.08561982088079584, 3.9774850160857236], [-0.2726884760540039, 0.299376744548768, 0.2719302385103962, -0.736471379957719, 0.46869863637264697, -11.106423559976893], [-0.2473241410132736, 0.4133982833175291, 0.664094679170802, 0.43093150240365785, -0.3757777613900563, -68.08867715725518], [-0.23852578880763933, 0.20875649006874114, 0.8109589476885528, 0.2293049912935085, -0.4350758348375969, -48.25839610440908], [-0.23442842341070064, 0.2963551534869772, 0.3149722072097785, -0.7361383402807186, 0.4648761017228492, -14.737938506180068], [-0.23427110660586448, 0.18845490833801165, 0.3664919429226198, 0.3470479425971833, -0.8092238117139416, -22.95138909213536], [-0.22639923974752377, -0.6423647274395192, -0.32724365886831475, -0.12092315523443138, 0.6437391703492362, 6.9403484903690895], [-0.2259712007864449, -0.18613230258769015, 0.317091047686273, -0.7110744093704949, 0.5550839883874875, -5.064821372368204], [-0.2172983546702267, 0.33808090547464287, 0.28818411071486444, -0.7137938449979019, 0.49591429862996694, -19.539059110814065], [-0.20746215583177313, 0.29854107624889553, 0.24767698016193002, 0.5807505721339958, -0.6849945738133169, -48.15704891252885], [-0.20316548489685513, -0.8351457006059735, -0.20495834920236267, -0.31042359318529955, 0.3505491583104336, 30.83199862479246], [-0.199525430181264, -0.005248358539605172, -0.05649308748001294, -0.4040921210556434, -0.8908872803061834, 52.888245581027086], [-0.19607274679900819, -0.0694448747564929, 0.5327181084444584, -0.7345289802116515, 0.3652553647755727, -7.817640773095693], [-0.19185379716787104, -0.27289353571170877, 0.8290354936904705, -0.4438514207605523, -0.06646281042258757, -6.926328063300396], [-0.18087045972450752, 0.258017986166061, -0.8932433581886311, -0.30330084502643234, -0.1041032952024312, 30.42745639690063], [-0.17896342470819984, -0.9157051906967353, 0.10390991301931475, -0.34304639349359056, -0.0312729633250065, 39.88957155736907], [-0.16699582307471447, -0.09904967636717495, 0.7326218285709614, -0.6261057042529043, -0.18318968336255262, 8.156602117186958], [-0.14588677899823585, 0.018390130574594366, 0.419583185410869, -0.732792062581557, 0.515116097932209, -17.744074613702786], [-0.13487613995531034, -0.19492885368835405, 0.7402817526239478, -0.6158619200791514, -0.12848420525082765, 6.109735650375912], [-0.13440988176721333, -0.5090356404179137, -0.457220517255805, 0.03718277259825946, 0.7158097096923794, -10.365408237029225], [-0.12837299091363769, -0.5554968112026846, -0.42521949131370346, 0.025536639682623586, 