{"omega": {"vertices": [[48.488254652176565, 80.35455027114156, 55.22131971542402, 97.10283363241389, 59.762204947032686], [18.277685107494477, 42.95430008690578, 32.63074105596261, 32.72726106361973, 52.580951372752416], [62.84597599948422, 74.60040098405679, 32.54275827209554, 76.74029673917471, 23.996103327499306], [5.858530386360816, 31.71887842048364, 1.8291134711406976, 33.97018763983281, 13.676377038618703], [78.75052243439039, 60.47910024464126, 42.28873479679237, 2.3807157585244876, 56.93402085371613], [24.48347302431648, 79.15061650359777, 44.68253004151841, 30.73843371052668, 24.75653400158595], [4.397770226533259, 93.62420787484112, 10.455897888597743, 25.854553763147127, 23.007846089293295], [42.78018007802592, 81.70783959829208, 13.717258094403151, 22.030972427294493, 5.326415439086141], [2.1049817661920933, 74.00544783096292, 21.13169143725474, 89.8967508768108, 96.71854401887066], [11.128627474550868, 74.81811327804265, 49.26795858154005, 37.89329474755942, 24.246072912581685], [14.883149427672947, 87.98184123702943, 66.2723179990735, 53.87083986138342, 20.632568101532357]], "constraints": [[-0.9806512478778593, -0.017718542229559306, 0.14480914266831382, 0.06536983194116829, -0.1129879664765592, 5.366955640618154], [-0.9170616970248162, -0.11085539428363332, 0.18962101919518778, -0.28877928155169624, 0.16540653262204935, 16.089728507120995], [-0.8053990770432145, -0.3948802986233174, 0.43788877318576186, 0.054490164728116616, 0.02619390621631658, 14.233388036918466], [-0.45906179071810216, 0.2497742908444212, 0.36503573961467994, -0.581943187662275, 0.5049416907656661, -21.754587544242312], [-0.4220799871567006, -0.14962232262545588, 0.2666799084493781, -0.8512913193464638, -0.06038676219794845, 36.475230859872966], [-0.41805009030101137, 0.19255658353723337, -0.26324839030473646, 0.6763590264535572, -0.511267871543427, -19.160759389831348], [-0.4176217454650917, 0.16098640546225879, 0.5404926563383665, -0.49352947080984844, 0.5137818650531358, -27.781846952888596], [-0.4153923928192103, 0.03467404889019453, 0.22370825450420903, -0.3517267739317168, -0.8077683849271142, 23.92014873313424], [-0.4133329574470329, 0.03203530564111353, -0.14576020331073117, 0.7445380091923133, -0.5025402685152016, -16.74715401042169], [-0.40372510593615557, -0.6467444629102503, 0.5069547925767829, 0.39545392838316407, -0.07307986960529078, 9.517790649243356], [-0.3992694219891626, 0.37951467649031134, 0.4036425142807178, -0.5362519015142017, 0.4960435039192006, -35.54464967318686], [-0.3439953910216708, 0.39861689594382343, 0.4536852506049789, -0.6735120164122348, 0.25164061348634065, -28.927420959910513], [-0.3289837992482801, 0.4577244049018799, -0.24283591005623723, 0.6627329096724559, -0.42903827359995145, -46.13163927567258], [-0.31803240992943954, -0.11769332448052985, 0.27319143142932933, -0.8591468529777524, -0.2687690354546296, 37.95777113110154], [-0.304679358838123, -0.09929328044932481, 0.2739144034021341, -0.8303658630121282, -0.3643827190037674, 37.62454387487716], [-0.28699610771270667, -0.10813266181753439, 0.2614022062625944, -0.8588574065675868, -0.31618571022590203, 38.13291011864899], [-0.2752955047799504, 0.23301827203522657, 0.381398088314979, -0.6558837163479553, -0.5424637488394444, 4.8451790174395235], [-0.24516083135337507, 0.20341460851236937, -0.19818706246981302, 0.45930282332618944, -0.8051592814891095, -9.244235612662795], [-0.19909515162800254, -0.07542384895269574, -0.597317959515637, -0.5528578949862837, 0.5405846527592092, 16.038774115250895], [-0.16858279491726263, -0.22154798483901494, 0.8204619738952172, -0.1337558542720541, 0.4810902748046074, -35.093261935831606], [-0.14290174679842094, -0.2444154773565876, 0.40761616817452845, -0.7114621930222182, -0.49750454523877663, 38.816766746701624], [-0.03605834923856746, -0.613517952061883, 0.6595293026170702, -0.2653062654419635, -0.34194912261133575, 32.154125080846505], [0.03479688849054058, 0.6763577075728633, 0.3624731162799983, -0.614268741479304, -0.18060061232968466, -47.22958992920703], [0.04610135201868155, -0.29404851859015557, 0.5333217271441834, -0.4787969420149006, -0.6306596211349746, 28.645650641915303], [0.07383288762535183, 0.8795024714660162, 0.19083515319603342, -0.1983909007960528, 0.38111297823092904, -88.30205570029987], [0.07605550165487479, -0.38286356635972246, 0.5169657322770868, -0.39934983646629824, -0.6487658976764238, 33.19159636559307], [0.12332517902172759, 0.187682915497957, -0.9128591109957149, 0.3266365077907798, -0.09778987012877359, -14.764365315041836], [0.14713590984431194, -0.7191924430750394, 0.5847544614720674, 0.17666420300762628, -0.2965893339657299, 18.935346632829386], [0.1887016042804637, -0.7068717910067414, 0.5913701728461206, 0.11001556604747303, -0.32078321264696036, 20.88388590748073], [0.19188367135950218, -0.7019562163918681, 0.6140631384043981, 0.1329695710473566, -0.2751066741517449, 16.721154173808866], [0.22042976764295513, 0.0622619969760711, -0.906843025941987, -0.17546312326240146, 0.3072174798816117, 0.15133672424496125], [0.2595556089407498, 0.9595921600047325, 0.016619815234995304, 0.05519272917685023, -0.09214834080119981, -90.46314542480464], [0.29166403241447075, -0.4636189262101257, 0.466937259598675, -0.09310899763485986, -0.6879606773743774, 24.71440825780443], [0.3055725308437079, 0.9371800137241767, 0.09804852511290012, -0.11463575622639888, 0.07459343394233707, -88.86413749084043], [0.3804447861070675, -0.8708107402515722, 0.07832411169801722, 0.2912649215146458, 0.07733368223639729, 14.29706033692482], [0.39354574791708374, 0.7878569429446243, -0.3867073515774765, 0.005046580573096221, 0.2735601177269589, -77.8743395675667], [0.3954271554885923, 0.8167632536654813, -0.3402320402271091, -0.005953893712775285, 0.24645864179722557, -80.16692617858496], [0.39989234858974554, -0.801674037183393, -0.18163512781101587, 0.31307946424914823, 0.25767183985837366, 9.25826572104401], [0.3999090532376469, 0.7655892457443857, -0.4236575157619526, 0.00546526799195059, 0.2728191637757479, -75.42495848891085], [0.40928813522081686, 0.8918203119497549, 0.17076114639514364, -0.07840446768950933, -0.04281499608138663, -90.76512872343709], [0.41999407505959707, -0.7801580122522387, -0.22099021986573772, 0.32053702335303547, 0.25174946319135977, 8.357681870022564], [0.4214551316548038, -0.0510786266538681, -0.8799389963739302, 0.07322852500151138, 0.2002785352640913, -4.466114170422004]]}, "solution": {"min": {"arg": [19.000530379717805, 81.75463805074851, 16.27510266167519, 37.86800286267676, 31.636380241936422], "value": -14.971886438785102, "pred": -66.30284587855395}}, "policies": {"policy0": {"pos": [9.529426101648173, 72.75028082275945, 15.391400214243696, 42.18472610449957, 31.322026600596345], "value": -13.192303402297078, "pred": 3.438540202921048}, "policy1": {"pos": [65.10224443976904, 87.75247588950117, 34.78657838552441, 58.344939804202596, 65.8183536527046], "value": 15.688617176196189, "pred": 4.5225994884609575}, "policy2": {"pos": [9.629814735381228, 62.36415938410664, 43.96615512788084, 55.726179645540256, 32.2534888633812], "value": 4.303684588850295, "pred": -26.41178292422209}}, "model": {"name": "DecisionTreeRegressor", "criterion": "mse", "splitter": "best", "max_depth": 3, "min_samples_split": 2, "min_samples_leaf": 0.02, "min_weight_fraction_leaf": 0.0, "max_features": 0.4, "max_leaf_nodes": null, "random_state": 1, "min_impurity_decrease": 0.0, "min_impurity_split": null, "class_weight": null, "ccp_alpha": 0.0}, "objective_id": "h9v37miw", "data_id": "5u1kfuwa", "solution_id": "5jinm6nm", "generated_file_name": "solution_h9v37miw_5u1kfuwa_5jinm6nm.json"}