{"omega": {"vertices": [[58.04333022685427, 88.97143701266495, 32.15394883045708, 23.432641904566953, 66.20077292259164], [69.51972498170977, 31.51360011339045, 14.617041218011305, 89.66689578345479, 75.56729382640856], [87.20229389516174, 67.34573274216918, 98.2377293110029, 27.553998413876425, 7.195902692864142], [23.84889682032192, 54.191612595189845, 14.268225247623867, 25.641351160148908, 26.331336872369594], [88.80821381347765, 86.1923758570092, 7.71420450431386, 70.76735722998691, 11.263237441347318], [22.703745695880873, 33.22632979382083, 99.98342226079319, 91.95708196820486, 3.5466983845976796], [87.77679952670944, 33.56529062117749, 10.630975287184985, 39.21645875509604, 67.5662695744481], [93.60005635579552, 42.61787261977362, 18.962221225634224, 84.8366089665533, 64.72266531135094], [94.96435074996393, 60.92532317327943, 52.89201831688081, 10.612247140779928, 14.207128776904977], [90.04430548392752, 19.564039097766393, 89.51074291004969, 1.8406347547258006, 63.40297100904907], [98.07894449303099, 7.341329360788762, 15.55226150149771, 3.600705883834243, 29.916958492706257], [56.158922821414755, 24.512439951717536, 94.5502077872195, 56.70550160783729, 30.613138370473347], [88.75392623009226, 10.893620128161219, 47.40359173332423, 28.407782464654186, 9.064515045333199], [87.67122058664789, 16.93770952631779, 2.4629611678263053, 35.01235857829358, 75.70279248971077], [76.97662112798537, 56.11045767651911, 78.08731521743873, 40.29188691980337, 78.17758491727669]], "constraints": [[-0.7647774426505605, -0.02727375850367554, 0.11285336445606936, 0.049384379527956865, 0.6318203118763563, 0.20393435899308088], [-0.7518017155400204, 0.0673819583039779, 0.3862103710591573, -0.3558287490944698, 0.3930410955745163, 7.542200411850116], [-0.7002851659924597, -0.3593780971761751, 0.12900601433389822, -0.08740589196237736, 0.5967962197240261, 20.862383278673015], [-0.6719824144955054, -0.5307493932634942, 0.06891116934501153, -0.09570587044016529, 0.502828353677492, 33.01884974933261], [-0.6634464414870498, -0.32783860788397445, 0.0647833987141547, -0.14569426662033397, 0.6534041309816415, 19.195018001625748], [-0.6493871628952471, 0.25736288202218477, 0.48147240856302637, -0.5220953645588338, 0.08752947916441277, 5.752963449107106], [-0.6474459789472682, -0.19639115986723288, -0.002153057856835163, -0.1603890050832998, 0.7186897439516379, 11.302875362623467], [-0.6243563872181909, -0.21591928997904505, 0.01950059639475321, -0.27018965846516757, 0.7001251582063871, 14.805783189417745], [-0.6058001070577798, 0.5524553162022985, -0.21874819077884342, 0.5031584365872367, 0.1636464805935999, -29.580324536496995], [-0.5867476467621315, 0.3270708118398084, 0.575721612153006, -0.41828967368361697, 0.20574318275740364, -17.373621557486466], [-0.5616071337821816, -0.7882977825790956, -0.009856049682628418, -0.18955588257417702, 0.1647891347511179, 56.77481769674347], [-0.5451310393978366, -0.7016082341557739, 0.09421170861862664, -0.013770309684538792, 0.4489015127844881, 25.942933244965246], [-0.541933948510821, -0.652936923492691, 0.13520710894200116, -0.46431675725749394, -0.2147322891714287, 63.93896340893974], [-0.5047829551466615, -0.46235953478907454, 0.2883985606868819, 0.09916696833375017, 0.6621253743576527, -13.479564872317546], [-0.4828861789548678, -0.8514569636663674, 0.012938240519175139, -0.12720859786704217, 0.15966387117750505, 49.09195718906673], [-0.4516609687666749, -0.8007173996680549, -0.34439850380424647, 0.1398088005854093, -0.1292175878812276, 58.895323675391644], [-0.4441472946354111, -0.29651361838811463, 0.2875273400781987, -0.636669947024207, -0.47622711183025096, 51.42324348070487], [-0.4418874185879511, 0.8029156832738834, 0.12229106489388786, -0.041942267620864955, -0.37861280548926046, -23.672806924105558], [-0.3889531975047946, -0.8947986899311152, 0.11323409628800149, -0.18580241857556032, -0.026574712372250394, 44.420139115281394], [-0.3403598676477941, 0.2882633863283493, 0.20833513095145476, -0.8645654849488054, -0.10090776007803416, 14.348840456786363], [-0.3398047343373653, -0.2148087137198431, 0.19787002795028288, -0.7543415592683794, -0.47979810653174054, 48.897606905404366], [-0.32849661295305627, -0.18551494493043919, 0.18809592779336365, -0.7770750047788259, -0.4673847872806384, 47.43596014673006], [-0.3237662632533243, -0.10923684936877837, -0.23210505021587266, -0.8013342329410336, 0.4327047611247819, 26.10651399796754], [-0.32193248470894875, -0.19233350088488296, 0.1721481283788483, -0.7495677427731038, -0.5175717540749117, 48.492634831232536], [-0.30875999033637097, -0.6645329632176279, -0.4866690039032149, 0.2820317887838417, -0.38298114825657165, 53.172330515906026], [-0.23669461487606727, -0.936743363867441, -0.15123867508429786, 0.20474230602910476, -0.04117014476063769, 32.93827166491818], [-0.21684474726810005, -0.9662962462184057, 0.027012559712623643, 0.09987709822272285, 0.09243812522348599, 24.816600931335458], [-0.207091669230323, 0.32095644920128846, -0.8756300854386673, 0.041074205252698184, 0.2927197659691445, -8.72145329802991], [-0.20389538947452668, 0.7509454486832856, -0.06269772760406092, -0.4066009559489312, -0.4746074807960704, -12.01483207695259], [-0.19884471257857184, -0.48741778327151125, -0.5525872697359301, 0.3762079919286831, -0.5253565845832805, 43.22748232665267], [-0.18425981699407368, 0.1608384995079806, -0.0669877552875566, -0.9672942608674262, -0.005809513904429038, 21.589796174951108], [-0.1736280977437913, -0.49146977208665776, -0.5948616169794259, 0.34281016351237426, -0.5068842029854581, 43.818820541798864], [-0.14977335653606372, 0.06325516001635571, -0.11313800657786985, -0.16813355101957536, -0.9656591670420575, 31.496577016900957], [-0.14476138723780327, 0.0666537475483409, -0.11686080236990945, -0.17775416798069515, -0.9640271922190269, 31.449703367292578], [-0.13880605866911222, -0.3793134042184612, -0.813568762586264, 0.23512408642247223, -0.34594327856572454, 38.554408524294416], [-0.09549314622454935, -0.9761672715727038, 0.09089980492205871, 0.10322589259272417, 0.138058529247588, 10.616557535390406], [-0.09473293834895313, 0.6760082322718247, 0.20906669945462736, 0.6094363826858138, 0.3448433715913283, -98.47873084575346], [-0.09017735095067834, -0.9662194426235982, 0.0429377867092984, 0.21841649193177268, 0.0934805680148879, 9.441732006478706], [-0.06924052081625935, 0.6671503485885685, 0.2190923296753592, 0.621522763939703, 0.3403294986295202, -100.86100507156472], [-0.06647541500071437, 0.6801811187347298, 0.19875711001158344, 0.6033193124732767, 0.35977226593203454, -101.00363052696802], [-0.031593612234067245, 0.020771115391283047, -0.34512822043716623, -0.3143947958120571, -0.8835229641925416, 35.87806791537483], [0.0006591999355698225, 0.8060590073335824, 0.3785178143962249, 0.42642065967536996, 0.15861313734546703, -104.41780770135878], [0.07614172012732008, 0.3077474028569088, -0.8380525343545855, -0.4436797615147886, 0.01761230748417362, 4.377091235863843], [0.080198184498328, 0.09009295319896495, 0.9469744162591339, 0.11787443754270922, 0.273489639496131, -111.30537486989066], [0.1034153156134783, -0.5625934610454364, 0.6055703898723942, -0.2391634375432461, -0.49887796417337954, -20.439857649842626], [0.10802304418106505, 0.431807398701264, -0.5930084317100554, -0.6273304551900206, -0.23805648965017812, 4.838554294948345], [0.16104328625883949, 0.44691094883855026, -0.732228535171923, 0.09831549434849714, 0.478028346032085, -59.51539688685142], [0.16912107021923484, -0.922553286844614, 0.14854079224694713, 0.2695681631057697, 0.159881628145733, -21.10866416744374], [0.18018855320555238, -0.49596067800034366, -0.33444754154466916, 0.5943156658400529, -0.5064472553612573, -7.028111003104641], [0.22127615092111044, -0.517925277311907, -0.5246500658542048, 0.45219639592583477, -0.4506118063985744, 2.1119322270347567], [0.2592385585159214, -0.42124291953945914, -0.7287775846404317, 0.35974059106434064, -0.3079280951501457, -3.082269626693506], 