{"omega": {"vertices": [[10.751808678478403, 78.94824041187725, 22.842457076505617, 8.75244370820627, 15.326724920882906, 65.36128943019835, 56.967339359383196], [39.44048901155307, 72.11389608343896, 91.00375684092403, 24.624403890477286, 1.4082709719754227, 67.67973365418763, 47.04696127623693], [6.827260830335802, 92.65453650106, 40.35484309973211, 64.51492601533936, 14.138916337902396, 90.02268744498149, 39.059017682400274], [98.8637316230035, 36.117643471394366, 78.91556023328283, 98.33787102478539, 92.19785527664402, 8.046533845259042, 31.263169277963133], [94.11127503114002, 12.39154655949395, 17.545807130181302, 86.97095710407379, 34.1140567282595, 60.94659169770491, 4.319518453921001], [81.20921219010368, 18.589176062742542, 21.49582074233779, 31.810354215423832, 41.57805796670304, 61.76871335103106, 28.226822678933782], [53.46100490583397, 94.77582598489046, 36.976377825884285, 24.229058786996514, 92.5568084905233, 28.748077964665764, 41.157598645876135], [76.1178441620066, 40.58524453096207, 51.152150348655155, 50.34493658971469, 56.13947324187237, 15.44454327228959, 85.9281396103589], [43.17155299812746, 10.462695267935251, 79.07670311291712, 35.28566773109695, 49.64254772595247, 30.02437240726461, 95.02497945566103], [8.746427580476501, 97.24117754473112, 31.20994797199327, 85.6623632884156, 76.70725096759884, 64.95637560934567, 90.1713788663902], [36.16290697272543, 4.855060670306988, 90.73573539689626, 77.76038661320796, 75.42312530593433, 66.57815020287094, 72.83772782888435], [51.5530332518636, 47.9882322552526, 0.36925494122991287, 52.566663286767366, 64.022389782345, 51.08138531835953, 94.90663191214553]], "constraints": [[-0.7859659956640012, 0.037655034804671694, 0.3548037961011651, -0.06652676724571228, 0.1271309167439986, -0.41833368139589755, -0.2436445536911881, 37.2295487865113], [-0.726706065091741, -0.14297323938127307, 0.0413700489437369, 0.1063443340507721, 0.06610723310696903, -0.5576307367785099, -0.35087625251104, 72.64786704236637], [-0.6971413912361397, 0.05783705629020277, 0.3557079077923511, 0.0824983309688478, 0.05385874760990526, -0.5431414226739956, -0.2818000985591149, 38.86417118110499], [-0.6848316406489988, -0.26819278427889026, -0.19392810641828645, 0.1368919713189791, 0.14433160462684677, -0.4399439867920886, -0.43399125399883454, 83.03468485876368], [-0.677255728173759, -0.1225106364413445, 0.23111097610204023, -0.01594764360296861, 0.025813697486667557, -0.5048543731005148, -0.465945197406944, 70.96011303921577], [-0.6717797228023967, -0.43156123587290246, -0.33924100215581926, 0.29243056070717177, -0.17195759667708577, -0.35456533116318695, -0.08112227946977833, 76.91517770353832], [-0.6674447648257501, -0.28756645883345056, -0.18540127890582625, 0.22117829384003337, -0.024212535943881747, -0.5406224326858349, -0.30930678000134526, 85.5055370060379], [-0.6458123591028468, -0.33397287495876116, -0.2816854498951666, 0.10735091440083092, 0.15010661976897705, -0.5078417906715756, -0.31635790248621515, 87.71964609833674], [-0.6407993194080105, -0.3559516580739675, -0.3156309927872341, 0.08781826903394686, 0.17654794876900656, -0.48468700918649693, -0.298745715095556, 87.42528628706683], [-0.6283108801859707, -0.3537126743950132, -0.3130791934324483, 0.1037681403096053, 0.1841489187177643, -0.5023502790937407, -0.291650040867734, 85.5768562116746], [-0.6247225414838097, -0.3809968300748499, -0.40601320792306717, -0.03493153218059293, 0.39298690812263326, -0.07536449927938589, -0.371991541542335, 66.47008912132847], [-0.6195534691532647, -0.32042845367246575, -0.3178886513920533, 0.11470950411881752, 0.12426708768648873, -0.5511654333205424, -0.2829169417844765, 88.45325373334815], [-0.6097886889185888, -0.43762194038627256, -0.34262817599150597, -0.04214928468696524, 0.24614117335083494, -0.39337831901771403, -0.3195969084407494, 89.44695377211573], [-0.5990269718238551, -0.31135998596582376, -0.34279911210680825, -0.056759606336209995, 0.4403174747267473, 0.1373285159986173, -0.4590753338376226, 49.77681232453864], [-0.5958589116748437, -0.3036779104198774, 0.12468251102393084, 0.01967689015469565, -0.1310790648430266, -0.46522965521140697, -0.5506165836687523, 91.1453066118945], [-0.5840647661511437, 0.13523180373992744, 0.1985473612465142, 0.12403532675207628, -0.14846366388902402, -0.7285419010777738, -0.1815492498916965, 50.21879540091881], [-0.5815734606254725, -0.4106215675626765, -0.4546005803828702, -0.014749110173100599, 0.33863123113087745, 0.3030195237572626, -0.28247313454176415, 40.279990207139406], [-0.5612663048075665, -0.3696557390739841, 0.023161221094259953, -0.15531245893532616, 0.09668060808258348, -0.4146119631885095, -0.5851718957673583, 95.00206385201419], [-0.5543930654562405, -0.2559810019576787, 0.15938996465522273, -0.12629799165929562, 0.07619601313615658, -0.2832380658469347, -0.7069201353181653, 81.25086460699976], [-0.5359896609889532, -0.16947437099724597, -0.3080372495515246, 0.14150937998846136, -0.02256310030404461, -0.7376310053896487, -0.15643872776449405, 82.41056660324485], [-0.520383195755275, -0.2654221863503351, 0.1639113990601002, -0.2023282103540824, 0.13929632198061742, -0.12849348543619996, -0.7450065100418514, 73.28098447772079], [-0.5192514597385117, -0.30780349778966587, 0.1582867684297291, -0.19384312141118984, 0.07114721341460027, -0.3136284224542645, -0.6852593364425607, 86.4104846819698], [-0.5185078628415216, -0.3476175164010235, 0.14979583410046307, -0.18781406715341054, 0.01352633758367324, -0.3796604684572634, -0.6389629954938914, 92.24862084655322], [-0.512640065928012, -0.2004138144475736, -0.30985775132723276, 0.2598182646018127, -0.1677798028295177, -0.6964398754167307, -0.14261327707351473, 82.35401566916546], [-0.5087670027532234, -0.33235150733705576, 0.16651366414554372, -0.23278519546140383, 0.06150154788686091, -0.36427359981607665, -0.6421099352849686, 89.38865974360348], [-0.49272461030144055, -0.4903227956934882, -0.34610864999990526, -0.04715268440081997, 0.35674280267686753, -0.430306288340836, -0.28698869686494966, 77.91587920278042], [-0.4874883237930869, -0.14694398494220556, -0.2256469198591056, 0.33333827546774814, -0.30005994555018023, -0.6891314085312257, -0.11744612370440016, 75.41120270940229], [-0.46145004271941753, -0.27171414866959137, -0.36623266042409036, 0.04163943159310275, -0.020997154373062397, -0.7221762239796327, -0.2353629042331359, 95.34616879355855], [-0.45662630510524416, 0.2188183094526644, 0.15221591424490266, 0.13355051955425487, -0.2394722746749365, -0.8008125931445552, -0.06291072591134463, 42.58468530908855], [-0.4543178664135116, 0.16856728649271063, 0.11291987581297154, 0.20871070258828683, -0.3129325149936182, -0.7790677666140404, -0.06321349963596164, 46.48876126860382], [-0.4461611468898192, -0.17802431173969735, -0.289722431039713, 0.37324907489749903, -0.4000917844954666, -0.6211160158766126, 0.011622188991961132, 68.26983135456571], [-0.3865461217033179, -0.32652032545842546, -0.4101201174339684, -0.09179764802312763, -0.013378000113226719, -0.7140812182326994, -0.23927034256733903, 100.61478493815565], [-0.34682041632254285, -0.38690265010681524, -0.40835808131219675, -0.08877414390871687, 0.10615241796863947, -0.6997756381454713, -0.2333034234210604, 92.35518711878518], [-0.33500823269754504, -0.0788478589414664, -0.034410867010659374, 0.2552554229732787, -0.5235405384040457, -0.7144948120804636, -0.17497293675659178, 73.07097087195694], [-0.32418332194734767, 0.33737614465426946, 0.07528382520612266, 0.191673344392385, -0.3305401931765753, -0.7905255698653515, -0.0669976834303198, 34.005575332272066], [-0.29752122081141813, -0.25599209263379813, -0.22394608108360675, -0.16161860946281745, -0.15544479108582804, -0.7873042915232933, -0.35449346819333727, 103.97528596737254], [-0.2870874727905807, 0.09942450149165315, -0.4308607016356316, 0.2639793746302772, -0.22809144003035173, -0.7575697471492789, -0.16257881231812113, 65.04208524043545], [-0.2855354095867115, -0.01669386699801642, 