{"omega": {"vertices": [[12.38819552734638, 98.02294273202055, 7.668800092076433, 37.07892532643885, 72.93698347865424, 39.1946731775484, 39.03625587581271], [50.66210393581091, 3.8325331021887066, 57.7744424375471, 42.7554494392483, 46.06901221364102, 15.684698166022526, 32.00045555142903], [28.55519386072032, 71.15261927825794, 0.3823415899580018, 93.51879299126213, 9.164200115141586, 11.664779858678308, 92.50277997702912], [21.919604832946437, 24.879603978198574, 64.7971644409123, 48.55939771621427, 4.94623547775811, 14.889677308716076, 49.03474123878673], [50.91668376788632, 11.777335651580312, 74.47398350751017, 28.34167563348523, 7.093717170716818, 73.6909686690034, 88.71449556659651], [99.74636647530637, 34.70957303626746, 77.34130773484729, 59.08043949269276, 43.44768026218723, 71.80868771582408, 68.40279744132202], [71.58387851348427, 1.4856329040519478, 88.78749056773802, 78.21217408524, 25.125578555193563, 36.10996292449663, 18.423518137410998], [62.34319180606739, 1.155418555785348, 32.8073028320537, 1.4759410724743405, 96.18059564635018, 68.91344238715014, 66.95563057371554], [31.875486658538332, 12.877118318721692, 16.52954759181927, 40.94050155508482, 25.609365412363537, 39.99751767848648, 55.855730420638984], [82.03158167809546, 74.0524983108804, 94.56649580440111, 6.465321009052394, 66.18270087110464, 94.98982623674226, 58.91822243502543], [36.25635867298607, 25.652318952942565, 7.063313379595215, 5.434922506212936, 2.020424874627369, 78.21810642333914, 79.96452465896601], [57.94833805147507, 88.44208417653036, 11.835116934953472, 51.83361272771406, 94.18222645799491, 28.17274003302821, 46.63054713747494]], "constraints": [[-0.8381220639832028, -0.22147279672752399, 0.06512482190742235, 0.003871608233079658, 0.22250547746715488, 0.05062649949446111, 0.43837568869805255, -3.876462027571616], [-0.7016900627688183, -0.2565099340999071, 0.16734443392796036, 0.02705430303139032, 0.08296457230920132, 0.518096400399389, -0.37120158172496576, 19.682571983244667], [-0.6728246006792913, -0.2670284887060885, 0.170274224382384, 0.47771943514389753, 0.32772520955527784, 0.30478571989301706, 0.13599825259212817, -25.667248747344424], [-0.6649541617780481, -0.33195609578774904, 0.1169907136958752, 0.4880758367986741, 0.41924328128746724, 0.10830282678497785, 0.09078453861375722, -16.584733022220234], [-0.6633986263461781, -0.20966386941250698, 0.21987637029279047, -0.09151937432753177, 0.05444092678951001, 0.5098087827392268, -0.44311747975767213, 23.82253520056048], [-0.6364374890799072, -0.08262277427342693, 0.03674692809014756, 0.4586545477188448, -0.12346405293484974, 0.5732799286050178, -0.18031422542137765, -7.730614654607079], [-0.6032717663586906, -0.262689729335545, 0.09900801562550363, -0.19449371474232216, 0.019013007553458222, 0.3932953334350406, -0.6036424239777288, 46.43752078461728], [-0.5829741312137616, -0.5900587427815457, 0.14613967269796535, -0.19145889594163834, -0.060438152453351476, 0.3250079516923412, -0.38036244648484485, 41.39733465024605], [-0.5329716516460615, -0.1878595543973454, 0.16913959144865745, -0.31507431840111216, -0.012256588858715162, 0.3754020666949884, -0.6416331063798344, 46.6297742071185], [-0.5207170223759454, -0.14004639765756677, 0.3802178436943625, 0.4340481797956174, 0.5381277815206601, -0.07193387266707935, 0.28551946830707975, -46.40695387938343], [-0.5027518426919099, -0.061248528154746025, 0.45922203358177166, 0.4164097483190471, 0.485248500277493, 0.04910433606158291, 0.34832442493321, -57.64423047060788], [-0.499665159837963, -0.06787221950218252, 0.4197840851142052, 0.4630069019346959, 0.4791550796920146, 0.13622435574631175, 0.327089215683514, -60.59978774055443], [-0.48444977398803885, -0.047099132893495196, 0.533171998353728, 0.30336460134942533, 0.5568019339264793, -0.10363462381258155, 0.25694181852351905, -51.29854355904515], [-0.4795346224456896, -0.05080051069563618, 0.4708969311200127, 0.40633831773395895, 0.5038906714594141, 0.00044141937956467626, 0.3559566015077328, -58.42239819833486], [-0.4733516927557463, -0.5715290260595886, 0.13382827612921377, 0.45327647080684236, 0.28335950747023053, -0.027302930201159356, 0.3806377810812839, -25.746933483437964], [-0.47324214809478227, -0.05464908109680768, 0.43905660343483954, 0.45103363837676, 0.5062804147220722, 0.0710844919587569, 0.3398241308480123, -61.84956130786647], [-0.45997669295552185, -0.3847022802066089, -0.15611309069568166, 0.6009337350776233, 0.4926437181388636, 0.06793195068861008, -0.08729469373674667, -12.863705547856625], [-0.45408405908942295, -0.063434371993014, 0.48384223197432236, 0.3993278339098647, 0.49232291600985173, -0.014993152223831937, 0.391932487951224, -60.641368589699425], [-0.4365564417268838, -0.31069338123180124, 0.2900863630294794, -0.4680283661398544, -0.10394114177458122, 0.3118143298939382, -0.5492317445647972, 44.03221386574506], [-0.42953922025843394, -0.05226235455358614, 0.49259867394317686, 0.38752334177335257, 0.5088318505259911, -0.06289207378196006, 0.3963226532917702, -61.03523892240872], [-0.3992865123388146, -0.18079114610343858, -0.06587605047813662, 0.5722687584100795, 0.20746561194541782, 0.6580290172084715, 0.00308042981822645, -39.0891973788027], [-0.3730112948080645, -0.17011404604983774, -0.08990794425227726, 0.5297836536319536, 0.16739501026534098, 0.7146648043881488, -0.0663532598595427, -35.28846394073137], [-0.37175177613032145, -0.14563832140895333, -0.09659918618881558, 0.5632238769995969, 0.13082448442705122, 0.7031222782947093, -0.05041402509608701, -36.39432207749114], [-0.3716389906678194, -0.16515513810644591, -0.10913575054907282, 0.5538865839435825, 0.18248041276965335, 0.6946809144211398, 0.005158211537983206, -39.646369425248686], [-0.3637855368880922, -0.13202506776661974, -0.03882137069076594, 0.44632138563166335, 0.15109196990154766, 0.7762841753736466, -0.15515695999055773, -34.19292224846703], [-0.33995931043035343, 0.3421656006435448, 0.15350715917810795, 0.31224065088887093, -0.4809776741987039, 0.5592591211302632, -0.3196582696514095, -16.444015953122378], [-0.3380325658060424, -0.05232230408691751, 0.5397905752626316, 0.3122726606101596, 0.5243208662052516, -0.20357325283614688, 0.4216086351513613, -61.66511727879414], [-0.33524431902979973, -0.07911362316512087, 0.4990206641138041, 0.35080155793843787, 0.517527019376162, -0.20481654392856358, 0.44663731647960203, -61.46400129266092], [-0.32694201937386186, 0.00011747832506320528, -0.08970589554345422, 0.46155589782791645, 0.24434212539440536, 0.7347387582947109, 0.2692281383304658, -69.51643556066307], [-0.3055533873046335, 0.14874056041972608, 0.014996123823932297, 0.504623928607791, -0.18246613978980267, 0.7467869958012178, -0.19661757518540124, -37.90697600831304], [-0.2918486386017897, -0.11856517903914106, 0.6015628082156826, 0.22627238614729095, 0.4726851431310199, -0.2308928426451275, 0.4592895776991147, -62.041391168362466], [-0.2874012428377322, -0.1886654972315619, 0.4731213424789162, 0.34681518963820296, 0.45629453260134073, -0.23036803013490845, 0.5257443727770615, -61.11098748118324], [-0.13032641043753582, -0.18367001376362743, -0.3270048587705748, 0.6156010595725199, 0.2165935751070276, 0.6230560500503196, -0.16814247618675401, -34.35421407025957], [-0.1275936867904449, 0.20922030652545257, 0.1533820613649301, -0.5740026270814703, 0.05345955065494089, -0.5031849804806074, 0.5752291661991205, -5.4523908285763625], [-0.07656822177032076, 0.11961961468577542, -0.29347114695456944, 0.40607940481710086, 0.26723072033846396, 0.7460479859739598, 0.3174945713197312, -84.7092498510807], [-0.07010224511020738, -0.037634022039634576, -0.251579525667714, -0.5894103721878382, 0.013864141353364553, -0.7272021941114346, 0.23228703257366765, 46.76508181626319], [-0.056315813989964714, -0.1444112274006436, -0.41244106511473905, 0.554156497591594, 0.15738003613646664, 0.6684627594534143, -0.16482091471938828, -33.776347609910815], [-0.030140608378453917, 0.01810987383757439, 0.468458163764856, 