{"omega": {"vertices": [[14.747733859404178, 78.77134820677968, 49.484647696341696, 54.42225177265524, 1.5933220881721222, 35.53750973704136, 3.5732929030519056], [64.08504065755969, 50.085844421769735, 77.50404260977604, 66.46669068416034, 89.77975904635149, 69.65746278360444, 12.30082562348942], [84.78530735062958, 46.30856672090723, 29.14870179778567, 15.422910427422387, 53.992611612373906, 74.9690197936221, 54.16727606972485], [64.80024553453015, 2.6736327983800656, 5.831926785522357, 93.1040005870423, 72.26860825144169, 54.041874236636204, 51.02671708630041], [64.85899749623512, 89.74719848375568, 26.176415244723692, 65.99301716897031, 86.68548470084204, 11.025348037469474, 4.27839074495453], [20.23226438949164, 57.607805646489155, 54.15286525625811, 10.434087012186488, 96.1057431151691, 17.953071182426715, 24.89249723986735], [78.10773386205648, 71.09095975187257, 83.10586856382835, 65.25825857148531, 27.67700148611667, 23.637600453364538, 13.079620386788072], [35.601665592206885, 2.6259160443054985, 25.03922853316196, 45.82568209381199, 58.65209334744386, 84.25478046014099, 64.94081543757963], [42.27272769184037, 75.4220789510326, 83.98448190593167, 65.21630747384472, 43.643118580641925, 27.367432482451115, 13.420679147339188], [42.826028661409445, 24.693853938968356, 40.65424252512656, 77.75827000772668, 70.36571339722036, 44.28503909474849, 97.64805209619513]], "constraints": [[-0.7340637254735278, -0.37945073754357816, 0.24716515103072448, 0.42050586627430075, 0.18345496118919197, -0.029018236062819537, -0.21155143217972655, 7.094734321688909], [-0.7224330412472845, 0.022341653578846262, 0.01947086009938957, 0.5733910041988621, 0.34787852030135274, -0.011862861229882312, -0.16515084310034422, -22.816943845415924], [-0.7145775201501368, 0.21695799968304336, -0.1919152687186588, 0.42084745292292974, 0.36827738419771044, 0.29357256874911575, -0.0809386201826947, -30.688686745137716], [-0.3823813046893687, 0.47423168199699695, 0.38853926146300244, -0.1925037000302801, 0.02707082468018358, 0.5276848963474365, 0.40209978613364333, -60.699414875434265], [-0.37357426004565497, 0.6593326409370557, -0.15738186205253762, 0.03638665396052252, 0.23834605960066835, 0.5327333179345348, 0.2429322324683132, -60.79925046194824], [-0.2531911681613222, 0.7751858005925512, 0.05424867421702693, -0.0031442616034743163, 0.18108378651072757, 0.415289085324931, 0.3560506140457757, -76.16093123740829], [-0.23621871027511374, -0.7378701074864963, 0.3162378662438356, 0.0006799710461531465, -0.23210268936925296, -0.48361337529555115, -0.1094898160084081, 63.868257442875496], [-0.22337389672501953, 0.12621040805017594, -0.810225461318486, -0.2657174176432713, -0.16482726780834936, -0.3192909472242838, 0.2792655613593996, 58.51868691550346], [-0.1904030766499212, -0.3625874024249263, 0.0002858222913129411, 0.21984637140821459, -0.12301366453256132, -0.8761319899336135, -0.0347118112821111, 50.846419021730874], [-0.17135868071554186, -0.14691303201197128, 0.6144136155884413, -0.4905436163962462, -0.3830189611521736, -0.025617246143166923, 0.42843420155125356, 10.381861521589641], [-0.16287765013912214, -0.7604792177966367, 0.2969638722242907, -0.027086762886043395, -0.11539500648440286, -0.2125805964837844, -0.49770923110943704, 58.601926832356924], [-0.16034557485519946, -0.3145915542547079, 0.4537237426505512, 0.6257349950809326, -0.38260161748339294, 0.36266761826018834, 0.0003645089550064065, -41.64073117956294], [-0.11634237958464302, -0.7693111998347685, 0.5201297650476002, 0.03849607206363382, -0.0025990504451625816, -0.32306676066828055, -0.13501452350269127, 27.514684296289133], [-0.11287622295913838, -0.314717082577893, 0.6570041663889059, -0.5406671860760311, -0.26655510915066233, 0.27354654713852256, -0.1354890984790078, 14.555750705371846], [-0.09929670514599918, 0.5797180342966567, -0.3006558977735817, 0.3784902931469834, 0.029276409314311067, 0.6273999648041305, 0.16102940789581827, -72.8394969570069], [-0.09077549381771619, -0.5522778491065777, 0.06983231008271332, 0.11579428128987522, 0.03715980860576509, -0.3370164494717254, -0.7439779441672246, 49.66095970890984], [-0.03803943937684198, 0.2769307110972431, 0.48275718825710173, 0.12469699475690671, -0.3447575230603712, 0.6419268823778645, 0.3772673680053405, -75.5398304376974], [-0.02972675485729726, -0.21385402306325904, 0.8059789581153525, -0.3959306353311896, -0.09248977451698544, 0.13253394368091775, 0.3477068065612539, -28.739678194392617], [-0.019377899371527615, 0.2526242980584892, -0.3356171946929913, -0.0338388969114294, 0.7856688050814513, 0.3924217274299566, 0.2252802816302401, -83.79361031359129], [0.017051854115277782, 0.728099976059203, 0.061123875171590215, -0.23437055658455613, -0.12403953977859701, -0.22153500099109044, 0.5886003815250752, -41.907417312653074], [0.02276004997196821, -0.33227261260941354, -0.3659011935346067, -0.27513731703611544, 0.032448777238924364, 0.20550013051319896, -0.7976273801681228, 54.413478515592104], [0.05333558673367151, 0.5178677249967202, -0.04671974284752033, 0.7470741127237832, -0.10626152672698982, 0.3730040859862633, 0.13506409625037918, -93.49421444599099], [0.060456378067623634, -0.4078369858335475, 0.399835281319962, 0.34236437739477454, 0.3756520281011735, -0.6363824482233347, -0.08267607644764356, -25.572345343781475], [0.10533380122681486, 0.7344916051172348, -0.010456079846183741, 0.3579660244881626, -0.07678745659714166, 0.46560591007653696, 0.3138354521862536, -95.91978393811809], [0.10803682279805041, -0.5078372558247074, -0.12953074500409342, -0.3597006983143291, -0.4244471057614657, -0.6240340858742536, 0.12121334218971784, 86.8149998266075], [0.14189870881203467, 0.6903032967868602, 0.21858451011817664, -0.48076128105585847, 0.04919922437576159, 0.32538840841597094, -0.340789285990538, -51.54541575320361], [0.16469544882557227, -0.5984467022648869, -0.05467795532647796, -0.31781908431817885, -0.13937681572445104, -0.045030024697572335, -0.699488888148442, 69.03552428118404], [0.17529108926500261, 0.30236536653497226, 0.038665488951557185, 0.5011801413877351, -0.3611237951949582, 0.6737187473754719, 0.20214924923427846, -79.68081234531566], [0.18778074645816525, -0.21477133596446496, -0.3507490348275876, -0.2865054232751023, -0.35555364990718213, -0.7428817311802681, 0.1876426311513779, 73.39362607240372], [0.19655734768386487, 0.5852566528272003, -0.15638228795201434, 0.5157527389419813, -0.15847922529147845, 0.5117525714807956, 0.2034138451913494, -87.99089481900769], [0.2208751958505821, -0.481754424768577, -0.16943636856557648, -0.2923076784862483, -0.08616094280507396, -0.06230331051081354, -0.7704991561406727, 64.08818382181023], [0.23103718302962908, 0.6505099384649462, 0.3929224375807664, -0.12097370058443, 0.30594850800470125, 0.014089947628436317, 0.5105222283643368, -104.5290208873939], [0.3826777346219717, -0.7012943438245614, 0.42741443342394064, -0.2729657002220319, 0.11508821594108855, -0.2988479790232308, 0.044667788535917075, 5.552730523326322], [0.650599787461255, -0.3174865760845741, 0.24086121057467735, -0.15118955270048526, 0.4049834910666916, -0.4573947993236553, 0.14774354967747239, -40.7265055448782]]}, "solution": {"min": {"arg": [46.91016033367625, 43.71393303734658, 37.11466999394967, 60.156482245410935, 61.75043778282998, 48.389875989555684, 34.102481348821804], "value": 7.262880595572312, "pred": 1.8652003899526584}}, "policies": {"policy0": {"pos": [44.99251762061882, 67.3817978396462, 60.29535873029417, 55.47999816538898, 52.73778412254242, 36.592272680639994, 12.46349111337505], "value": 32.68165134285193, "pred": 10.250268021914172}, "policy1": {"pos": [46.77867954051868, 56.46083651886596, 48.456504163122446, 67.55948497329362, 64.9699488319576, 39.12928235720022, 20.91945520053891], "value": 10.078692456779756, "pred": 12.733215278046051}, "policy2": {"pos": [37.51379384953269, 26.639936857474602, 35.838785281579895, 49.748380659074755, 53.925138266375654, 61.22783185980131, 51.0107847228086],