{"omega": {"vertices": [[50.43679331781923, 17.190754590726986, 26.674626791043842, 86.34025513049849, 95.2545311719645, 70.07356880366315, 14.654534944001085], [89.72591047167931, 38.90142995970245, 20.611358696073978, 93.89081042370258, 91.46769010940645, 58.24233734935711, 27.23342069938286], [20.0111280540078, 59.675705380636415, 55.421884432273885, 49.48657079016573, 38.7962133735276, 4.846953186480452, 76.15142047175856], [1.170632242662506, 93.66785068052067, 35.25091476610385, 54.19263652222891, 78.81691601061799, 58.305062629528706, 8.813875975441189], [83.06778560369193, 87.68883681039583, 70.97028949672831, 33.77530949646068, 6.57415613187916, 59.837512059625844, 22.82686022152085], [58.579882171915756, 95.04033447691104, 75.69742579630302, 14.252169240047863, 62.6685087797998, 67.69281997420083, 49.86583805327584], [88.44080012023949, 26.302038364367554, 48.31993719509614, 15.786523003104424, 79.50427231258868, 44.26563072392176, 90.6299147910858], [26.695497767429146, 55.579927952881725, 21.228230374127712, 15.000128406372315, 76.88947063732488, 90.67133371527417, 16.982197364258056], [62.18620498683498, 52.30303908403646, 51.97234610483268, 67.86241613683978, 11.969262389517322, 17.376416032606556, 27.408234531264675], [62.40218454513968, 24.939314154579584, 61.483489731728284, 28.604239614893878, 49.623744010049776, 91.12833537838459, 32.19826449751412], [35.05239246192331, 26.34394543673315, 70.2657461738395, 44.57574532645613, 38.61163525303205, 36.48642804172587, 96.04610337070395]], "constraints": [[-0.6523653163988888, -0.18787190827642736, 0.15394729549604985, -0.18905316997890534, -0.6357478767407038, 0.15120584798085662, -0.22944323465033264, 66.49364923904866], [-0.6341231404034032, -0.5685408588374564, 0.15289395393280356, -0.09445622088169053, -0.2429886145612284, -0.1284973404559833, -0.4084061244817346, 83.96880480971879], [-0.6024865247895036, -0.09044657094038577, 0.4755749688509141, -0.4745139789429234, -0.3502853357196197, 0.03760042145745866, -0.23104270152596068, 45.58043362028309], [-0.33990688215436804, -0.3001976335255339, 0.6042830912756268, -0.2717375299066829, 0.5757911794195438, -0.08579280405509937, -0.12825546851252315, -17.30808791173346], [-0.32593066271920274, -0.1594239152497788, 0.8297268230170267, -0.06477066886755035, -0.005528571786970096, -0.17202914821040433, -0.3822130100171547, 3.4105975342848396], [-0.3032358384316973, 0.08637306511922223, -0.6231794544746369, 0.20031291034054047, 0.2512226111128884, 0.17292288915119178, 0.6157066667312933, -31.932874143843367], [-0.29061744000190476, -0.3864540632808778, 0.4893065481257061, -0.3654857670444923, 0.4084382538718215, -0.3506879647033994, -0.32154340418669536, 30.18574542457199], [-0.2889923023644337, -0.3182582280997996, 0.5376839204743689, -0.4221344376650132, 0.3911038629655149, -0.3265418162981083, -0.29715631947448046, 24.9041356634839], [-0.2609545678012486, 0.03717810114692161, -0.3329434082045886, 0.4354765994289997, -0.5357025313429747, 0.5496677647307295, 0.20228066380722817, -6.6488450696633], [-0.2479463952591648, -0.21126476175702488, 0.43757561713208415, -0.5381510579155542, -0.003012061435920885, -0.3856322204812183, -0.5138964114354275, 61.0689854904289], [-0.23934214231115636, 0.05199919016930414, -0.6299904582159034, 0.37620428823525326, -0.4486515513667067, 0.32935112387917226, 0.30304026442329235, 10.717301375152154], [-0.21283986206502947, -0.6808683446217489, -0.0649243012696413, -0.42366704274861133, -0.017517068105632628, -0.4381610523157839, -0.3392883831786483, 98.09515504492005], [-0.20993372412170475, -0.307961462029485, 0.6108834174964437, -0.28028597191949156, 0.4280800840205577, -0.34953441091376003, -0.32236924606138984, 12.228076187848199], [-0.1879284706532297, 0.10410328870373547, -0.4279354947494255, 0.43514593622701864, -0.49203636318523936, 0.5135860260828286, 0.27476213864645177, -11.61332019771099], [-0.18130002484328123, 0.2221125297099381, -0.08907343140782142, 0.27876792528284233, 0.35868939871058936, 0.569220061439921, 0.6160203971423199, -99.44854744595835], [-0.1779262172408599, -0.22396311804467978, 0.16888538657364424, -0.85564919743245, -0.24890318609960022, -0.26851414354781217, -0.15320678435823523, 72.53375042498519], [-0.17737734619378998, -0.072565400589301, 0.881709913014175, 0.3306305509040147, 0.0972581808795037, 0.003049157592061963, -0.2589867886321517, -47.55482727665015], [-0.16926110562947977, -0.21600429169513055, 0.8001804237834037, 0.0042935593149538865, 0.24813488965208705, -0.2826888525161988, -0.3780235019585604, -7.752154211427079], [-0.16714279919203512, 0.1521031709696253, -0.28723283640529707, 0.4542866114412132, -0.3964551234501049, 0.6313648047076341, 0.3228787711846617, -36.95549109108997], [-0.14264633090664167, 0.22615318275940607, -0.053878569688946734, 0.41251369193294585, -0.04555877284105203, 0.7359620455295127, 0.4601310483547274, -84.8472810365585], [-0.13512745284847885, 0.022499599606692077, -0.4565244956032429, 0.38749207358793486, -0.525624732302979, 0.5249582542761758, 0.26609601534724187, -5.467007895316823], [-0.12376013605070664, 0.14147399605708938, 0.5107518749141553, 0.30306432223257235, 0.7152241943493193, -0.15449459055492223, 0.2766565548335516, -97.3373780377267], [-0.121203935380263, 0.23591272196789478, 0.22167779910216762, 0.5815650246480764, -0.1387159351944459, 0.6560283161874607, 0.30443489753428826, -91.28630085467509], [-0.1177795663701102, 0.22393722969811652, -0.5837151953498748, 0.32715926712813603, -0.4523612299983117, 0.37808970060362374, 0.37502129465207307, -7.687188865898778], [-0.10365605451452181, -0.33852655338353554, -0.16121047581863626, -0.7490525416214836, -0.4456687760422109, -0.26706321195733557, -0.13282789719610874, 96.97845229550013], [-0.09989943337707048, -0.32951138769657407, 0.3647881316970246, -0.40627890589222626, 0.2869271192462494, -0.49917106803200106, -0.5018072252071187, 51.05213506576713], [-0.0938599893488129, 0.2778731798879075, -0.16741156955617406, 0.40446699545186626, -0.22800269011159305, 0.6957455477992541, 0.431635865385042, -68.33503373849781], [-0.07922040318763401, -0.2652727226267546, 0.39306796065256855, -0.4581802097855679, 0.25959585678531, -0.492928917925183, -0.49855196021204284, 48.58813385840757], [-0.07366264756851464, -0.2493877302022413, 0.27931823406203443, -0.6739418997020551, 0.01367078055283512, -0.46630511063112967, -0.42724216538467824, 68.49207432844545], [-0.068143603426069, 0.1720666590805772, 0.7406750595611225, 0.6336594877035774, 0.09657545690778023, 0.07927187409613533, -0.003843830468020117, -88.68634693521066], [-0.06776266527528726, -0.32627111867912845, -0.8514262095882364, -0.009604233409811033, -0.33646264788147967, -0.05313631016257256, 0.2188743149854918, 65.13282798790306], [-0.0662959307025205, 0.12365518317941228, -0.028498618685350908, 0.2711782406842569, 0.19759363896996643, 0.7366331059992907, 0.5694671691520197, -100.22085683102324], [-0.06276606989434061, -0.27299753960092493, 0.5011704577536059, -0.3270265275077244, 0.3299737687348084, -0.47736209190542517, -0.4760854246684775, 31.72155114561707], [-0.05793591976706092, 0.14414486403157323, 0.7775206173513678, 0.5696527490058956, 0.20059392348523764, -0.0702303876484199, -0.04065578715496023, -83.07028753026357], [-0.053432809179841174, 0.28970543551627526, 0.6476875562730269, 0.6884345536284293, 0.06314218145890861, 0.0671996017326399, 0.10616811575308491, -97.0436992866756], [-0.023899174036929944, 0.4197411696227329, -0.5335383061357513, 0.18924695497135238, -0.1079925301556956, 0.3513362926359256, 0.606357212236625, -48.05375777922331], [-0.019242393375339766, -0.2940525464388118, 0.5911257799925598, -0.5026189505876956, 0.02878931059772804, -0.4458309116847846, -0.333936081832994, 36.518151040211094], [-0.013795910472689694, -0.2803594923615213, 0.7034125782599266, -0.13665768128330483, 0.33002581935948905, -0.4126459428080516, -0.3585386105137979, 1.284539541572256], [-0.004283922941786809, 