{"omega": {"vertices": [[36.14204218738609, 83.93420913016753, 22.00844720940679, 97.16594931295062, 48.56160159781292, 59.970706605072245, 12.745276239291513], [75.7668576234393, 63.95282731746739, 19.91532067499875, 96.23804926844815, 86.01704020891134, 8.294910770575559, 34.23305479342097], [44.51081999892224, 19.57692872146395, 5.879420900801846, 90.47172621955673, 33.236067253027, 17.44908360440286, 61.53114055693014], [4.7980466296658975, 34.81598880719156, 88.96972218138838, 9.373239878490413, 55.641516227047205, 83.62217012283494, 12.064167947521076], [57.82336270813096, 94.9164696665326, 22.26021790545746, 59.238047696493965, 21.073079682886707, 13.426765087922742, 62.99136433860117], [49.18516268979718, 21.215219614784885, 66.9143210846729, 46.41758855360463, 50.566283779708876, 16.38521754668787, 20.551905765971533], [75.48974712849581, 99.08749144193824, 72.46067782058002, 95.80099620010698, 82.70034417119584, 73.71020083676098, 92.73988291489965], [3.5191539941945793, 31.606870933329446, 31.828392163000842, 89.38492669939458, 17.492670576853264, 98.94599030240738, 27.821293131482093], [92.64645839185826, 16.80438418088016, 30.89891226429363, 93.70771278963367, 27.529735295524603, 25.81695172607319, 3.0687734991079574], [69.7817571566359, 53.12616587959516, 19.812968203682104, 45.1153338864847, 46.70201906936913, 7.917966852224123, 70.720101418822]], "constraints": [[-0.7349829848418283, 0.18027521268538238, 0.2938077195739136, 0.27433129443476867, 0.1740608742743098, -0.4609024117289318, 0.15163114259964788, -4.433996015141513], [-0.7189752143875564, 0.05968721071681213, 0.33570264701254915, 0.39366115974157706, 0.2308726250200177, -0.3841416820604426, 0.10478406936666822, -14.173118811375378], [-0.7174534156904301, 0.16528730986273854, 0.37173136802475304, 0.3337198442550112, 0.04212461221882388, -0.4295580234327659, 0.1486370702055171, -6.729624638135686], [-0.7129465461329907, 0.21423715452482356, -0.30064131770247743, -0.09640830220791742, 0.47379860682164315, -0.13922660778472046, 0.31978232157560077, 5.035155631737307], [-0.6853241725790062, 0.20805098612810963, -0.38891917094844847, -0.1421788180371083, 0.4302319098324467, -0.02121856985252978, 0.3605868881084044, 5.464829577333383], [-0.6849696765500437, 0.11524379039603687, 0.19530273367089052, 0.03712392960052777, 0.33805029547053644, -0.5025337831172663, 0.3334604348523323, 0.7406002915347516], [-0.5440010798679572, 0.0760021113181378, -0.4870229918756046, -0.3254664216820981, 0.16182528972228735, -0.4510098383032481, -0.3543577560596682, 79.33027744100895], [-0.5375273161453816, 0.09880440971071948, -0.5024367254332683, -0.17503137050488332, 0.5622566709289089, 0.10598680205865842, 0.30142604910600446, 1.6972602505693706], [-0.3954576237689734, -0.32171324436946797, -0.5083235141267145, -0.08320785769840706, 0.3148067734668161, -0.17307808774747444, -0.58799505484695, 63.1540280719979], [-0.3603617334743501, -0.02459935912219597, -0.5122119971820553, -0.3503516755670233, -0.3021222900921295, -0.3043277953015897, -0.5482094314991751, 100.31355642735375], [-0.3275908963542372, -0.0325643962392163, 0.5152599407753543, 0.7026543857167734, -0.07985401846580877, -0.3512877141323747, -0.05126451036612257, -39.44288897756803], [-0.28464323512802, 0.10402508982599003, 0.5387622173074318, 0.5942004227328328, -0.33929206388094457, -0.3869049352888931, 0.0018991169416382064, -28.38172018719508], [-0.26746920424199555, 0.12742427472018028, 0.5076111725169029, 0.6131953438731576, -0.2416564982886112, -0.4688300268099114, -0.018606170449320388, -31.693378493031247], [-0.2572705001781356, 0.018035745121630083, -0.5923710779782685, -0.34083558292560157, -0.020459174567595495, -0.41449885707472656, -0.5423894658659837, 86.7034690426955], [-0.25562806091196744, -0.027291349664634916, -0.618255146790117, -0.4411395036470151, -0.12547998784497325, -0.2600484815986815, -0.5231591998293749, 96.35678131356359], [-0.20349718451669715, -0.10424290201928595, -0.6707735939056001, -0.41972103839751296, 0.1318137491873206, -0.19934319804365594, -0.5143022203303845, 83.75821727872221], [-0.19358945376800807, -0.1826471690181834, 0.5440452278028488, 0.617490033360675, 0.35542675728627604, -0.000665645070175713, -0.35433791917635565, -62.349570789256234], [-0.18499591353335829, -0.042014722329828565, -0.6876574019159418, -0.4748397718752564, -0.19106050324715831, -0.10438119179956046, -0.4671896987484024, 92.97761107098857], [-0.07562869673315555, 0.275256215785528, 0.6945003705691676, 0.32437689489765154, -0.5202293638529584, -0.14083641612588613, -0.201220511170419, -30.899459405131946], [0.01752274956892331, 0.1668491769932749, -0.49264173586419996, -0.5288815648568099, 0.06309271423259312, -0.23556623300457435, -0.6244762406227561, 66.61620967614253], [0.022446870683226035, -0.20360226781363125, -0.7634427859027556, -0.39785044958740273, 0.2742719122940521, 0.2002763396071113, -0.3187109864343535, 50.46988907431819], [0.02559399900901913, -0.6975108865130015, 0.10808244004298478, 0.2726243202019244, 0.6012414490901272, 0.23884253757198326, 0.09099801504179157, -42.53404028791881], [0.08011786774614713, -0.3301765418502454, 0.07898115894087272, -0.38252605090722214, -0.8376079744910364, -0.032119085718161466, 0.17141067875415072, 54.89330832470395], [0.10203470483024883, -0.2673112401455545, 0.4748187562494056, -0.0840881560111643, -0.63651920983135, 0.03410963062843934, 0.528478740583313, -6.450260175136622], [0.1907605786676313, -0.06369410971770569, 0.5040017693493135, 0.3634150858682795, -0.18297203729421388, -0.6619855500525922, 0.31900081341548875, -45.08217516686503], [0.22546054395730827, -0.2758298790832625, 0.4484812560845495, -0.06093084661301903, -0.6697355127928052, 0.07266151910403808, 0.46304650127269603, -9.260104735374364], [0.2627998231907517, -0.25761681677973636, 0.44052531007748064, -0.12085292849216138, -0.6725408379633182, 0.12018008611638895, 0.4349108157678406, -8.227737340408265], [0.289695234356455, -0.416366710916302, 0.38924277114310396, -0.1258910301434685, -0.5432993159079021, 0.18217431896730168, 0.4969862349371038, -11.344106477865326], [0.32311890571090884, -0.43543698165280575, -0.4301269380174749, -0.2186295980161952, 0.4598632771331929, 0.49803357535070514, 0.1169147040024507, -14.717245638486801], [0.33309518845494174, -0.6335649725999568, -0.13959988290491052, -0.17576454530717375, 0.5552082975213968, 0.28301695248190817, 0.22114897512700774, -22.699470829124117], [0.3992949281226926, 0.5537296619300666, 0.42763300977389923, -0.16120149728192684, 0.0054311720402704395, -0.1474338353995781, -0.5507493755327627, -39.059019586613786], [0.4046498094414393, -0.09046485411881063, -0.5414984589710662, -0.3278750870875425, 0.3137261380362049, 0.568266623203697, -0.0774657560030352, -11.583012358639095], [0.4263964376783246, -0.05324224309421989, -0.7160395698169452, -0.06973088328004148, 0.13422729748485523, 0.5185125408252457, 0.10442249506567008, -27.352355476293337], [0.469193330464667, 0.06750007508332875, -0.6991413783388327, -0.010660940673443356, -0.12563826025028915, 0.49295152761083344, 0.16614106938707093, -31.779244141038138], [0.49984537838673854, 0.11007508174938722, -0.7410228269043093, 0.06524930367417729, -0.04964845053765331, 0.3978647039171336, 0.15461074088240684, -40.75552220529629], [0.5150474023929628, 0.14970392968955507, -0.40250197401970866, -0.42386326570223576, -0.11462849599062827, 0.591446446935989, -0.0877405717781723, -9.921266013272191], [0.5981901872537274, 0.3377108184775575, -0.24439864463467448, -0.4896631624952115, 0.1452965130280722, 0.31546907010628356, -0.32861433605466894, -18.794338687829793], [0.6654394414802761, 0.36769554271627636, 0.17795527585337348, -0.5026615411581216, 0.12862489453166065, -0.023934059276416095, -0.3471835677833348, -28.082542928910954]]}, "solution": {"min": {"arg": [26.007227982831715, 39.44186153622474, 26.697194581275056, 85.31061835605811, 29.66559390280132, 63.607880976097654, 36.4524161212272],