{"omega": {"vertices": [[9.869894346369945, 55.70293841536974, 14.127681956697813, 24.53602143014364, 7.508002457481677], [5.727335668387889, 49.146840804883084, 99.85741135069, 60.79630647211391, 36.10276223279235], [93.27729715549872, 35.42303167524624, 97.526711919193, 10.034623591986003, 77.29720889532572], [61.00806980804998, 74.50342772553397, 84.98676295477992, 82.10327826413929, 37.68622735160054], [44.68405428313744, 15.980596729242102, 3.4465893947912773, 59.11218759442297, 70.20960474169985], [23.06416948272785, 97.22343239452285, 21.447735367144915, 21.448383827397688, 97.45117531618995], [45.877544394137914, 83.54864452489264, 32.53357680463053, 85.71025097179616, 34.36762276136201], [39.53262507987505, 93.19704612517327, 9.872796441367704, 76.28278363862697, 79.04813065850358], [59.03964589994571, 67.13986681201754, 52.659436398309204, 7.2101385750050095, 51.15225048373612], [26.80038488294656, 84.40454139871363, 57.81289769904209, 58.816551657225716, 43.910068904944744], [32.93057127513359, 26.77499683204365, 61.40624767681432, 64.91850003202792, 1.500239393521119], [40.76304107631643, 47.754026854465636, 19.218566536370485, 32.57429729762141, 38.71604022225685], [45.969103266299136, 8.377437662300713, 12.73757549924779, 85.75658166216891, 10.060612704430948]], "constraints": [[-0.8929235329091588, -0.12670972545351894, -0.2446335933735224, 0.28073714240858977, 0.21902801582888332, 10.794635142396775], [-0.8626215599876387, 0.4243314562677365, -0.09816172613514232, 0.251819419131606, -0.05270782803896104, -19.518643832943674], [-0.8619995722898687, -0.13765614390844666, -0.26121966102056, 0.3904541463664188, 0.13159548509700242, 9.297914175244765], [-0.7980293640494656, 0.39433914915252966, -0.12070560712581713, 0.40321642714562766, -0.17462084311091527, -20.966366581906776], [-0.7933909199492102, 0.09865137552652943, -0.21789318296039567, 0.5445456048630425, -0.12958163177163787, -6.974244771704992], [-0.6659226659091501, 0.17551294886175373, -0.09342952960186941, 0.5457428621120294, -0.46816435069582785, -11.759437411189886], [-0.5880669242030158, -0.7695962502573375, 0.024055537713269733, -0.24674823643835342, -0.02086967101173977, 54.5439915154966], [-0.5510920976524951, -0.5270390679863888, 0.07419011622547578, -0.5691062168641001, 0.29856533841371063, 45.47068419760177], [-0.5306685117754699, -0.19152015921301718, 0.2490383930064954, -0.7781153390749265, 0.11927848561280019, 30.58385403827117], [-0.43971111163704035, 0.600103009592725, 0.2675820680887249, 0.608069804114989, 0.0719824029995664, -93.26200833657524], [-0.3998910159992945, 0.8430382227967822, -0.16797272985877368, 0.04067892025024057, -0.3154427328339663, -39.26951286913612], [-0.3948683173129364, -0.7796314569961238, 0.11881064647362287, -0.47128336452908887, 0.005461121424493091, 57.16896920057885], [-0.33700847283582436, 0.651268370439898, 0.34589807075831813, -0.5045889678227446, -0.2966804629541281, -23.229978470020335], [-0.33539472197651854, 0.6567126337864118, 0.4338148613460941, 0.36406408305835847, 0.3681044778289907, -109.0974021815619], [-0.3016222485779343, 0.07816238899644946, 0.18341282413539273, 0.8465758665109195, -0.390619633778339, -57.795310523491224], [-0.2824363180813883, -0.104526379351941, 0.11183446902890824, 0.917917497588747, 0.23286150692125554, -68.62568876955851], [-0.2475217093223169, -0.922622476632485, 0.256251781822695, -0.10422886628048765, 0.10474796787182149, 23.7280194289346], [-0.23457604615055216, 0.5769723417210799, 0.22296727092205332, 0.13244220979408652, -0.7381203510429031, -30.68162020512142], [-0.22940328084077405, 0.5471079911262319, 0.2191074228888472, 0.15344000146409054, -0.7592727335885412, -29.371002191060004], [-0.20133087144078993, -0.8247273142886464, 0.01609611702338705, -0.5132507282659525, -0.12492134414249291, 61.23048903161674], [-0.19607064267493557, -0.2164213498291657, 0.2823420143919467, 0.3812957552186366, 0.8304303922548276, -69.59675925382012], [-0.18265916946323976, -0.4430548742132383, -0.25344556080286584, -0.8098523662731503, 0.22414838566893844, 48.25053173697467], [-0.17444056065084299, -0.258895100595998, 0.15370999311602057, 0.8365054664931812, 0.42329146014360575, -67.7645597193675], [-0.10564890923741938, 0.11508442291454386, 0.4572789350655393, 0.3983549895285544, 0.779617317305357, -103.07849043406264], [-0.061760997721348146, 0.726750801090193, 0.5916948164103963, -0.34302369633149726, -0.015837937472107842, -73.02252557701983], [-0.05525376583634199, 0.7326393731996697, 0.6041763195741672, -0.3080563255981384, 0.016088670650035407, -77.87409571959202], [-0.04514261021403973, -0.23715555915302083, 0.310824912630372, 0.5622312126810273, 0.7273261460180187, -79.56424179496952], [-0.042495202100670634, 0.7270609409132864, 0.5953539689578935, -0.33593369215353297, -0.04773627675980459, -72.79293105706861], [-0.023182760750274096, 0.7489515422875865, 0.5768354156381185, -0.324873339065221, -0.01588596044481686, -76.13664827241927], [-0.0204961031129402, 0.5965258705627544, 0.39197351247470924, -0.3375789287856067, -0.6132976666063005, -25.67614235949086], [-0.01796604655244561, 0.06044725033546826, 0.4714827630232169, -0.5948393403614852, -0.6479919092307117, 9.609390643956779], [0.0822723657946909, 0.4135408234753217, 0.42529959984466115, -0.3554342535315929, -0.7176363890817604, -15.746997828760433], [0.09626104010330185, -0.5506086889316574, 0.3606930320488389, 0.6271343871687781, 0.4051751237342295, -62.26390973671221], [0.11276881069488248, -0.24785665215609373, -0.5522417466486799, -0.7793639682035749, 0.11606521287977382, 38.746296465825395], [0.12408873384883864, 0.8584147819350195, -0.05684923334451931, -0.2627631713748988, -0.4188671970020937, -38.64580178910165], [0.13885721680789187, 0.9736316824539768, 0.1365828829852349, 0.019290384193947702, -0.11718795763770423, -89.78547732820749], [0.16413614452486633, 0.3059479504984956, 0.5145894425289949, -0.3798322751694955, -0.6858427852092235, -19.50878923938922], [0.18788033028887444, 0.7511124430179815, 0.09673667355589302, -0.22544039426865123, -0.583394998311983, -35.14865269770283], [0.19343773664576183, -0.4637370041903886, -0.3996886056996272, -0.7652063674620682, -0.0473082091743343, 48.69928724636264], [0.213436482447075, -0.6141559189361252, 0.5293208727692397, 0.5434713705305781, 0.04142050531763627, -58.4316579867897], [0.2697099027108274, 0.9038731049569065, 0.0825992291015, -0.17958800785048482, -0.2668248363691229, -66.01558059670096], [0.329515210179338, 0.16784366407228787, -0.8790818591402685, -0.29380415187438697, -0.06436175854587138, 7.509736534601111], [0.33879334801758093, -0.5478778043364518, -0.36648024234077026, -0.6209809119628055, -0.25519388277582145, 49.504462613763536], [0.3731836481263728, 0.708871875709207, -0.3995132359838439, -0.26469479235064813, -0.35855330116423006, -28.338757516504746], [0.42558180052432815, 0.15476833740854457, -0.8558197086148128, -0.14216521771023213, -0.20564184889784728, 4.301378416598945], [0.4801819283805623, 0.8568988675560594, 0.009372781049986767, -0.1258474287574099, -0.1386514409892859, -78.37570158573713], [0.5025165230893865, 0.3789683713220633, -0.6710188429779247, -0.33370873323812855, -0.20550501524008497, -6.8586792491756405], [0.5255577637811409, -0.3352366763764719, -0.36904831257322607, -0.5607076437518926, -0.4010183150012952, 35.468646781694744], [0.5678691016450561, 0.2917862181030962, -0.6770940564272285, -0.1101109617101639, -0.3490053025157545, -6.970370704104116], [0.5750284593731634, -0.12203148087824715, -0.09579411986445935, -0.4066962552161406, -0.6927281076859444, 17.655103151110332], [0.5923780656190977, 0.3937099311924064, -0.5810336416151568, -0.20435806595811104, -0.3387010564541192, -12.011748226636614], [0.5961483082618, 0.29403212472314133, -0.08469587981159243, -0.13911866966310235, -0.7291261261822249, -12.178118292506536], [0.6198748385458972, 0.26349463809158913, -0.11731931340473645, -0.13458221627885403, -0.7172513966514065, 