{"omega": {"vertices": [[48.70596406124579, 48.696632505037506, 15.997808198334319, 54.74509309953708, 52.806844644995735, 84.97722978765233, 74.77951355629753], [74.50750494654734, 92.20400135210679, 6.080803008965963, 75.68912083546641, 71.12959668316195, 14.65288502368971, 2.444323719815855], [70.19453964294924, 30.922418603155943, 7.35601503157196, 58.546187125709636, 56.40411562841909, 61.68064405488366, 72.11096983158185], [21.67623525964717, 0.4813512556415267, 1.8225037409222655, 76.66999496275876, 14.125867243258906, 56.17955456904301, 73.83305432926697], [82.85906925106421, 66.34447251758944, 62.949101948957576, 98.34665191968304, 2.5076299202952845, 68.03481639801532, 73.37521084489735], [43.150050947488694, 68.50473008128527, 91.20050538161269, 7.761469706859591, 81.66100060985573, 60.547840060045246, 5.83544724578643], [42.16925586892006, 86.72331319761857, 63.97415653692339, 89.10882282454793, 89.44214041757564, 39.05349157971926, 61.029659505095054], [7.181915235111102, 34.464436093733234, 96.33910277468864, 82.79701594977365, 33.90725525142669, 15.117627504963494, 91.55656634477396], [15.686109096728773, 5.392579366401362, 82.27962183287481, 81.0616141556267, 54.70349215222813, 78.14694141418605, 16.14257577092215], [53.03590468123861, 86.90389707717574, 59.01685646383827, 69.806524735516, 11.29823474427738, 55.83027430152626, 78.5730812261555], [56.11626371591636, 15.217892174855386, 64.1041530617941, 68.94464835424198, 85.33791279079225, 20.86361715699605, 39.557538011310555]], "constraints": [[-0.8619797239802174, 0.4134551371255948, -0.1560450081899494, -0.0552174019747381, -0.05716134967974893, 0.2300087664696486, -0.049752853380513724, 14.562437395533566], [-0.8380143354905802, 0.4377528568992159, -0.19012290668499046, 0.00417204051039128, -0.14003891477482086, 0.060367159111251845, -0.21606756505781502, 32.52061166271047], [-0.7921663227451021, -0.03115152670164008, -0.2866645790686674, -0.11652858266561321, 0.4182564825759906, -0.28355438266133076, -0.1428461930843751, 47.211365619058256], [-0.7851522572857107, 0.46286370702038837, -0.25311988899744214, 0.01368001287418703, -0.09324853707311927, 0.22913124443408353, -0.20937975977155282, 20.112682827275787], [-0.7454322837493472, 0.4580616127334154, -0.33013720839603533, -0.31618893818538235, -0.011998498937890116, -0.13228060179533946, 0.08889390697831186, 41.819203442140854], [-0.6814430085277884, -0.16857054890188633, -0.19090909770357137, -0.23057296839123695, 0.6119331163938121, 0.011505597615773518, 0.20739985804439792, 8.274791184201739], [-0.616180804946164, -0.09562656201746512, -0.4281952893281558, -0.11963370188283576, 0.6350854990979526, 0.008408173110080342, -0.10054381773166539, 21.335169182184412], [-0.5344620867043368, 0.33715713502824174, -0.13005477904282436, 0.676784210333127, -0.27331596614824943, 0.04183728927340798, -0.22197354604047706, -22.32977209533081], [-0.5298198639342652, 0.22709162854013515, -0.010767081224159392, 0.5321584292179431, -0.02091129599065754, 0.5459910961479235, 0.2930327982138687, -81.41942476637661], [-0.4988659736668113, 0.01778576365136574, -0.40650040355675, -0.4323488332218591, 0.48132182570925025, -0.3443504656246292, 0.22000084583635957, 40.9970395400735], [-0.4843524674534596, 0.016536607947148958, -0.357661834355876, -0.46523781587466656, 0.45072168620246994, -0.36612940652175613, 0.28906787102951487, 39.67198759030538], [-0.4683573535412985, 0.08063513169493748, -0.3791477721201705, -0.48724285209763, 0.384515318178769, -0.40554398508057593, 0.28401193838860966, 44.5435148332556], [-0.4660544420861575, 0.043025602060566735, -0.3743581752865359, -0.47229069361615955, 0.4154676711529768, -0.41608757940665025, 0.2683230373803651, 44.67005388780551], [-0.44862486529896617, 0.4072308325389566, -0.29221089368208963, 0.533815333006307, -0.12049440889984211, 0.4578112119761415, -0.19606824000537926, -40.40781132009208], [-0.4110610089554197, -0.2660408192376756, -0.5156905292786725, -0.20975331788257048, 0.6175221733412414, 0.10387325945377725, -0.241235703136565, 29.312527050530736], [-0.36323222489126344, -0.19786019153128664, -0.4860023064780101, 0.2501704192787963, 0.7066014822445701, 0.15547829459425344, -0.08167655736813195, -23.011706721967975], [-0.2699068636361888, 0.3586236084404248, -0.46879204676735925, -0.2494064139205269, 0.08613947614804603, -0.44037963842877303, 0.561440660017157, 7.7249628780879505], [-0.25897973033840266, 0.2373966316845405, -0.3297967531074814, -0.6730220735804848, -0.04682489849610095, -0.45235644195051533, 0.32867735997261865, 59.50846154246612], [-0.21870401828799466, 0.47850257342743174, 0.48131872860248054, 0.3811992427194144, -0.29233715529425897, -0.1271984075104697, -0.4945531429643403, -35.73770555051454], [-0.20694726045974843, 0.5462588408502295, -0.07290067957351143, 0.26020663454816384, -0.01407644221404187, 0.688861770317325, -0.33320177611453833, -62.4777512561904], [-0.16203390432153308, 0.33187625120945835, -0.2536613891718928, -0.6068569480236665, 0.15478607437468217, -0.43693492282611107, 0.4648793998521327, 23.203527820488937], [-0.1405101849684567, 0.23622697088048109, -0.27367982195546486, -0.12559564978969848, -0.5335795986698466, 0.5098440923127638, -0.5377086640311742, 31.6553575862162], [-0.11575709586288643, -0.39489546610667725, 0.005226626798909419, 0.3908949608735019, 0.5684052600117705, 0.28416285364190363, 0.5234487659196749, -89.9213597153793], [-0.09908677316071976, 0.12949607183951653, 0.513638611138386, -0.014087231416068435, 0.20578362728749514, 0.6730116270732325, 0.4627072015716123, -111.58425817030655], [-0.07707674855008614, -0.5976428542212708, 0.19424736843083978, -0.540741306509422, 0.2520119780996282, 0.2125301602682969, 0.44505043174231523, -5.296143625272347], [-0.050381885603436795, -0.07582115796938595, 0.12307188366501576, -0.1837357374942497, -0.7436945397849707, -0.3657379466576579, -0.5059263718116237, 83.39771988187773], [-0.002593394304395766, -0.3132110074730509, 0.36600386076234326, -0.5304405452735996, -0.39505897043159843, 0.4622367433919426, 0.3418065884100841, -5.415518126282656], [0.0018260081316320198, -0.1915126511464664, -0.07994499718290406, 0.949361571104453, 0.06545477579758983, -0.20839800717980045, -0.08903323991319431, -55.232545162023065], [0.002264130676557219, 0.17777448475223018, -0.29064925853681867, 0.37436262108621543, 0.10867191618778475, -0.04572789454369839, 0.8543220218521176, -90.35063728099648], [0.004988881311989848, 0.39323301132621596, -0.5810549773101521, 0.4841190067025653, 0.023257731087147147, -0.05676992881797601, 0.5192138901124189, -71.83022396918149], [0.06809683163926901, -0.32596396030191266, 0.07825305612385777, 0.5808121031654918, 0.3677367704719986, 0.37448940106228645, 0.5197801787905876, -110.6028640155768], [0.08251047614952459, -0.054925032131054624, -0.3343474935027424, 0.7899148202806573, 0.26968624796385565, 0.4205340776026525, -0.06958455068803585, -84.01282337893296], [0.13660097735197432, -0.11670517444089762, -0.2145669246452524, 0.13717186298637618, 0.8046925227504891, 0.4641491643741353, -0.1997510629222681, -72.04511512105842], [0.13728446418628956, -0.3793129330390149, 0.06432020751597374, 0.6517809823558832, 0.37152308761479674, 0.2569774834548498, 0.4519428116842946, -105.93578057648705], [0.14413048631923944, 0.20930756994089494, -0.40539377667215, 0.37594920311722024, -0.01251021232358748, -0.4920424716629887, 0.6224729128702957, -49.449780534772316], [0.17611443004445942, -0.27620558520747657, 0.16080307435926378, -0.21305056686955, -0.6371706790960415, -0.45599261630705384, -0.45555490233035634, 80.61003611995392], [0.2184525717989511, -0.24552834360231046, -0.22901394780281104, 0.8515976383803738, 0.3000098851730916, 0.1532809412389808, -0.028764600299531297, -80.21702834690208], [0.23483798439379183, 0.15064604455042802, 0.6608288209601815, 0.41683358050821345, -0.06070488145356987, -0.32316134830706866, -0.45121345971094023, -56.79942592794001], [0.23783939678108462, 