{"omega": {"vertices": [[41.7022004702574, 39.67674742306699, 41.730480236712694, 87.63891522960382, 95.7889530150502, 98.88610889064947, 28.777533858634875], [72.0324493442158, 53.88167340033569, 55.868982844575164, 89.46066635038473, 53.316528497301704, 74.81656543798394, 13.002857211827767], [0.011437481734488664, 41.91945144032948, 14.038693859523377, 8.504421136977792, 69.18771139504733, 28.044399206440517, 1.9366957870297075], [30.233257263183976, 68.52195003967594, 19.81014890848788, 3.905478323288236, 31.551563100606295, 78.92793284514885, 67.8835532939891], [14.675589081711305, 20.445224973151742, 80.07445686755366, 16.98304195645689, 68.65009276815837, 10.322600657764202, 21.162811600005902], [9.233859476879779, 87.81174363909454, 96.82615757193975, 87.8142503429413, 83.46256718973729, 44.78935261759052, 26.554665937222623], [18.62602113776709, 2.7387593197926163, 31.342417815924286, 9.83468338330501, 1.8288277344191806, 90.85955030930955, 49.15731592803383], [34.556072704304775, 67.04675101784022, 69.23226156693141, 42.11076250050522, 75.01443149449675, 29.36141483736795, 5.336254511708038], [66.37946452197887, 51.48891120583086, 94.45947559908133, 58.65550405019929, 90.34019152878835, 13.747470414623752, 13.927634725075855], [75.08121031361556, 72.59979853504515, 88.33060912058099, 62.36722070556089, 75.09424340273372, 34.88983419778425, 26.99278917650261], [28.976000273953574, 71.73916012578098, 61.29480927278149, 42.69098256792265, 75.18729697698477, 42.78126325923222, 42.83824051652493], [70.63675588172708, 55.05392435765937, 45.01379414234863, 46.29964340997167, 10.3299630107204, 95.00317136335445, 12.549608523384858]], "constraints": [[-0.5172304159855488, -0.24392209034505463, -0.25506570646308285, 0.27760119142921225, 0.18540529917802215, -0.23502081439054429, 0.6642618959150064, 3.927723956582806], [-0.4462318325030686, 0.22832303341909116, -0.5330960098752063, 0.5554893667538606, -0.3921362311651899, 0.020928723983392378, -0.042155859257927544, 19.819501598847324], [-0.40290941969766625, 0.4240537508509378, 0.37181343718881815, -0.39248659235965216, -0.5032114263300813, 0.002121669746536449, -0.33514954509922484, 15.75223260101413], [-0.3888779942354926, -0.33975968613441027, 0.22494370832006647, 0.2192849708659685, -0.15878973887228934, 0.2277565545699926, -0.7467023915831739, 15.26931811455428], [-0.2827435550153412, -0.01890180850374839, 0.40884810988538944, -0.36339449917241023, 0.16913776907310538, 0.5515985185262029, -0.5363002462983054, -27.986500052222393], [-0.27870564801538544, -0.25522114638190185, 0.2815159890847451, 0.09383767844877987, -0.028565333725730536, 0.2680018086251581, -0.8345583373734845, 2.028472192302236], [-0.23545680289324733, -0.32847891076280206, 0.1656323886011816, 0.28532206892726814, 0.08505576464795332, 0.03412758923763683, -0.8481861544128642, 3.8213644695380156], [-0.23046275932576143, 0.10708528655938812, 0.3916029761504401, -0.5333071546256466, 0.30360556490518176, 0.5729491719133065, -0.27785455408203463, -41.984115975082815], [-0.23008541850125794, 0.15501545291344956, 0.3606133522256077, -0.5026853117403959, 0.24554614684652654, 0.5999576071300862, -0.3464886095151974, -40.4262075694515], [-0.1897342070568737, 0.15193155915777, 0.34208474821085216, -0.5697029425001017, 0.48814608972642903, 0.4902971109920825, -0.1437235276155116, -53.569596777597525], [-0.14856245651769387, -0.13285951347669114, -0.44971487196646887, 0.5536650747029757, -0.18245550616966982, -0.4622840395622601, 0.4522084919734087, 31.888272325746847], [-0.1321237895205138, 0.1257207142701183, 0.2165771313584684, -0.4562553360748693, 0.8091564735043578, 0.22868608067179202, -0.06805511453859411, -66.69415098155876], [-0.13007619284781044, -0.241679208156672, 0.45981776911010575, -0.013592855373205915, 0.06650153128250523, 0.3476399633639478, -0.7666669420953187, -21.66773629952499], [-0.12145295725329065, -0.23050559868137124, -0.38711249768622275, 0.5460169926197197, -0.1477145210835832, -0.5095395586107834, 0.4501950294354658, 34.09292238754966], [-0.0895695608021873, 0.09339648372383788, 0.4890906537591163, -0.534865926810679, 0.2783081103138291, 0.5786207606555609, -0.21378908863664065, -51.22941446628608], [-0.0730526885072309, -0.21839120509771687, -0.39671861544754106, 0.548822891434156, -0.07696466813930987, -0.552502966639003, 0.42094331203426666, 30.062049115161305], [-0.06438494698638124, -0.01772749637027833, -0.3183772363517645, 0.4557940187050289, -0.42935676953300267, -0.6251283765684016, 0.33360956165085204, 47.92866136226361], [-0.05466294023795243, 0.3171149934411255, -0.15798705861251167, 0.18143630687069118, -0.5333019003845806, -0.7230376226640474, 0.17713463528623052, 44.2142976238952], [-0.04775728823229854, 0.322928587943027, -0.18213204475800068, 0.18631851298610624, -0.3943026423781265, -0.7944796219529829, 0.1971731599782496, 36.6156585548058], [-0.047670319231219026, 0.23232466092112194, -0.15477787804200646, 0.2577184410785369, -0.6469083083974474, -0.6527150263693235, 0.09407731430684273, 53.12366294462399], [-0.04552358359768812, 0.11345777335820957, -0.22388206375026126, 0.36576169438261336, -0.6069228803269973, -0.6368004532205161, 0.16516640568842034, 54.807267449180365], [-0.043251313698044136, -0.42581409943209714, 0.7359902388939722, 0.056614530189078124, -0.05194913758750184, 0.42112820118061134, -0.3031124627704816, -44.921015202772885], [-0.035824653718871266, 0.12303527675547708, -0.22303598780172412, 0.35969594499732327, -0.6039145253805358, -0.6428484740345526, 0.16274451027075235, 54.41154310628622], [-0.034791390561446464, 0.11113841947665436, -0.20833061469542974, 0.36448207499199964, -0.6100580238207683, -0.6366193621941065, 0.18092533847046077, 53.35349913522271], [-0.03103921267378783, 0.1380788745967577, -0.1816203646902396, 0.3582674903715514, -0.6190339826419057, -0.6596116279959426, 0.018402953197297907, 55.007334842124486], [-0.027831667947159522, 0.12616331507240733, -0.1891135082686831, 0.37359648466567724, -0.5968653975305371, -0.6720154660612471, 0.010810847801042987, 54.31038971662441], [-0.02697865694345055, 0.05720454310102586, -0.28871815525137745, 0.4123022599683958, -0.4843861366115863, -0.6578081494824743, 0.2744211630036387, 49.57909149868769], [-0.02670050630715417, 0.12748709254745408, -0.13572506620521183, 0.3630036691538217, -0.6335772188636726, -0.6560085321365988, -0.032770112635613864, 53.448904462573225], [-0.025111440390826377, -0.2842860120992096, -0.22711259421054306, 0.5284007582278186, -0.12527552080905746, -0.4634929497445757, 0.5976986837567415, 16.128526152005964], [-0.020623713881300715, 0.025594152177022662, -0.31103015706491116, 0.438946765351693, -0.4218724925300355, -0.6684121775637558, 0.2911259887308544, 46.93059979571012], [-0.01868856036478129, -0.018568140168398153, -0.24694764131327457, 0.4429970449617075, -0.4525022405384682, -0.6229812403720731, 0.38628038901725703, 42.2249845420867], [-0.012167002047746877, 0.03671493476470985, 0.3326611645441431, -0.6114066838436012, 0.3445036740911738, 0.5484209620218237, -0.3075289598308395, -39.629366216538905], [-0.007063758253163234, -0.32596732964768627, 0.2275919498094734, -0.0684357860259847, 0.13366609236206947, 0.2596707641914058, -0.8671322395526136, -3.799624764892764], [-0.003662808703273057, 0.12313933255077944, -0.18454629129148184, 0.34931201308601456, -0.615426396322947, -0.6706454564082744, -0.015234664538332904, 55.87549875072665], [-0.002488019833138881, -0.13214244172424014, -0.21511318267661708, 0.48630028854112256, -0.3363782587179981, -0.5720504991506467, 0.5092920835231652, 29.9238032824157], [0.0045336540351578105, 0.11795479713663722, 0.49461235765585804, -0.5566317328595581, 0.3945080375077385, 0.5178971978078118, -0.08793032631596621, -63.19886863128716], [0.005370152212220946, 0.0940383580999739, 0.5307253071648789, -0.5374195507433498, 0.30090704157505516, 0.5565346962432142, -0.14269866044452253, -58.7542443468991], [0.007558470544625113, 0.11743213820688551, 