{"omega": {"vertices": [[12.517624189670906, 45.365447001902304, 83.23133122696748, 77.69454964573193, 40.50802624142249, 59.593979431350974, 67.63812637536226], [79.32251726554045, 89.34343817617079, 51.434023090281066, 84.59367518437931, 11.746946946994818, 72.18182715478076, 81.7287877745651], [13.75882457169707, 76.40753609066356, 1.938103652410561, 60.17116553990219, 54.12018207832487, 17.841354659008367, 2.0244685962107156], [3.948441363449584, 93.67468962580406, 1.4704486491475488, 21.066710644098684, 21.679435302388185, 2.8393030805956565, 18.792443127611847], [27.122664631343916, 47.464285824718445, 95.55905090163778, 54.45552102932941, 76.14899877853071, 83.73733121371365, 67.53383971937296], [81.3442524872046, 97.90690040237897, 22.614324521707786, 99.36458340215373, 83.85499948904496, 93.01949428963738, 97.47869673392803], [25.487163515036148, 5.599213032070605, 85.50028611905259, 33.33201019364677, 61.729127284901764, 47.92733477768778, 61.556281181691574], [54.73164275583235, 42.77274664747116, 57.52082731094759, 77.47411404725207, 74.84874189613987, 25.651547308220724, 65.02449955623605], [67.81397851370728, 99.21473789322334, 24.585983552840183, 48.9544075473083, 4.813338655425159, 30.388127268696085, 18.765143639328308], [65.80768643866715, 38.14382005054866, 1.348871860620382, 13.614692945416795, 49.566874865696576, 8.026845296976736, 89.02056520731293], [10.603891688339706, 45.72127351702443, 2.7421666508185116, 22.98584477388461, 90.39174883935313, 42.6326371591339, 97.80476805957153], [78.3476364476061, 14.740709529552209, 58.23947038109042, 5.691138095541293, 20.593301457111522, 33.937172842763495, 9.643012091684977]], "constraints": [[-0.5538614669226555, 0.1949784002061332, 0.3923254983223621, 0.04374128306574572, 0.46726579467642954, -0.5298333398873712, 0.018100041503040086, -26.541876181124458], [-0.46841912911296424, -0.46327058220430495, -0.11137949949294264, 0.3443089770227938, -0.13774194040262233, -0.6185024330915831, 0.18300743343718942, 39.45970027326008], [-0.4475978242358092, -0.29419294497352233, -0.2867273254861949, -0.15854099921913256, -0.2701903429024668, 0.6879498635571029, -0.24388738197643395, 41.57481738483462], [-0.431550801078736, 0.5736855455039943, 0.28210055471329376, 0.2154506220665311, 0.43604948724829634, -0.3683992622412577, 0.18108543757099105, -68.79985995131605], [-0.42081790097965116, 0.7055040847555488, 0.23185606909890083, 0.20953263114153928, -0.072505261175338, 0.3823744310956352, -0.2757678405170017, -63.51284943894078], [-0.3555347261902335, -0.6352732119883568, -0.435627420403387, 0.1803573689482054, -0.48529410835483483, 0.10964096811759096, 0.013836949372120226, 67.70342842936802], [-0.3495129914126614, -0.09355942291514051, -0.3591424583831912, -0.06516783741611806, -0.3035438855421018, 0.787656296651094, -0.15269518219783504, 19.258934578256643], [-0.3235094958702491, 0.03065843964963435, -0.2915288387430248, 0.6239774593075983, -0.20886270456968228, -0.43272216397245944, 0.43496279388475795, -16.728394642881124], [-0.3228368499066379, -0.025554216743935976, -0.01190151198264362, -0.5067243718390465, -0.5501164002396913, 0.5289625968092152, 0.23618347255891736, 20.346865275392872], [-0.3154027756102693, -0.16147065521973755, -0.07339628958165657, -0.41355775848485066, -0.6729599347183614, 0.35290942383606333, 0.3472911552925513, 32.252215251239946], [-0.30175201584993094, -0.0542746157693224, -0.32314480122034084, 0.6138092193486386, -0.25867384862713505, -0.42452161587837905, 0.4215268726770722, -7.288436734696454], [-0.29435860712477946, -0.10342988905123204, -0.2618159046161984, -0.08411401356215997, -0.3683081751837546, 0.7822664983056211, -0.2818523496378033, 24.068328710763566], [-0.29118280699688925, -0.1857021675337489, -0.3620141973497814, -0.1005885579184808, -0.33372575495255186, 0.7721964517595464, -0.1785908765504822, 29.595349516889748], [-0.275436596272626, 0.009153002495895088, -0.3304427650368753, 0.6148087944072718, -0.21613337546027153, -0.4496474017387188, 0.43355761722646563, -14.42123135532764], [-0.27201172401139095, -0.5517697631756149, -0.2589450186118147, 0.5327106470372187, 0.3797989760872108, 0.29597089023987005, -0.1971815513898718, -11.086152057676786], [-0.25251379091302, 0.25158545140429944, 0.3207133679972178, -0.5651310631263846, -0.4170276782162383, 0.04105258958847443, 0.5245130728662613, -12.06881140006183], [-0.2513626158027203, -0.24906032244459284, -0.3886832891583704, -0.03324699839545053, -0.29513287501356256, 0.7750463243646607, -0.18656234926262844, 27.764817057356595], [-0.24446753071954558, -0.12315212161231466, -0.3691771999261612, -0.1484531273470137, -0.28354895463440455, 0.8033038347511782, -0.20258821486363052, 23.845263342607083], [-0.24069735768833722, -0.26098868884890747, -0.4313995815898787, 0.6605302827804397, -0.2696600476642187, -0.2556941724014789, 0.33682010290733067, 2.8185350691955406], [-0.23823393666452777, -0.49461971353101536, -0.5136907005797829, 0.18061365151982683, -0.5403947342225067, 0.3306528809799765, 0.027179163978538815, 54.49028718076165], [-0.22353099188257386, -0.06883734174534492, -0.3401329166507365, -0.1645706897351907, -0.2706904128880179, 0.8180734999080348, -0.24495683754267217, 19.447020848973644], [-0.20946073910069554, -0.541265496801073, -0.05921358787393206, 0.38043883189419747, -0.4083145135588155, -0.590077023261206, 0.0025043127949226263, 54.082770049173874], [-0.1916536363089967, -0.4822740349796448, -0.4063708538802912, 0.1465016983480471, -0.12446606032607924, 0.6891101564716322, -0.2317671513529893, 26.369382852993265], [-0.18847947307128513, 0.16473762199001662, 0.1904628456164692, -0.6786405731930487, -0.4594655155094775, 0.2833942736918416, 0.38611786631029665, 1.229325930440357], [-0.17760497545369644, 0.38117804860805393, 0.5078048237440752, -0.22940280233302351, 0.10556600060310538, -0.5597611980160896, 0.43381056226158193, -39.77105092924319], [-0.15875110073440876, 0.6737199583957015, 0.4037015559811421, 0.396310268360547, 0.12673052867293605, -0.42978117901895635, 0.00949956991963035, -73.13195214036529], [-0.14990773609196667, -0.18270285171780207, -0.5176194596921145, -0.10964511819131526, -0.3325273164827263, 0.725839182847385, -0.16364121142015883, 29.000874823087468], [-0.14970512591896903, 0.6005738183362193, 0.4125140838172122, -0.07336462917248297, 0.13661479833652027, -0.4425131567512165, 0.47630633925974, -65.38475598612274], [-0.13926709363362483, 0.09333976973575298, -0.2680739691218519, -0.419348896281782, -0.23613955443967455, 0.8088404902979475, -0.11912340813893581, 6.096253625601509], [-0.13844800365396606, -0.4526111616983889, -0.3498578865652685, 0.007486353281792276, -0.29939773907882744, 0.7508947706109503, -0.006061156366958296, 18.592605757070093], [-0.133286350366934, 0.7062211622086418, 0.491233408537433, 0.24460064824793085, 0.23770114639215273, -0.34736298214258027, -0.07199863685372902, -74.31796697098584], [-0.12071195712001978, -0.4957757998480139, -0.32199117379021897, 0.4320901802133967, -0.6443850271716942, -0.1821680667856317, 0.028939109491975503, 52.23231823744359], [-0.1049396991111213, 0.5311551702154994, 0.44754079427990556, -0.1606238255718732, 0.07396644401061132, -0.4728412804102025, 0.5017162121341548, -56.305201981062424], [-0.10239966899526282, 0.7166620654297057, 0.5127569348398354, 0.16155628312712006, 0.1886726895949956, -0.3849501085490634, 0.05572894264697793, -74.93082999218089], [-0.09516583249738657, 0.25717166521417933, 0.6996115544037178, 0.030203115270727558, 0.13740679450157225, -0.49755482714983484, -0.40987340791212945, -19.24341241543385], [-0.07802656424546443, -0.337847830265452, -0.654561195918749, 0.02477344216487433, -0.4401402001509105, 0.5034513539726015, -0.05932920538795476, 41.62395837410654], [-0.07789254556386892, -0.33819976027115295, -0.17365061739956514, 0.5532784614667854, -0.5361402783786763, -0.4939216780542445, 0.108981918224661, 31.56547410618862], [-0.061643577819752327, 0.2950863253765073, 