{"omega": {"vertices": [[10.322003918212552, 1.4248362153092997, 89.50948830817026, 58.62146052527022, 97.29980791963465], [90.95830233170224, 50.81820517345269, 3.7141874073110315, 9.609919179382764, 54.786592528335866], [53.9701640506718, 90.97014203336107, 67.85201011193945, 89.81549843052562, 32.45698922609179], [4.015337417697662, 35.706033630586276, 33.38495596806772, 60.812128145052604, 78.94378105085809], [66.6678463421112, 17.43989727557921, 8.810469928523212, 31.838601250190457, 44.110861946422844], [42.761220559283366, 3.3509521644724316, 48.3310676007916, 63.70866636657109, 65.96724658201578], [92.19823160510673, 27.182145247432597, 37.30299613119875, 20.014844504192975, 88.95086478630321], [46.88622675777957, 92.62971605846676, 7.052491384904647, 77.44171023831552, 46.74567511223453], [47.090617734105265, 35.21015457628588, 65.664841025382, 13.233677036029245, 29.178999114867132], [61.42653088075072, 32.999289873332, 72.68758984215901, 58.72326341191718, 53.26732334242291], [94.7338439893754, 49.99990934249181, 26.975780663698636, 46.68695397711233, 8.610178858178386]], "constraints": [[-0.5888879414114199, 0.1434762453821058, -0.5052610072182362, -0.490088921820136, -0.37033730944270793, 73.14891040934467], [-0.5864130960340074, -0.6287310440841463, -0.18281387300363988, -0.1916875392473647, -0.43663706913106737, 77.03407973666579], [-0.565616105495713, -0.15579781383012745, -0.32672947320541224, 0.04167436113854298, -0.7398084626254444, 74.61088127222712], [-0.559169729449871, -0.3106207044305853, 0.11299674268092444, 0.30301847251936714, -0.6973202514637987, 46.18579625004266], [-0.5578444811638198, -0.15081655539075667, -0.1615331240072635, 0.19771697126571705, -0.7751638217674386, 62.18854428076426], [-0.4976195807339963, -0.2982051013818274, -0.0689871983003978, 0.296142992303627, -0.755637853048728, 56.59279010626307], [-0.496495658414164, -0.365754480730778, -0.18469629306721927, 0.2012397081137505, -0.7383126574878459, 67.26669485809137], [-0.43025896952422504, -0.2967364418463748, -0.21256681079081777, 0.45690889372536075, -0.6876585759002737, 45.92021578791709], [-0.4280087479922709, -0.3156198917674208, -0.24661911569922318, -0.7801307724292733, 0.21855796769609834, 51.409122483493725], [-0.4213571432651042, 0.1521396080738168, -0.4917354853177562, -0.4167836324356774, -0.6195153861589304, 70.36726040544141], [-0.4147613501221026, 0.05466865797387229, -0.07565804922061499, -0.822529205150505, 0.37776437966387966, 22.436849419928336], [-0.40092155581356914, -0.34899513023449086, -0.35504353915821074, 0.4248571752664912, -0.6410185419184286, 50.69213854032493], [-0.39848964593559016, -0.343290604131453, -0.2881337273184013, -0.7467184760726401, 0.28765958331081054, 46.17755253465036], [-0.3788524876284911, -0.3579867918669573, -0.21956433894932967, -0.7937685536906258, 0.22369450976754798, 48.84012014077306], [-0.2355380127407719, 0.6674029311594483, 0.2079157021976892, -0.524212738795653, 0.4255199611039497, -31.539465867472295], [-0.22467688009536166, 0.6649521308474934, 0.2678276295802397, -0.4905262671971414, 0.44160084381153647, -36.813757390225625], [-0.22459549359395986, 0.6738706343557437, 0.24745491965664188, -0.49610735416579355, 0.43370357191359854, -35.48954826740429], [-0.2055679814467102, -0.4342313725660967, 0.39367811996189694, 0.3533344698906417, -0.699540713849919, 14.854849430145457], [-0.19403500825952347, 0.6770754775807409, 0.24762558432571719, -0.4082359321064662, 0.5253039186538112, -48.307314695907394], [-0.18655177876608825, 0.6930803027884155, 0.24029313232014127, -0.5121209698272478, 0.40599193409340195, -36.46663119424376], [-0.1474579473902142, -0.4441478708152303, 0.34628187466300253, 0.35799255553724396, -0.7300130245835016, 16.4073483057044], [-0.12649434824087555, -0.625566827970476, -0.5464864237648843, -0.06309763446348826, 0.5385504626048078, 2.410744509780379], [-0.059241437914497555, -0.14807472740363944, -0.12987272125637753, 0.9451619455036231, 0.2537051441800702, -67.64492206197356], [-0.02002094439202372, 0.7425139775512202, 0.030460048642616946, -0.5217932350502396, -0.4184210322381186, -8.087037455775985], [0.0747926154818218, -0.1753460826548336, -0.7686455367221079, 0.25999963550711525, 0.5524889540799367, -27.804905240757005], [0.15995596177999605, -0.2723882437327034, -0.6545834508143266, 0.46400345269482063, 0.5063990884416592, -37.25722987167743], [0.20869983795464223, -0.8757575446467839, 0.1882278333402557, -0.36498229374787106, -0.1443998221554238, 17.691303557418646], [0.21714979220208494, -0.08746145449569445, -0.2779001261634004, 0.6294316662558582, 0.6868651680765512, -80.97215716178681], [0.2599029082614584, 0.3685806188674334, 0.7879365134356291, -0.3255259944499986, 0.2641735857438819, -80.35690990512084], [0.37380677553524605, -0.03046397530775576, -0.05619681685406016, 0.7237584289701636, 0.5765033348060551, -97.30632042065757], [0.43345682462090224, -0.7461521674199797, 0.4433985691756329, -0.1345255154513242, -0.2016747847143713, -15.59037744671372], [0.44396688646604615, -0.7870106300958047, 0.27225691944396974, -0.15054258471863874, -0.29448390760610405, -0.48863870595191017], [0.48002100942043185, -0.7400767195425618, 0.3693376635800329, -0.09852349125875182, -0.27522552868064226, -11.464135607679939], [0.48337805822730273, -0.5901230388727071, 0.08353829211839663, -0.5417664121736537, -0.34294454392287965, 9.706563656461807], [0.5160921929379504, -0.13927881398107025, 0.1493939832482116, 0.7036304494951716, 0.44366190807525907, -102.9168981927863], [0.5183212260959469, -0.27735494317877907, -0.4282560360167232, 0.6535166879029234, 0.20959496253566443, -55.99765290583608], [0.5425343120087444, 0.5036362079837098, 0.5161324410805712, -0.42811260827474246, -0.04831136720685589, -70.0979579854316], [0.5664504746653805, -0.20103241595563928, -0.5460235460926125, 0.5439023411022627, 0.21153807681438916, -56.09554114913644], [0.5851963435267413, -0.16671680119998672, -0.16714266321527912, 0.7384350055363977, 0.23775580003932642, -79.11567142397826], [0.6264125092657439, 0.24187471225955676, 0.6930919415194909, -0.24861854359864302, -0.08316472920886067, -77.80956910917331], [0.6473491835869674, -0.22504396999510864, 0.019594157057832046, 0.7033844400267354, 0.18751171860872207, -85.0556525648002], [0.8104093397707147, 0.4260776219099204, -0.08327499119079722, 0.29839719103604423, 0.25635708366252025, -111.96916279929245]]}, "solution": {"min": {"arg": [52.575665029815816, 64.42838344998334, 65.80346584864876, 62.09793252615885, 35.24037536599984], "value": -33.687548712325395, "pred": -35.158040185597464}}, "policies": {"policy0": {"pos": [68.33850821501447, 64.36738638572314, 28.805176815115253, 53.5359893192785, 26.819556934094777], "value": -0.5312186727071975, "pred": -7.335146418027932}, "policy1": {"pos": [30.192809301732183, 28.801597107413848, 65.89400542310676, 58.7613406096246, 75.96336607374846], "value": 0.34880701094940747, "pred": -6.499296586509018}, "policy2": {"pos": [59.28472436063796, 63.34382899154619, 35.79644829259375, 63.53971934356974, 36.27701958720174], "value": -19.48572330637512, "pred": -11.758004654847127}}, "model": {"name": "ElasticNet", "alpha": 10, "l1_ratio": 0.9, "fit_intercept": true, "normalize": false, "precompute": false, "max_iter": 10000.0, "copy_X": true, "tol": 0.0001, "warm_start": false, "positive": false, "random_state": 1, "selection": "cyclic"}, "objective_id": "6ewfj1tl", "data_id": "0cv1yaww", "solution_id": "xs2m7paf", "generated_file_name": "solution_6ewfj1tl_0cv1yaww_xs2m7paf.json"}