{"omega": {"vertices": [[88.4192665969536, 78.1245428619776, 37.36704831868637, 94.34229715401155, 46.011914691315425], [31.383879455327268, 65.47472952441744, 25.172139204444644, 6.5599675757964775, 41.25525695573239], [7.682834813037953, 81.84283586430905, 19.27597150960644, 5.718627682123767, 65.08827543403706], [66.9070206416941, 29.477368693346563, 75.26635830296617, 54.297251950466, 5.171159882409826], [15.706230833992363, 35.65720947316304, 53.227040456671205, 58.45941415180741, 33.8305726915225], [75.48190864382704, 11.503941510943093, 5.119845612560225, 10.842670021208633, 28.265410107685305], [44.46147214105582, 38.65530019950343, 24.55801941550362, 54.38950968327195, 99.89052344341565], [77.43239603661803, 84.93252903609095, 74.02431348083896, 47.99784825450367, 35.05517714239353], [52.38120592639617, 9.97847837741974, 27.929119354232725, 13.649777324389845, 83.01618760717614], [54.0971976463939, 0.09931581994109262, 80.84990074979062, 17.36998677105569, 63.307868496965284], [46.75714370341616, 58.491897182492146, 60.13528631694548, 76.5238893730797, 14.480529803922993]], "constraints": [[-0.8113119592246731, -0.3922620694367436, 0.11135358157436531, -0.044909914550832854, 0.4165175304183773, 9.336982800926805], [-0.6805019489804757, -0.5416700051678776, -0.13349375077027215, -0.4183266520527857, -0.22515091299570042, 69.18015413798797], [-0.6472803283947474, -0.4649679830704837, -0.04729878126910839, -0.4876362987526882, -0.3532797993401129, 69.72195944315078], [-0.598427599878631, -0.4359236026271096, -0.6585272435491197, 0.13486695360624967, 0.0027918998318180325, 52.015622802037576], [-0.5159399204613688, 0.2900252111906743, 0.41657889147628274, -0.3030974431928228, -0.6199075273413658, 14.279445895017545], [-0.5149838647515762, 0.06704901329591383, 0.5553526466823534, -0.47986760509315385, -0.4377288752945606, 18.999294549835078], [-0.49802132191123516, 0.3296319725934535, 0.5795697073262361, -0.2890728831122042, -0.4731314280037985, -1.8751601513037954], [-0.4847648234537629, -0.340268055776764, 0.1388393429926996, -0.5046209651300975, -0.6126189962352355, 62.5819277073411], [-0.4733609485723586, 0.22201172554158968, 0.7122644103335604, -0.36556310414810567, -0.29271698404176927, -7.119940751048549], [-0.4698348625961459, 0.48531903548149763, 0.443807895337109, 0.4416295494879286, 0.38951062725438507, -72.5431408284244], [-0.46555678259085004, 0.47760622652522, 0.4475109369912493, 0.43939707469167677, 0.40226029706349037, -72.83323750644333], [-0.4382269862325859, 0.3746437798540936, 0.46357441632260427, -0.32370665531341797, -0.5898405789627392, 4.011932827702212], [-0.4374312541038521, 0.28002876745901206, 0.6856504356656719, 0.15782806108113173, 0.4849861549934832, -65.2436870055584], [-0.41342071759171606, 0.3846735369473192, 0.5288862394942677, 0.4732766139626492, 0.4211866244173141, -77.29061122825541], [-0.40034750970577315, 0.07746611922110713, -0.6551456319524525, 0.19092752358974316, -0.6066726905957749, 47.75976120270757], [-0.3949269866242197, -0.028853387032733803, -0.25119552529068245, -0.12516782737532697, -0.8743191524590612, 57.497995568984166], [-0.3832838693110551, 0.12399858878191307, 0.9066462423841779, 0.12122148879587959, -0.03187110495105283, -52.66791443631092], [-0.35671720374530946, 0.21835660506249457, 0.6473646675835542, -0.5236383675100212, -0.3630359166991379, -0.9850327229133917], [-0.3398318061136382, -0.039719579551080866, -0.81345739223548, 0.4359967263562444, -0.17643872641208477, 30.53260565068009], [-0.3301751894977109, 0.06281179560052044, -0.7746599969298384, 0.38037399016674217, -0.37716911238181067, 34.70237983524103], [-0.23748545044234232, 0.09114605582503246, 0.7097067422651858, 0.49015982616474496, 0.43743884387788623, -80.7488650680142], [-0.20163444208342327, 0.2583065120084779, -0.7333089000301618, 0.2255362763703629, -0.5513735057084863, 29.142020724086102], [-0.19964283720152567, 0.07264053599978067, 0.706479573589756, 0.513077486841686, 0.4387529996255816, -83.01456610001414], [-0.1698832751875534, -0.14407561560461218, 0.6113346381481418, 0.6539045057435245, 0.3860838605384837, -76.0222856027211], [-0.11292654459092726, -0.1781285875179868, 0.033013373307032676, -0.9768125940429375, -0.0162811282655136, 21.455517997236402], [-0.048268983453815646, 0.7145130680702038, -0.3233847748680827, 0.006836522077763626, -0.6184793692134275, -11.656717410277256], [-0.04472438598684248, -0.4910077717239463, 0.36317912428213484, 0.766415427553982, 0.19395724657174718, -52.486413062559734], [-0.04293563411072963, -0.8153091385621514, -0.18601459372947743, 0.5465816345057014, 0.008638729147595621, 7.401916731681118], [-0.004738067793124795, -0.619085979609579, -0.3341781759632019, 0.6725369691032788, -0.22962811775503172, 8.38894445555217], [-0.003530353444163658, -0.6097490195500755, 0.18044498795184544, 0.7562295217498587, 0.15411095522161708, -37.2295522906271], [0.01860190459158072, -0.7914601610301347, -0.16187200039040336, 0.5890709627099632, -0.006135065548600109, 2.315871864773436], [0.03785125861767309, -0.06184474106069628, 0.7932904031929434, 0.5502176070855623, 0.25038656369543577, -91.58766742546422], [0.043381774733772256, -0.7079865191856014, -0.2392845835805292, 0.6611577135039152, -0.04986457868439251, 0.33592432224529123], [0.1499415300118495, 0.4009140076257197, -0.2418075075718149, -0.19673272536248967, -0.8482988035595381, 11.418674541759184], [0.18897899219867131, 0.47280640730525364, -0.3818010131014501, -0.09641046438484561, -0.7652934407601294, 4.927809769140114], [0.23756565854779432, 0.10487310774784014, 0.3501396242753059, -0.790422153651084, -0.43034782639162067, -0.19677986074472287], [0.24989714551597603, -0.7512136588883328, -0.12393368482056277, 0.5946717556390074, 0.06507995217106997, -17.873615336870543], [0.2836479674438158, 0.34245437657090994, 0.3452698296026236, -0.4456399133424803, 0.6960335070488368, -79.61724108359283], [0.3117676881059818, 0.3710141503617204, -0.29269728511810444, -0.056501464235277375, -0.8223656684882842, -2.4452507154657788], [0.43386247184742105, 0.271083932216341, 0.19090287083020774, -0.7949205876242436, 0.264450771404593, -41.86619954228633], [0.44927145651911965, -0.7083223100385349, -0.11085713851482121, 0.4978576536129389, 0.19048127214555044, -35.97793470811568], [0.4880678697061483, 0.23191350054146004, 0.1545590378895163, -0.8051645992159133, 0.18928115279460078, -36.91950745833194], [0.5548919086823877, 0.3368946598255604, -0.024220011752787346, -0.7029363246908752, 0.2896392106062578, -46.20097855594423], [0.5692772408678789, 0.5794505714328523, -0.4243304024304985, -0.3970972034309348, 0.04917294882858031, -44.547891642983195], [0.6146098178712799, 0.40721117086659925, -0.3517134247370634, -0.37706803788881393, 0.4365217013621335, -57.52577778142478], [0.6184634287819917, 0.4268245679563271, -0.25273250182295887, -0.3937965889571808, 0.46516051476465026, -62.83694054595407], [0.6330742429006321, 0.4184950596045893, -0.28322131855977783, -0.41141560081107975, 0.41785377368747323, -58.49991010763203], [0.745814689911611, 0.06426353134177346, 0.22419273067416814, -0.13411580960991593, 0.6094105479699781, -94.72972008970422], [0.904536771023082, -0.04564991122409979, 0.10678913731309554, -0.2187383159386509, 0.34710077033134934, -75.73699014417774], [0.9481970274989183, -0.20199350019742215, 0.2289431090623286, -0.08123783919782987, 0.03326393265312298, -70.47953698119542]]}, "solution": {"min": {"arg": [63.159165586716725, 40.97715474825719, 40.09507821690828, 55.01850594804213, 62.83599987812809], "value": -9.130408500804265, "pred": -34.11827405151782}}, "policies": {"policy0": {"pos": [46.62881429370543, 27.13789900644249, 54.93562602523862, 49.90579999805435, 38.15325572190905], "value": 14.310933148717556, "pred": 5.11271152205434}, "policy1": {"pos": [43.88400256282722, 38.51799646665917, 48.39840739105682, 54.13767527771199, 30.66176845673813], "value": 20.078602859846296, "pred": 4.306838558332913},