{"omega": {"vertices": [[36.754967609885234, 95.7336000466696, 50.24425934628706, 69.74614451527785, 27.092789372617577], [83.643122312789, 47.44678280382668, 90.7184508156738, 82.46101576055099, 74.37363608569987], [78.43493663243727, 70.49630238410666, 76.74913680956314, 53.15840684941202, 3.214404186320785], [51.9851480376565, 46.42230228820576, 10.514887045806177, 40.71309121992132, 9.097088044048817], [78.26362141960666, 81.7956106500231, 78.86555915306232, 2.7611052972120187, 51.70693934738421], [79.45039687723153, 2.4073691044198653, 55.73695900231183, 7.503647693628723, 66.35365121127892], [2.7889727413634047, 66.38437529975381, 94.45194751226191, 0.9542330776179941, 62.312634633467624], [38.134013254640934, 6.439603211808165, 33.311465759125525, 8.582546872848717, 81.09835558113939], [53.465123138091094, 92.78107216431437, 38.49963806864072, 22.572152573038817, 93.6545702619783], [15.01652453803598, 93.28059963158607, 45.20550438931147, 94.77926191150145, 98.59986668967655], [68.2645838833228, 23.28267615076909, 72.13696076518443, 38.20937862127043, 81.53167200641921], [58.544403771428264, 94.5054989478319, 21.13270562855304, 17.018596358949278, 14.917323964427942], [16.990715264338085, 73.47838173402717, 77.747372719413, 20.111247546714427, 80.5182841163814], [34.04467351536857, 36.26157688862149, 86.71246447865278, 11.956060978715467, 24.469554995419905], [34.22747917294164, 2.2927292109758746, 64.37401045999695, 43.54764873058159, 40.13467043766433], [3.9493190376788, 29.910698603812214, 3.910270637144797, 87.05883048140618, 87.1816233195017]], "constraints": [[-0.8244065738892671, 0.1879711886471678, -0.2877054336325554, -0.08420579717296281, -0.4417641908841192, 44.60307862383942], [-0.8121366060571277, -0.2373713005214396, -0.1757317526595094, -0.13433248214613905, -0.4849351855026034, 64.96675216719534], [-0.8091074379469132, 0.41430434024475243, -0.3386368224197844, -0.10663834821268081, -0.2182897906573848, 20.44212096371324], [-0.8072548482505689, -0.06531352855488634, -0.0434683177160368, 0.10377515518788286, -0.5756865253628309, 46.46639525483385], [-0.7992287295164556, -0.10229172242179395, 0.10868130100022418, 0.2355036748650106, -0.5324436452597298, 31.70767962792941], [-0.7704859108533182, -0.1135707953273431, -0.009129427152632647, 0.17459453296449542, -0.6024006459525272, 43.79384539067803], [-0.7620060304550478, -0.31991539873195196, -0.2809744165287394, -0.3124719257171462, -0.3747207228046905, 73.54918532061072], [-0.7390427741906355, -0.3291436721203362, -0.268416544051054, -0.34426522600536036, -0.39359145577986915, 74.11786238462123], [-0.724230677207972, -0.10201391837858491, 0.36455429737411715, 0.45285717289031624, -0.35651596300275773, -3.857555850533819], [-0.6907289010808121, -0.005097015056098634, -0.5110431173766777, -0.4763677347024384, -0.18648409896183132, 62.608685309266534], [-0.6906091700327884, 0.13732093507139273, -0.04189471100937598, -0.10353553687335953, -0.7012326011043181, 40.561610604846564], [-0.6767059881825512, 0.4498946705260729, -0.47403147931522294, -0.3258391337591559, 0.09373796733137295, 11.264401074649525], [-0.6680015071965164, 0.29681591540697555, -0.3396625358845177, -0.35845960351531553, 0.4709674862540333, -14.764284001835758], [-0.5805476252889817, 0.20491771102383582, -0.563644389326532, -0.5353562994801849, 0.129119407788601, 33.71819175172628], [-0.5795186956911776, 0.10828029371822144, -0.3149219351775963, -0.4487926514727328, 0.5931633755254652, -12.360187622556047], [-0.5051535646006418, -0.16149742324872682, 0.13321180875684324, 0.3092687943436579, -0.7780397710324566, 26.84346557935261], [-0.4799002749308111, -0.08020368515943212, 0.6320485694244387, 0.5291933439586326, -0.28936500411518223, -35.50939599919483], [-0.47209191734270844, 0.13661517493137798, 0.06855358081159645, -0.03581412691118212, -0.8674579358272376, 26.8283891364278], [-0.47036436908501306, -0.4121093824373852, 0.5893338213823318, 0.34149689575778525, 0.38077386250244244, -51.047160058169766], [-0.4689609549158883, -0.07902395356080766, 0.6402473884961026, 0.5211362365831629, -0.30386039882132665, -35.48168104578144], [-0.46842275686042556, -0.16497923006552756, -0.3183198025650598, -0.7041779560895048, -0.39518082437640245, 67.62109493139037], [-0.441296723187039, -0.08673243444094379, 0.6368804660335622, 0.5271927317675071, -0.33791386842909416, -35.09116354486786], [-0.440768822231729, 0.36958653439410105, 0.26167013191082555, -0.1601245218317789, -0.7582990956851575, -0.6163219316864037], [-0.436520783775099, -0.04062133397682939, 0.6734730353199271, 0.5017964600161114, -0.32005295807190937, -40.23226107676321], [-0.42022955024917974, -0.5407890786090727, 0.4690908140523089, 0.11209237700522627, 0.5462082064044651, -41.3772216875701], [-0.405729918053293, -0.4686724008857549, 0.553760805909568, 0.24511444436942412, 0.4989962858021135, -51.387361890539246], [-0.38945637417362833, -0.4149871031595941, 0.5386998686565222, 0.22915157512310236, 0.5774092517052234, -58.444964655245855], [-0.37071211586212777, -0.01868293914786458, -0.07128000582033849, -0.25166618331193014, 0.8909583423961415, -53.463826716959794], [-0.36438814188890667, -0.36882637081266795, 0.44379010007622566, 0.10648257843811634, 0.7231183843655272, -61.57728330363079], [-0.36212921492178013, -0.38203940911750855, 0.4011598217705056, 0.04882404357179668, 0.7480610481422193, -58.17915470024929], [-0.35978463899572055, -0.19865035141065954, 0.3580031381022082, 0.7587904837894358, -0.3566003452700316, -29.007629168283472], [-0.3372027428759961, 0.9202232363841963, 0.05481435858287057, -0.19099435612318483, -0.00021780206344571392, -65.12949339262302], [-0.3076951961914157, -0.6931386794495965, 0.4677812248987959, -0.4482576484250398, 0.07161175568460403, -1.3456908471920066], [-0.3066443366349333, -0.3246861857381011, 0.34700194856678707, 0.02964989605394194, 0.8241715009361876, -64.86813919124876], [-0.29261919721721735, -0.29543840554094947, 0.5572990477863142, 0.14293738996210437, 0.7043272164545834, -76.23425954098872], [-0.2565173474350015, -0.2704336348375864, 0.01614590795474361, 0.6882876059040555, -0.6221446623001937, 3.3568605119349124], [-0.24502365116315217, -0.6412496277440717, 0.5881990754314135, -0.162862249266038, 0.39529743322516586, -36.78084394909801], [-0.23215278629229136, -0.24252150716042326, 0.23986266664040712, 0.7988960503834753, -0.4376292999962398, -24.16481785488973], [-0.15084871541452327, -0.6043843688107637, -0.20839432806391578, -0.5307994402059669, -0.5355258706195472, 64.57226151337338], [-0.14502893226550798, 0.9427956753560048, 0.22300211757217808, -0.19951307862029347, -0.0238224758100077, -81.57058129882047], [-0.12274089966852672, 0.7692935217229345, 0.4235546032036082, -0.20704256539332191, -0.4133485492947463, -64.77790199581219], [-0.11121137298454481, 0.929983685993401, 0.3309348136795148, -0.10025520789779778, 0.05651032374083357, -96.10929851819053], [-0.08116200564273568, 0.4270500015304165, 0.4029201980562832, -0.49693789876566846, -0.6338367800952919, -26.209452074570198], [-0.0774955148075338, -0.5059227405597752, 0.8439204166050197, -0.02549965546496033, 0.1586969557917853, -55.77292174231185], [-0.0769861963343767, -0.5695179943977534, 0.7825951049422544, -0.15072346569903872, 0.18587554502735953, -47.3343927003008], [-0.07218480673987708, -0.11916321580394053, 0.18947849812960593, -0.12125576192115106, 0.9643569985345989, -79.95882981234024], [-0.060824102056426216, -0.2774082898920107, -0.2671319263338442, -0.8079939584278661, -0.4417367614150502, 55.763193417515694], [-0.056958162191403996, 0.8701025262899423, 0.43679604858318705, -0.09072283141065451, 0.20163318503308392, -111.33631960940977], [-0.04629913681171124, 0.15855680861031024, -0.26154010602295147, -0.9427464372985204, 0.12466778363416123, 7.437626489946762], [-0.04112653049981846, -0.08259665033707729, -0.1307728307083977, -0.9620160951576205, -0.22115583023818047, 32.64836637498265], [-0.01851856108918658, 