{"omega": {"vertices": [[8.638060668112747, 70.54005388426381, 44.08190237857846, 89.69782141348198, 58.92979931285055], [38.91082035117891, 22.880003484495116, 49.651101223716246, 1.3614455288744387, 64.56039386370323], [66.31449598115566, 56.00453406748317, 6.8643303299449006, 82.83286513014193, 4.797338216845482], [66.89871868088785, 85.30374331449856, 8.184593121165285, 30.03814827910324, 59.80044274581022], [66.21865178787347, 16.49824247429741, 69.54677846658906, 50.46690835840497, 64.74584916224111], [18.932754397483798, 75.08456996945779, 22.56941367994294, 35.0110147819113, 66.38322863337821], [46.37016067564967, 55.71303509777117, 88.181679338283, 14.25215352801188, 17.011455742482028], [16.444670729255904, 53.434422355120695, 58.429937579264745, 3.0401288534840254, 22.370246608852796], [94.47780235344271, 79.87400197557233, 75.56517364586848, 24.318381444490235, 12.81106112457664], [96.18575927679728, 75.17466791363103, 29.338824608757474, 41.5523567671652, 2.0669219277418827], [26.880084332595455, 87.52173025211466, 3.101791379127594, 3.4382041337173264, 88.99305175646812], [60.55035305964059, 12.460877093855771, 11.480097355895891, 54.20393904606263, 1.6376894101404416], [28.56530933181246, 20.131009632737662, 56.95710009528604, 6.603612543803905, 88.19888506856098], [77.093986159638, 98.67799304384133, 89.43426248676722, 64.45049155901187, 2.5918247871588362], [24.466450771283878, 62.77755910421838, 56.76039193292502, 44.03825566610616, 31.342418659327887], [86.46961015781926, 56.46022756484598, 41.652624618052215, 79.84850331684008, 79.20509810819037]], "constraints": [[-0.9711728062955569, -0.11095832832545931, -0.09858666815611429, -0.13583844144851306, 0.12782885579534606, 25.2134274041986], [-0.8108233746379914, -0.40882661514404334, -0.41243400253789025, -0.03322267497588326, -0.0649669247274796, 60.83195780333891], [-0.7764264838921323, -0.39981281971875976, -0.47056247484902214, -0.10858911706891328, -0.06396081001357126, 63.3877249787778], [-0.7285437727093099, 0.060608079776935185, -0.5283469708880396, 0.01693065395882627, -0.4314086962755819, 49.21263280558247], [-0.6907620312470134, -0.4540980495380402, -0.5487109008954261, 0.06277041716116376, 0.10779146330387657, 50.20466661491919], [-0.6567351723970513, 0.10572043705861987, -0.5949349515940909, -0.07539420201102583, -0.44484853624532356, 50.093274814712196], [-0.6443580669276273, -0.44655476462712623, -0.5212199255960466, -0.32157928420879306, -0.1015286999006447, 68.16136437304758], [-0.6382158430232319, -0.0718374164637605, -0.7334858678061267, 0.1387070928545472, -0.17400789473610384, 40.72634109234174], [-0.5939065297501579, -0.148051145998108, 0.3828260518313452, 0.30180121860784903, -0.6226685559547818, 8.320857038477401], [-0.5892574457227021, -0.6482655646187024, 0.3605604300849277, 0.22899455852481532, -0.22379698124181396, 27.572537920407626], [-0.5867900182827365, -0.5554223484406781, 0.520233836663123, 0.2158968548646197, -0.17299940042300768, 12.144695379874141], [-0.5853445300057494, -0.024420723307544853, 0.1333901348332267, 0.28865844692586706, -0.7454252359646839, 18.934515534244397], [-0.5837849490045117, -0.0467211605745869, 0.1397184061760718, 0.29309425480498846, -0.7426888926369439, 19.656021119717487], [-0.5791319923829992, -0.04936426721560974, 0.14749602202066217, 0.29745722402896074, -0.7429222219598958, 19.08182259650603], [-0.5791147051038288, -0.046484728304711925, 0.1449323981832633, 0.2929362041504351, -0.7454182105514496, 19.323469656436245], [-0.5597390146448429, 0.7325828772093352, -0.10016306517986279, -0.05551824544968405, -0.3699995247295268, -15.642134201329103], [-0.5584652474459898, -0.2892610230858039, 0.35141679872409826, 0.3237212677155373, -0.6133150922010605, 16.842866667669366], [-0.5428032789459416, -0.21708076205021037, 0.3219584732049481, 0.31632799247180127, -0.6741808999248889, 15.833707958328223], [-0.5412286481297012, -0.5973795158925668, 0.435740304527585, 0.26714802845332086, -0.2982810458935828, 21.221133597851264], [-0.5337661969361076, -0.24571910439300576, 0.34784625677914727, 0.3430411942561407, -0.6450127823793261, 13.85044496188742], [-0.5090577308914508, 0.46134949230543604, 0.6092173605429549, -0.18402190937094648, 0.3507235621593024, -59.16351146789346], [-0.5003543253738794, 0.6393893982234455, -0.27908067317457314, -0.0011611587875006218, -0.5127761461786299, 1.8438842053303262], [-0.4930213030571, 0.6091439060745157, 0.5534711468901926, -0.16844824393028868, 0.22620471944903697, -61.329115317139106], [-0.4625395184592194, 0.6560628690204294, -0.30123053190888516, -0.039728207524069026, -0.5131476804283646, 1.7508698499198871], [-0.44228386765928246, 0.7083303413566666, -0.31218593436142134, 0.03687676167254355, -0.4514788530566267, -9.085642661492734], [-0.4151139108870064, -0.7529506951856103, 0.4157114616911826, 0.016358424158845728, -0.29607781778650755, 29.34350436321175], [-0.38296543203801564, 0.65609981161273, -0.3294581131800487, -0.11551659696183095, -0.5486198889503338, 3.1135905276355933], [-0.3275869297178931, -0.7904935750936126, 0.3814114736594069, -0.1319198296878746, -0.3239277041406072, 32.98817406269123], [-0.3199101933678412, 0.5043303738191156, 0.6549639680686509, -0.12407995154179063, 0.44602097302702653, -76.83837088331684], [-0.3194645420300741, -0.47413233739116273, 0.5351724662511825, 0.4715126238354935, -0.40547158957922425, -5.785841415808715], [-0.26729603202524055, 0.16463333781470477, -0.09953502925920733, -0.10912176134599472, -0.937888007437278, 22.726863707001726], [-0.2666109321404856, 0.2555512866324474, -0.6118093552584434, -0.3679917310398769, -0.5948811221313084, 40.90345573112494], [-0.2594404349233253, -0.8116144698951736, 0.40611010220788607, -0.12458682412037567, -0.30581909869050206, 28.41438789886086], [-0.23745746867609654, 0.0809942005021264, 0.8741516310012115, 0.16396922859421045, 0.38213467278840746, -79.42323227073537], [-0.21953291282144705, 0.8461805553947206, -0.3675816477618425, 0.2127547107560154, -0.2353782766948258, -46.80242448300555], [-0.20952833184502037, 0.8078530964835733, -0.3925882554083473, 0.03525466424220575, -0.3848412958879869, -29.727846066880804], [-0.19191740914866406, -0.492290872918935, -0.622043245213056, 0.3246172048830342, 0.4780201626344995, 6.5177802137728875], [-0.18723473248489994, -0.6566957986031292, -0.37972755629167093, 0.44777660286332727, 0.43473771399458827, -1.1037769318764603], [-0.17961400869898664, 0.7413703487468961, 0.31859483604963207, -0.5564808883980858, -0.08327763906458337, -51.721764560435105], [-0.1422444086302386, 0.7228285250744013, -0.145271524029199, -0.46860272914553575, -0.46539565758157725, -15.960927846595954], [-0.14059985412413883, -0.34681393830979335, -0.7382431768151165, 0.3925075605600689, 0.4011067189706876, -0.6222639044828029], [-0.13224800795751585, 0.026067499936243972, 0.03992655392152745, -0.21967681714393758, -0.9653905510930814, 20.71283762278538], [-0.08442323174169693, 0.1916826966077028, 0.048175151170097685, -0.3728808231418175, -0.9026458376940016, 9.657002742460612], [-0.06379011690856559, 0.23349818049589835, 0.7614848479094543, 0.16473513079197213, 0.5782841721655223, -98.34220461630431], [-0.06018071968491156, 0.4730063988185946, 0.602186682799612, 0.01739004462631415, 0.6400875042223252, -98.67166400117739], [-0.0328854313285536, -0.43372165550761904, 0.39018269258427746, 0.7604699475541493, -0.2832790130326245, -37.840102221595515], [0.012622932255548431, 0.32450900251206977, -0.707529631665266, 0.5234080892127009, 0.3463818143786073, -59.171444144268236], [0.016893395372168562, -0.5381493031573887, 0.1108073118632265, 0.8351334488597745, -0.019590889138591267, -40.82460622295328], [0.029735346522232288, 0.49178607530580004, 0.6401345897033321, -0.3113005801644194, 0.5005815829184721, -89.3047885741085], [0.046315706229854835, 0.20402231221099232, 0.3098635051939634, -0.915076892361879, 0.15115766831605656, -30.36824885909234], [0.06081134649642163, 