{"omega": {"vertices": [[31.766420616968716, 56.92320910379528, 81.19543765378899, 80.93165833340439, 89.9636042963458, 90.7733706154356, 45.81954246321435], [91.5764999942181, 64.99235427980047, 58.33328939985895, 68.96643286926596, 27.284630763477878, 35.6598955787783, 68.58230604019278], [34.32219367393117, 31.851758270068043, 16.918101348676018, 1.7419240945542147, 39.07247428659345, 67.77454242655175, 95.6969426192639], [19.58405612323675, 28.47809301215152, 49.641380209502174, 75.98853496985504, 82.80139662614246, 63.28790826059849, 6.8853038537541655], [25.73622800881672, 93.70687387549377, 45.167049828497696, 86.9142249751166, 84.47952884194278, 49.26966300061436, 46.139700489965726], [15.06995642304042, 97.0201700960822, 44.428170963484845, 72.9233841858188, 34.53082727249323, 70.83768034419245, 28.04527656940602], [76.90074158357521, 0.03288247756629836, 83.2975932889147, 4.972341535364199, 79.347544255414, 81.29103971483838, 52.11968652999899], [83.63862822962189, 52.59229742087482, 3.3677731637736574, 89.20469671612565, 70.3523218569366, 29.3961338913724, 93.82338503694932], [33.35924021464473, 72.26914803387466, 16.012912261401212, 66.17164996869437, 24.29065380996409, 91.11428864458729, 98.95526103348524], [23.4453442453326, 14.543777587406147, 51.60220150329683, 96.70471264802732, 66.81980400404171, 32.45787234894253, 0.48643840346829226], [34.49269032301693, 7.5475573057597884, 50.35882032015103, 25.98944842078934, 54.92412879421171, 95.99813232554996, 28.064872847441457]], "constraints": [[-0.9307897715749306, -0.11025917375340928, 0.14697223925516398, 0.07747016686566155, 0.026283565929017254, -0.08009967340075438, 0.2945574075659632, 9.05076839913853], [-0.9011204950570114, -0.2222490004695606, 0.24454296798792066, 0.0551764829963364, -0.15556310946481508, 0.07649434824091393, 0.21375280435853283, 14.212513922762406], [-0.7036266507628557, -0.014884820354903787, 0.5506371925992203, -0.35154227096770124, -0.023060194662847207, -0.2766493558882747, 0.028949155726608923, 32.80119867925954], [-0.6574612915231912, -0.3082626234856744, -0.13524735602109686, 0.26837267519515917, 0.3778477890683759, -0.0677780243805026, 0.4848095014699064, -22.359746482298092], [-0.6569102740366473, 0.05797230575646497, 0.5255953438441278, -0.37924696113906087, 0.06852834838376254, -0.3728771250480438, 0.03599855150191512, 31.617678990291658], [-0.6515671447848324, 0.2035553663356538, 0.3302149337577353, -0.5623457263071706, 0.28524292729282896, -0.13110684568922507, -0.10098672062788196, 18.677251208469432], [-0.6355517907844712, 0.16847215444076014, -0.36267636249680524, -0.19515112720969263, 0.4170976681648389, 0.47311601360346633, -0.016239486661568617, -23.885058805109647], [-0.5415164977742425, -0.040431056313533956, 0.5507838761781486, 0.08779803371790806, -0.24285715004699146, -0.38721231299091136, 0.4302799887055117, 4.95836709379574], [-0.5137369692709035, 0.061047005739405795, 0.06931321826072195, 0.11082951632903892, -0.34173664290378997, -0.6942503168344505, 0.34131019623111936, 42.065072112121655], [-0.48531324752342486, 0.037617031426308664, -0.8443607099558601, 0.036005094560525364, 0.10401838752579057, -0.13131555400161246, -0.14405219785635517, 48.30205933277928], [-0.4670220175752493, 0.04412618274055204, 0.6645392736233339, -0.1936325537133474, -0.14227753284588662, -0.477246383422773, 0.2298484200695793, 19.6267734990021], [-0.4466377256980899, -0.16111256635021204, 0.44696876755499404, 0.2093003338097228, -0.06392341957521488, -0.42273172308699547, 0.5900690305129608, -12.78485004782923], [-0.4370183351232926, -0.2867954777665162, 0.10363234478890958, -0.05096827848734206, 0.6383227770440495, -0.3691582661201013, 0.41193701856267256, -16.872542423330493], [-0.435501865361215, -0.20569184661262066, 0.6669727912101706, 0.018095287479005275, -0.5001900569161409, -0.11350007899346677, 0.24449230026948277, 14.02250587563925], [-0.4344137950021902, -0.21681833591864486, 0.6524820222916279, 0.0425549294317888, -0.5125609614697875, -0.09484558218373082, 0.2549829970918533, 12.757242872088696], [-0.41734223099943296, -0.19192981879967547, 0.6710092060619983, 0.016457001488891055, -0.5180895197194111, -0.0680877998103082, 0.25575676029360883, 9.439053372487368], [-0.4169795465098633, -0.2534044191944757, 0.6485086920704872, 0.06408761598286905, -0.5013523991595111, -0.08675030714784356, 0.2799351138720445, 9.979464085399727], [-0.35988364702033715, -0.6372335113238642, -0.1497621717524326, 0.34681691665170405, 0.27014152817570264, 0.2351350388605338, 0.43981996219402225, -34.00212641171856], [-0.33760939537257234, -0.16364375185458888, 0.5099550197656479, 0.02883395600916443, 0.13925025302922797, -0.5488390538076686, 0.5270105876342507, -10.55469914760862], [-0.32103685432314233, -0.6723835704135994, -0.08986800729618558, 0.27636037059803864, 0.3651254399058629, 0.16134105949154462, 0.44837131363121907, -34.63464940920467], [-0.2640685023555216, -0.69808302304946, 0.04038490674228041, 0.3696493532161448, 0.11845366602899098, 0.18336246977828974, 0.5069746222931086, -35.6000617229885], [-0.2562974377071769, -0.46454740515661835, 0.44839295216541897, 0.3014737982212983, -0.13547160594316915, -0.19182982168784957, 0.6094369571299227, -24.544624220693045], [-0.06096794754841987, 0.06577412608384904, -0.5941682655157213, -0.08349336322179299, 0.6275253110329722, 0.48800740163129935, 0.0032193520514837734, -47.70635689989157], [-0.016926675648026173, -0.04964867232181779, -0.8879736010693894, -0.029856249242690605, -0.13965293735450088, 0.10364670098848636, -0.42144323892508917, 56.000000369846994], [0.020903553394342526, 0.07319905767165133, -0.5091897435821592, -0.20886161208489282, 0.7414364579830658, 0.3756044063948407, -0.022380350976066214, -46.35507228981834], [0.034701328949358574, 0.09780232769590537, 0.15446102957349758, 0.9360631517204099, -0.2534488864960439, 0.11679170512376995, 0.10621416265713851, -87.63531916783852], [0.0559159747424547, 0.669885788920279, 0.45662106846725514, -0.4535437141990758, 0.0804458913299428, 0.11579543643062683, 0.3377004711035474, -73.49942726770693], [0.05842414730715383, 0.22387010015145217, -0.7745071954064635, -0.18155471827763112, 0.3223930306741541, 0.33382643297649306, -0.31347716379870433, -0.9392764371855957], [0.08429494638304119, -0.7459142293533967, 0.05868931022979972, 0.33093785034891215, -0.46423882645478637, 0.04441274373683253, 0.3256560282556564, 3.260731909424223], [0.09131935493908142, 0.06561922402739662, -0.3822294071890291, 0.7533336658486031, 0.06071186773796749, 0.47564553081479805, -0.20933074108276037, -75.61577242025422], [0.1597179333312751, 0.48146597402255403, 0.3511856442252609, -0.2537727470572666, 0.3547208435107569, 0.020248774469218585, 0.6547609060439609, -104.20753843575676], [0.16901833925318924, 0.4734953973842576, -0.31237994025980925, -0.4000971540480094, 0.40275711959454685, 0.5542741333027832, -0.14192546517567498, -54.62148661780087], [0.22058243012016587, 0.26836802926840814, -0.4909220520799386, -0.23213799560251921, 0.5506421748438195, 0.5251679700713627, -0.07362934647633831, -57.47089842565926], [0.24543858281856196, -0.10196561407945348, -0.6569532327288669, -0.03792489548115648, -0.550491206645292, -0.02142588712695512, -0.43913258895951185, 70.98908655949683], [0.2499787365195638, 0.26674944670594886, -0.3487001770895863, -0.5210477935237635, 0.12777962856510258, -0.4174337720417864, -0.5316899094534253, 63.910528536182106], [0.262018175219083, 0.26366358870578577, -0.38189916794801176, -0.5033764943525948, 0.1265646227603747, -0.4040107419611417, -0.5323061477618763, 63.323186106110406], [0.26340582507356974, 0.25843546901441655, -0.3665086943292175, -0.5111050028607782, 0.142468781458256, -0.415507906954578, -0.5247164551187736, 62.62665848986305], [0.2795948192505733, 0.26957475246674073, -0.3829867294820697, -0.5063783263483768, 0.13696115657056532, -0.3760992809311189, -0.5346487800415598, 60.4815425531647], [0.3057357740642429, 0.21763049058543063,