{"omega": {"vertices": [[88.06514563553701, 13.529967658809506, 31.66074885347665, 18.97955095731847, 89.93401327812376], [38.73012142969729, 93.15471819489328, 41.5366355422939, 76.5133737553283, 2.368424203812891], [7.761525648438495, 68.70020611587832, 21.52546328785817, 45.31771265097776, 94.69814590860663], [60.665915430697304, 6.3601691452492055, 22.867147460580796, 44.27310791253907, 15.018160674248971], [47.191582445560655, 54.203299555592345, 76.39382692097371, 29.088807969033613, 13.589408226779964], [53.53961401406132, 62.129861440896775, 39.23673592087059, 60.65725529820835, 64.41444028894715], [25.51561306538721, 38.902951108139696, 64.04970276273147, 1.740845942001712, 30.7942716898252], [45.44408199170671, 58.651322247551796, 34.85247140779785, 69.07533618762939, 2.601157558994527], [9.802461770771465, 59.89967217013411, 97.18526128110675, 22.182917361611977, 98.62602090304048], [60.794265342166355, 21.5321363699168, 43.83813526717194, 31.568011357824798, 84.5654659841885], [17.688956973738, 78.7758999394065, 71.39610243334205, 46.4521792951389, 85.19649226054914], [98.31860112460116, 46.95582040804784, 29.813552129235543, 86.30334283462413, 32.36534971973067], [30.575137848910817, 30.905490280623905, 49.48190976246614, 11.785065415366446, 65.35412667113762], [3.8941987622938212, 74.44750976843302, 98.1357103038191, 40.318274828078685, 70.23315727936726], [89.17700813411929, 47.48175183728236, 57.313061628678085, 10.769187839801797, 44.96842919710768]], "constraints": [[-0.9059279476322885, -0.17896620096255864, -0.13269682294501525, 0.12108330396826274, -0.33911065936093365, 48.80869080906784], [-0.8484417171534281, -0.3960599459609852, -0.08079477356040239, 0.22430609610334548, -0.25776375155425535, 49.77845714834078], [-0.8174846093290303, -0.5627891469936462, -0.006398002405383104, 0.11320827670761628, -0.04615453592485875, 44.38678695045469], [-0.7912731111001948, -0.5815847740515964, -0.008196912190779776, 0.17401969901297193, -0.07277341016568942, 45.278255029019334], [-0.7572181216117293, -0.6170968265923606, 0.014743385970407918, 0.21234136737297038, -0.022494425637189758, 40.461844169853634], [-0.7456929880991927, -0.6375727603971771, 0.06719525935548966, 0.1713109523434765, -0.059835586623183674, 41.07080662172747], [-0.6858659708981335, -0.2325139820520303, 0.31381288386275485, 0.1589168011132399, -0.5931205968097423, 24.434216004013482], [-0.5776513570535058, -0.49380220707640465, 0.36328912973656236, 0.28065285986563854, -0.46014483637785614, 24.362182571581307], [-0.555162201569523, -0.7517081952649917, 0.0028885308474894157, 0.283070274970676, 0.2158531791229833, 22.620243422932546], [-0.460234933497376, -0.7502676973085168, -0.3854809172588654, -0.029792732249919237, 0.2753162615945343, 38.691524988151414], [-0.45685583472140856, -0.6484536293089407, -0.1512250899226694, -0.19359709595083968, 0.5571730193883672, 7.360112068261465], [-0.4027435196547567, -0.4797342842992704, 0.0974896011045713, 0.7669714289406694, 0.09951521848011295, -10.19605796776802], [-0.40148626708814267, 0.14329409432600598, -0.7164797043942263, -0.39531413160248785, -0.3855634194493189, 63.12124289241437], [-0.3941501190326634, -0.2799469741785592, 0.09116002873153553, 0.8642083776664267, 0.10539973646852636, -28.815747318470166], [-0.3652171039739773, -0.5881776007022776, 0.13724091414314632, 0.676203171466854, 0.2111345054231899, -10.34963715737016], [-0.33427692992208297, -0.15162989293858356, 0.11045056338377565, 0.9063260305976942, 0.1778794788572715, -47.28347514946033], [-0.32691256665083945, -0.5568192727820297, 0.13981456818891702, 0.7202782107016789, 0.21149859794993142, -14.888520343849446], [-0.289030826648729, -0.5229407391325068, 0.15879483439011405, 0.7384545232160683, 0.26919004869245344, -24.205544036092906], [-0.2383480879416829, -0.42175132731933557, 0.17977973454299526, 0.7852700823168695, 0.3410955170397724, -40.9332511467564], [-0.21892895217306627, -0.7081174028199605, 0.621512121647321, 0.1716119228033607, -0.18684723257542826, -1.2186289967507449], [-0.2034251356702597, -0.6216464720325532, 0.3275759371966198, 0.663165971656885, 0.15836280306041695, -22.934715120963375], [-0.15335660221953787, -0.8719097219578076, 0.4555937300815932, -0.08533043109009865, 0.037526789783505786, 7.645142989454559], [-0.14228006723347125, 0.7718532820137032, -0.12809853501919907, -0.6017149883529318, -0.07435544115987693, -14.8551195056588], [-0.14019685206344235, 0.7382498594075934, -0.10869352820195145, -0.6506752372214564, -0.011808486354443152, -16.684742298998625], [-0.13479989317320468, -0.5858632739806685, -0.3849566237701294, 0.6039498325264278, 0.3544660923247072, -11.355356517809994], [-0.1303118106425535, -0.8800216230011507, 0.436451442914004, -0.1293159297974057, 0.03699058442896323, 8.691859727670776], [-0.12295482549535089, -0.8637852161003227, 0.46406999044944647, -0.1426547937344211, 0.055189356970046864, 5.566340798212921], [-0.10935509024788152, -0.5002047803476234, 0.5792412235906861, 0.5857741171116578, -0.24327953175202818, -25.710510410576813], [-0.0927150699927944, 0.046406427427609365, -0.7468843404232925, -0.6488629387840691, -0.10193639189515198, 52.666682237194706], [-0.07008241568442737, -0.3350129424412868, 0.16614535297340816, 0.755235387045454, 0.5337321568430284, -64.78593695064713], [-0.031081044214638073, -0.2717555089749095, 0.6595491791606635, 0.6303208607623247, -0.30475138193066925, -48.38256846013135], [-0.02759734926520912, -0.8274875336404371, 0.5561767752308017, -0.0719033264974838, -0.0002726089932141749, -2.59351937822521], [-0.022736710527503312, 0.7293986892437689, -0.12165793140913102, -0.6720888707672938, 0.030927199030228777, -19.78584347851082], [-0.022502894837760922, 0.7722432835510558, -0.14568827499346915, -0.6164980000984528, -0.04288441603006433, -17.74325443648493], [-0.010478708611213102, 0.7612280034756747, -0.04294376425174554, -0.6465943145150872, -0.022220462167439007, -24.786225753572626], [-0.010437567125874663, 0.39382393380492714, -0.2283464373131186, -0.8558906813691509, 0.24515874952112546, -6.488582201499334], [-0.010112669486674934, 0.7863566645114465, -0.05608462250499105, -0.6113976121613419, -0.06773776683776654, -23.591076262618962], [0.0019411514724676276, 0.3016191243989284, -0.4641259858365098, -0.8250402150702735, 0.11365671346589862, 15.88001991419577], [0.014033923819112067, 0.32791820845270436, -0.7225000975533011, -0.5537956364090257, -0.25214420413168465, 41.889516306858276], [0.016980891979678756, 0.3627597224422068, -0.23409596788749848, -0.8517745461572835, 0.2963042919341475, -9.47343411310758], [0.017506728572693454, 0.20306257731210853, -0.7358421646370846, -0.6277505433971653, -0.15140894345057468, 44.539388622871485], [0.027737905336173988, 0.18963572432121792, -0.9703889569700958, 0.012813607074349483, -0.14645813167237393, 20.933400215895038], [0.028766930109503795, 0.7733580864103154, 0.09100260278882233, -0.6033246029596245, -0.16972826419050263, -30.37165387402027], [0.032594500804209746, 0.21041495922147757, -0.10053688631135702, -0.9328519509399688, 0.2726586062669941, -9.350445523333741], [0.09819685308802274, -0.6042012370106771, 0.6780285095814015, 0.40390896167099566, -0.04932680929330889, -34.76046493030425], [0.09971102598721399, 0.5654651757176985, 0.42421042851599033, -0.6832772715114882, -0.15324662776461162, -45.80440514073817], [0.12157814504367646, -0.7282013268483508, 0.6706469303870344, -0.032149978832788015, -0.06434792807495623, -15.690181100901897], [0.14835450361940533, -0.11323245324303294, 0.1261127569578886, 0.5990555572229727, 0.7683731936247895, -95.99834433447248], [0.15203796541516865, 0.20506661849035207, -0.32022091116428253, -0.5490526266634576, -0.7285821300721168, 32.04498774752426], [0.17300201545137206, 0.21796086179922944, -0.32835698242330225, -0.5574656185406621, -0.7099134747364926, 30.969324065572582], [0.1751650741994028, -0.6860851332511089, 0.6931688517392202, 0.12972112674023673, 