{"omega": {"vertices": [[33.64756093279618, 86.08671571244378, 18.34327934598734, 85.02251896514778, 12.289436854121282], [97.07470579794153, 79.19518256515317, 63.73100194360056, 16.3640918160485, 46.0398177895072], [57.80317942823131, 18.355699595411956, 94.78635252595588, 79.78142967835478, 70.32079166896152], [37.51623107367421, 38.313552950265326, 96.91991386243618, 70.88581016801348, 66.16212349285156], [29.259246300926822, 44.49266770171041, 64.22861208018564, 42.26050542612153, 13.603080565974457], [76.60849030401276, 62.30245279300767, 13.654737124170357, 48.14944835822415, 48.43258467070463], [44.24281300251751, 96.67205529700111, 80.71291986163952, 57.384274956158656, 29.280111625977078], [76.0910784173421, 71.34036678869509, 82.80086052358358, 81.05985580450391, 65.10687666911618], [50.89987754595515, 30.97848067453226, 79.010182849611, 80.65478068035013, 84.14946411060566], [1.5593428394477415, 14.521897599212874, 23.00501949832051, 57.23351073253823, 28.609424878760358], [92.07215627611677, 26.113119716600007, 45.6490398085871, 48.28535342440428, 68.94614843426216], [65.51252567683079, 38.555451029300855, 49.33120931940924, 48.07728184598672, 98.75374685171411], [74.30365197527627, 87.82139199269406, 50.245768490417184, 20.649074874970186, 92.01503823918942], [45.31958204895833, 37.52827582813288, 15.045884426613176, 79.06909332398553, 61.761076978137076], [91.92402630740527, 53.665553440177064, 22.605968313038737, 50.28281776467567, 79.1688083459895]], "constraints": [[-0.76824436196249, 0.4102360593957884, -0.021610861832838408, 0.10823297535554276, 0.47887949379858624, -24.157311463873427], [-0.7640830937212839, 0.20272708546226811, 0.27504840936484726, -0.4915198839247344, 0.24048977300868504, 13.171125961707196], [-0.7514135225460127, 0.22808487749667564, -0.025048902957443542, 0.01606526690413978, 0.618441158439707, -20.176980928235395], [-0.7322168946692338, 0.37758795364833775, -0.06930503043411324, 0.17539083739365632, 0.5345284120937663, -28.07793667520226], [-0.7202590728013002, 0.3692525644838702, -0.09594776361009832, 0.1867548353884185, 0.5484487850171265, -28.41127611964231], [-0.7099171808345469, 0.2904882082381292, -0.1264652027950777, 0.1393153798313574, 0.6133775139789321, -25.723987480404507], [-0.6485001044672994, 0.4737955057158974, 0.0018044773502571866, 0.2649730862332926, 0.5336210647105446, -48.08673388683218], [-0.6471427430739328, 0.039127010928870956, 0.42656561952138083, 0.47326998468193604, -0.4168124769533879, -24.534368937715783], [-0.5764977693230043, 0.4569174359355022, -0.22085471738503185, -0.6263579385673401, -0.13332556133831314, 39.00744796327128], [-0.5033319766910757, -0.5649502960809274, 0.21559909630278848, -0.3158405848457002, 0.5303299339430823, 6.93338714421958], [-0.5030282202587883, 0.48687093787540753, 0.14387669754400254, 0.5686608504103366, 0.40723903618148055, -80.98033413832067], [-0.47895962568915484, 0.5531180139449984, 0.015609766247494957, 0.40182297925694865, 0.5504114535036617, -72.71487301111732], [-0.47559632135821567, -0.12064573132370615, 0.12879839457839104, 0.8610789730136683, -0.03473791029489876, -48.7581279128994], [-0.47127159564162674, 0.5481960989316994, 0.18431669811045975, 0.32343666328750237, 0.5820654601473669, -82.6247214576397], [-0.3934753559562257, 0.29342235727925414, -0.7773925050851157, -0.2566154819391964, 0.29814401213240843, 20.393719511959933], [-0.38330582655249296, -0.33036954182693207, 0.309098937395978, -0.7665369177735647, 0.24660010088167753, 35.100982619569194], [-0.3765388501427887, 0.47502777404213686, -0.2495537536218773, -0.6999050572816803, -0.28358939166773905, 39.34651210672372], [-0.33828739088226145, 0.08719041594604209, 0.6167292232049981, -0.7026389910197509, 0.06247388319077032, -4.7489205226058], [-0.32826894682580016, 0.34415128269316436, -0.3968228647253797, -0.7353191367065377, -0.2750214071573791, 54.596171876779096], [-0.3239487758465682, -0.21885336719667017, -0.00710188313848705, 0.9199552136528494, -0.028148932893040414, -48.00024946132126], [-0.32000998613253845, -0.20255463557623496, 0.38785099706447007, 0.6289211886895206, -0.5573104797825787, -25.533072090696464], [-0.3195155006088747, 0.4984323896575104, -0.14865702624165855, 0.4993909031878502, 0.6148046943324147, -79.44570880144241], [-0.2783860696846417, -0.0807214063137859, -0.7200625772642459, -0.3815402651808577, 0.501918481067947, 25.648670733642067], [-0.27775001459695764, 0.3164148574300244, -0.46887166397137925, -0.7293004467292264, -0.26648975311292505, 55.989108627587214], [-0.26403351778385076, 0.02296620127741113, -0.7915368694928427, -0.3835111170761657, 0.39515498528809223, 28.932057836618522], [-0.255376525348916, 0.12357380171458425, 0.2573428938033314, 0.9237216163642442, -0.005035504033774927, -85.24103326595933], [-0.21192430254717695, -0.5411646537371655, 0.3302158373290567, -0.726376365176377, 0.1598867862759485, 37.591379044273445], [-0.18148202708001532, -0.3934068723209353, 0.3898406028269861, -0.7941262068330134, 0.17228806884427672, 28.991354111037033], [-0.1789254047057553, -0.0914483812071878, 0.4780293776853229, 0.6015907813161927, -0.6076177573364872, -38.557215711346394], [-0.16561913524777258, -0.43525657073484564, 0.16139770981343954, -0.860751281159417, 0.12720075047467816, 48.490728274033955], [-0.15046495510865943, 0.4391359200384611, -0.7774208771348904, 0.05304940765643373, 0.42109675985246237, -28.165978351757484], [-0.14178295409216554, 0.1951568650443249, -0.47438657208820684, -0.6989865961198384, -0.4776887172858204, 61.972168888438105], [-0.1320120476079645, 0.09390253364992616, 0.45800731156696445, 0.7932200738744825, -0.3671326060352566, -74.97294915739452], [-0.12607178346294434, 0.41931551508119497, -0.20196655130841928, 0.5357197725963662, 0.6931769194286159, -92.15413216047222], [-0.1151882059924284, -0.6008892373899718, 0.28876312962997197, -0.7285178949338649, 0.10743059767393248, 40.88477759522666], [-0.11445077834339004, -0.4723894225365707, 0.39250889605588607, -0.7687160663250473, 0.13697309481388192, 29.779380940761506], [-0.10189372543710593, -0.5082594575314549, 0.16994314729485063, -0.832746959083187, 0.09456120436841257, 48.58592397747722], [-0.07495722878067825, -0.45769162531560986, -0.029633261671426065, -0.8770328377439759, 0.12179926638095263, 54.15621006535889], [-0.07088207557212628, -0.5260405794054976, 0.35342766667889575, -0.762760066189477, 0.10743838249830275, 33.55186924609264], [-0.04764314547807216, -0.8341789599399045, -0.2429810367937481, 0.20654644006574369, 0.44740851281277366, -6.843541209127746], [-0.046756578434942866, -0.3733472918282998, 0.5017898950993116, -0.7333260575504371, 0.26242221047633585, 2.0449594349908438], [-0.022074462163357178, -0.04266359850930721, 0.6161918059233945, -0.2465560164621366, 0.7464652199142459, -89.16891317331991], [-0.018281518800278285, 0.4077218065005865, -0.24521072385777984, 0.549661894363724, 0.6864198550186901, -96.6384705401345], [-0.007212991146417706, -0.3940885280449855, -0.44625789479703243, -0.7760942059645543, 0.2077832515426285, 54.47436908693383], [0.003813278384449819, 0.5255890947903995, -0.3082025572854884, 0.5595963217876956, 0.5617870616788342, -94.20343640012655], [0.012000450998147909, -0.8609440322083951, -0.2537064485962324, 0.17924379360890422, 0.40266122606226556, -3.458307630018396], [0.04483434624977109, -0.6455250423200781, -0.6205937343751493, -0.21973720962351878, 0.38453384336777624, 25.15614724550395], [0.04600946517582888, -0.3449913072365083, -0.4531402826953019, -0.8177935411362602, 0.06886025936719214, 60.19782794124325], [0.051362732283294264, 0.30836582578053934, -0.2292273478877881, 0.6124407202416263, 0.6889438107664003, -101.42629133664359], [0.051641912260518105, -0.3406539022778259, -0.4325162672976945, -0.832227159981216, 0.04019532900021382, 61.29777564926236], [0.08606155588259172, -0.3310353276558619, -0.4452918863468891, -0.82590120422023, 0.05110144091947773, 57.40332317377958], [0.10345238494691639, 