{"omega": {"vertices": [[84.31675233611587, 10.928764165188099, 73.34312448834652, 80.55452822654699, 19.697184444859616], [67.09658732141706, 16.924325302601105, 28.54352869022113, 9.745280633675913, 19.07854784834545], [89.42240170697026, 34.83438790709261, 35.860244463025616, 61.80917866675239, 31.286398685074857], [49.554688826527915, 47.318148681294694, 59.29130016463776, 41.58961542605729, 80.94657692507563], [42.36877298699173, 4.897411246159155, 4.6383151473174955, 82.9648727760737, 41.86990533676641], [20.717620813955108, 86.57428408369708, 39.67159296129409, 80.65339570548954, 86.12081136444405], [55.486030531025634, 65.94287546949906, 89.45126392783239, 43.228251164402984, 63.35078606621397], [67.3032194956846, 0.0934045672556727, 7.972047281671967, 39.23100170225613, 13.837376243048782], [14.31865160454292, 58.4640328591598, 85.93738824596096, 79.47164221893868, 64.54460523228818], [55.702904390712845, 67.07765039267876, 32.070966305108314, 11.095266669508131, 91.17386871580682], [63.08356834033159, 1.0462678774739165, 22.377015097943687, 8.368388844217078, 58.59285488835964], [81.6713678091333, 45.73147370270478, 3.70258964367679, 56.245076282585146, 17.53548188219409], [29.13470621807828, 22.667587763508102, 6.362919279862034, 70.46877450311544, 24.76845673804714], [47.31963623901921, 17.380587176059137, 17.15049501522219, 3.0864326045966894, 56.593147986873774]], "constraints": [[-0.8562782357149691, -0.3417494058339656, -0.16854495687412607, -0.0699143172843578, 0.3416131033844463, 30.232034330899065], [-0.7090724812210676, -0.6649348628840223, 0.19724415539006582, -0.12295320015111928, -0.03248227568172807, 43.94493632582974], [-0.6583949969062477, 0.4306133427599205, -0.046708199883173165, -0.4279303272451754, -0.442472774499697, 50.833473083376376], [-0.6397894623220913, -0.614791528923066, 0.31512177023937954, -0.2014316062114717, -0.26985995962038245, 51.44947774804605], [-0.6364291648493179, -0.6282480246264499, 0.2769021206546718, -0.21095407453758197, -0.28122221052950525, 52.852253404204454], [-0.6276913300914071, -0.7283718603583003, -0.12925418357044482, -0.19860374760749291, -0.13902494248179315, 53.05926548262845], [-0.6172275170126261, 0.4716095601014238, -0.005139142969103425, -0.4723293151224932, -0.41652517612844175, 46.128552886415385], [-0.6153545492985617, -0.6374494954925279, 0.32909902464433105, -0.17856582702895288, -0.27350502143379696, 49.64119815864646], [-0.5938617468858621, 0.41069205063699477, 0.1394331613636063, -0.5638993766199077, -0.3758139854889416, 41.58083902939745], [-0.5857094086226324, -0.5728811721492441, 0.3714453258065627, -0.1374516752053824, -0.4145926412365818, 47.64170017565445], [-0.5842065986865151, -0.37522993966348955, 0.01684015288866428, -0.13922395520817277, 0.7058599308489938, -5.63978671234954], [-0.5704568766021072, -0.7178839513905702, 0.3298388835082945, -0.089122552435157, -0.2061190574563013, 42.17966079911018], [-0.5657132104543575, -0.48363178704313886, -0.061904632070219394, 0.002233882378396183, 0.6650050258281165, -1.4047797122490095], [-0.5650564878201717, -0.7176555319961034, 0.3351211207507451, -0.0785105485921445, -0.21728237653856544, 41.51221717252596], [-0.5601836202807429, -0.724028240283143, 0.33695191773568806, -0.08368770371314325, -0.20356127387869982, 41.18349846026976], [-0.5563609267852497, -0.6680747891455466, 0.38090400818018677, -0.15988729575908994, -0.27108446001551806, 44.49433448680634], [-0.5432847307438249, 0.530552500049238, -0.22060761243472443, -0.42953789056037833, -0.43610231361562835, 46.27639413401373], [-0.5371299593340501, -0.4522560724099769, -0.018992508841114007, -0.045649948860440256, 0.7102895314806934, -6.45362376865684], [-0.5179410832851814, 0.5566161823596041, 0.039269111224717046, -0.45440920272344454, -0.46247775423760323, 37.46259594624781], [-0.49001365634652244, -0.41893274466064984, -0.05317149384322068, -0.06804776550607086, 0.7595553079908783, -11.39511860715595], [-0.48637684909057777, -0.23780032466853193, 0.49365758055586856, -0.566107973396818, 0.37777310898545446, -0.9503023825681396], [-0.4611193555863513, -0.5031104386991445, -0.02840362960694486, 0.054448768835006864, 0.7283387891449185, -12.880066331067013], [-0.4455682141340007, 0.5945923187320279, -0.28024665752398426, -0.3937741893680813, -0.46296073245195757, 40.50231973969545], [-0.4350830667630457, 0.5525167795379792, -0.38003611621750355, -0.42309695668653724, -0.426602213962785, 42.95133638512848], [-0.4320833579278072, -0.40122020768896727, 0.6132927913154943, -0.5099290159564341, -0.12716393966059958, 25.671664354968367], [-0.4252107176303746, -0.35977106921015856, 0.5428872203398224, -0.5163862785453325, 0.35830057311347485, -1.6205015625570631], [-0.41868322934615665, 0.5953768914749038, 0.0009745872970552142, -0.25817229396193764, -0.6352769690237364, 32.624169015360145], [-0.37888219816365765, -0.37592012612715003, -0.33689061846298696, 0.007959769356806968, 0.7756118178255376, -13.678760487679817], [-0.3761570643689601, 0.6258597303587973, 0.029799916411649537, -0.2746424509927439, -0.6248911504695008, 28.394490349632107], [-0.34218714660261235, 0.09707785472757903, -0.8682169022860836, -0.07999745669784775, 0.3365763870625602, 10.594240317453458], [-0.33736060098277704, -0.2967878268556885, 0.5255192663001914, -0.5892261417857402, 0.4180273499645886, -9.72966484336273], [-0.3155462588605301, -0.5145581049755455, 0.6773424153708925, -0.3940888110906512, -0.14683928778014885, 17.18886963763601], [-0.3119593854477699, 0.22889197437017145, -0.6838080968250685, -0.4242629096029355, -0.4502191423648084, 49.299952509756864], [-0.2908341751856181, 0.7030401900260573, -0.030657267680409408, -0.37823057296363705, -0.5264520295014513, 22.220469666658875], [-0.2731366141635469, 0.35251903205774, 0.22735811126966377, -0.040016860912082355, -0.864773763549162, 22.759388302550718], [-0.19714211701395856, 0.4241536680625396, 0.27413722599095003, -0.08227802947577309, -0.8362462309391405, 14.980391054442066], [-0.19413652940856446, 0.15120188710876173, 0.11413648786773505, -0.0037880244769851056, -0.9625006546967784, 25.609080714160736], [-0.11818997185761113, 0.23532258203704734, -0.9327911523364376, -0.005606532819033837, 0.2460155398512952, -1.6538301245047293], [-0.11245405473164852, 0.1621572607250486, -0.9500623229549476, -0.08901882923429282, 0.22475840120397025, 6.351900847573262], [-0.11129903941511414, 0.20686379806670435, -0.035181326545434675, 0.9016792852408161, -0.3613262150810609, -55.813324040296706], [-0.10344612506318389, -0.4229686927678601, -0.16905489537041535, 0.14832086458320987, 0.8716752535366864, -41.56391510632085], [-0.09119552895823456, 0.1125497536351566, 0.46124877859687297, -0.06439698484223838, 0.8729939982845326, -96.14214970209716], [-0.08577423139404744, 0.43553903290647084, 0.0001834806386484666, 0.6838417898747869, -0.5790586367539642, -41.22188378584707], [-0.07638944794373051, -0.015927369470341082, -0.9839093863460087, -0.15139623941086605, 0.053967298404458054, 18.179175933194692], [-0.046847002876122916, -0.6295861505058893, 0.6444771038131931, -0.13414773396215962, 0.4099759572780782, -33.70654338159928], [-0.03816636032188125, -0.701316756920337, 0.28922086229523236, 0.2307129744822151, 0.6081290583595658, -40.893177759583594], [0.04486700547399196, 0.2989860131828638, -0.143103612560149, 0.8661417761951725, -0.3713678706384272, -59.01166245849367], [0.06932621444059624, -0.04761255033355868, 0.4991995177632832, -0.8616530599606359, 0.03578780193654025, -10.380386281417385], [0.12486123444290789, -0.21060540096585179, -0.2793882777343958, 0.5516812796068881, -0.7467563144783718, -17.466456135881714], [0.18382456956969426, 0.7051891844650405, 0.22421043262001733, 0.3929836968977886, -0.5140138496314466, -61.18262136671949], [0.186030083178994, -0.12535573397658287, -0.9365325743173866, -0.10937611320291817, 0.24621606611811545, -4.158682620336926], [0.2205936255133509, -0.37836461039320807, 0.14805783255338276, 