{"omega": {"vertices": [[11.392288119803162, 30.619516738016582, 1.2968957112782786, 80.22728596644008, 2.266015788247533, 77.2938482861763, 18.35062378896517], [65.21083293367948, 3.98688529337039, 4.571292729656018, 56.60290682221047, 26.99731667081715, 16.263412005335297, 19.143004344314228], [3.0839602443728187, 52.99172794211058, 93.70694071754637, 62.12227781804012, 48.61070970592414, 41.78369661542111, 30.437324964667322], [88.96256129205509, 11.750877272168802, 19.222601669837104, 46.79792356980768, 48.20063126026083, 41.899974403677774, 31.574616068141893], [91.14706219055765, 77.05917649445195, 29.648599501250906, 65.79898447863127, 37.78293331236446, 18.195579230564405, 52.81967354665218], [83.11067950693494, 44.38313321317673, 82.14950653104151, 31.328437297046907, 84.71652929560712, 54.94927240542565, 75.25299014565027], [89.57445244576611, 34.498501714852715, 19.012333628667133, 98.78993029584841, 66.4825137364173, 33.632241596189694, 8.759274066843881], [50.671443240565864, 52.04168495084554, 74.80944062886601, 39.02893897995163, 68.27569637341495, 91.83845230706127, 63.04970776876796], [66.39125238333088, 71.65318228611937, 40.66767567974372, 61.65990332244038, 6.33377619432599, 65.49891049727219, 36.531634664655385], [97.97759309661248, 96.82062713369301, 55.56706905609605, 3.5216225304124715, 13.08932947289858, 42.70782428541604, 56.09378751642357], [34.934783795542224, 6.346212511483563, 63.25026929329998, 97.32276725130798, 14.157556646967052, 13.56291699524953, 7.482335276868524], [66.20522944437155, 13.128754880028692, 94.96410964413535, 28.73870074093775, 71.41952380225345, 93.13922811735327, 98.20478401067311]], "constraints": [[-0.5383540156595785, 0.07109024020532372, -0.4221867302367638, -0.5131721571918296, 0.22973941984565757, -0.23152236296285017, 0.39642278930821945, 55.7743325990041], [-0.525490027216518, 0.18051052078974528, -0.4152271088453209, -0.31387933119637357, 0.18818421074191688, -0.24411677064467957, 0.5703824171775688, 34.1550050891534], [-0.5161256858741762, 0.09823505034426966, -0.4116881829688096, -0.35352810964776027, 0.15980305046615992, -0.31129261873992375, 0.5541252182830533, 45.29880493742866], [-0.4992640796184649, -0.16625914731996122, -0.423068096326945, -0.00013413792482604633, 0.6958741669812231, -0.10550594004654705, 0.2207584266920783, 13.865015146217846], [-0.48909824874271524, 0.234422526678498, -0.5040734750124012, -0.4246882353681231, 0.39602884997769605, -0.23257675486831014, 0.24586178977543294, 45.68698649332249], [-0.4415795711855706, 0.22671551361921605, -0.5309287908526956, -0.2030235225006404, 0.6193584035398542, -0.18580366955942323, 0.11124653205329632, 25.981829175556125], [-0.4310780078202351, -0.06809888360115886, -0.37805045803051085, 0.26312071897728734, 0.44831880334555957, -0.2835859855599926, 0.562111084230317, -3.034583750862069], [-0.4144203378453479, -0.4286948056494152, -0.21737431923047676, -0.15018112647976384, 0.6904158962949718, 0.14426706720012838, -0.2778191592428392, 22.560864418041714], [-0.4142787751868887, 0.09194847621091097, -0.35629966010403474, 0.3589459904274866, 0.4896777928824753, -0.12734831690272844, 0.555090053646895, -27.883638724058287], [-0.4140337345303731, 0.41301011502276347, -0.10890256129965656, 0.1583228228534238, -0.18770520000333366, 0.008482728558280155, 0.7653545770907294, -34.7650073510478], [-0.41270546392954754, -0.3202138907257521, -0.26516517308453386, -0.19380987442830092, 0.7732691440053486, -0.012243149379393988, -0.1454900821658221, 22.479913707233365], [-0.39243551549377603, -0.1340282463885538, -0.29204068614426315, 0.39597219902034586, 0.3296887588444727, -0.3149378251513843, 0.6148727829145068, -10.502032510834294], [-0.3840742875046152, -0.08220960861074447, -0.0958716225284466, -0.08534823507610738, -0.3787625551083677, -0.41913243076118445, 0.7142266902217032, 34.012431340462996], [-0.3661519806686567, -0.11394001888439212, -0.5716581877771811, -0.05656170169931178, 0.6633215583759519, -0.009404004191509408, 0.287878731927345, 6.8802902866521904], [-0.35692114616381376, -0.1565757421549363, -0.23766744123151026, 0.35170152203369515, 0.38707867959876374, -0.40526329485469775, 0.594847305458284, -10.16779258542288], [-0.34935037151809506, 0.3562788680416688, -0.4886443464157123, -0.4012000249582267, 0.5462101936828975, -0.115699418465011, -0.19887935458550182, 37.24641580340135], [-0.32454540356997175, 0.3291892843875204, -0.45336808486013075, -0.42339632839922065, 0.5838071907489604, -0.1579059455421241, -0.1890304239708718, 36.3148494047373], [-0.32080685756576877, -0.5853430134293921, -0.036364280997204894, -0.09160044787634843, 0.5473636365136796, 0.22210534218255057, -0.4424994691308411, 18.686090376255976], [-0.3145880413546741, 0.17929247717613428, -0.6495044476253631, -0.20757845121073276, 0.5977412871689901, -0.06525368612666893, 0.20589084737535504, 15.500815738397378], [-0.28932124713921964, 0.05262123569405378, 0.06762558534057193, 0.16539308110138634, -0.5251779715974938, -0.24101249259397356, 0.7400656774917714, -5.433769360376445], [-0.28612260598741357, 0.33248091666240714, -0.5672314919965691, -0.4060916178341911, 0.5465845115063344, -0.05096380406509432, -0.1399156505436351, 31.66261348613562], [-0.2854102478783354, 0.3153449500311633, -0.5056343744478005, -0.4280220384399241, 0.5860660249732074, -0.11680452646934224, -0.152029220384637, 32.881016245917436], [-0.28377335939819154, 0.15729976982390426, -0.6724782990773318, -0.40546056279471343, 0.370956356490324, -0.04285552596742191, 0.3723693296593364, 27.45618576009047], [-0.281593651151478, 0.08652731617162905, -0.6577886354170887, -0.43729035722273296, 0.3042359010513151, -0.023060823679641587, 0.4429650197319924, 29.45864522322824], [-0.27891363497644384, 0.28132762758313723, -0.38564828932402917, -0.485819287163706, 0.5855319177686129, -0.1228442159157086, -0.316825881572409, 38.583339255666566], [-0.27306452367024536, -0.18683974188315167, -0.0434593553253914, -0.8475289513280211, 0.24558600937463143, -0.032799420477779936, -0.3300671869136203, 66.9446861652466], [-0.2674486062817712, 0.27190175076751755, -0.3663066150209016, -0.498798276519122, 0.4904196257930106, 0.01142310858484563, -0.4805398290342659, 42.0376158005747], [-0.25357405253497683, 0.09676400462124805, -0.6721703918356697, -0.3772701313006494, 0.2863275123145572, -0.033352572768504625, 0.4990944812758395, 23.835446190886632], [-0.24236513355997052, -0.15281187874552757, 0.08721576886388027, -0.2186846031972504, -0.15243764065485035, -0.6909954071342386, 0.6014700647294378, 32.23297726889737], [-0.23607552895145933, -0.02081723534525022, -0.6410817849391686, 0.061695430629589876, 0.4927137367519824, -0.050794295013173014, 0.5326311288420168, -7.75591064622011], [-0.2346826082779159, 0.7473391234271967, -0.2920958298704459, -0.014675994534233162, 0.39817478498612496, 0.17988271515777793, -0.3316202628193718, -27.374016829339013], [-0.22519330987921807, 0.11658920094551992, -0.6880275488985257, -0.3628534882788345, 0.30171591590363456, 0.012956450559742332, 0.4893362912031153, 18.333839485395877], [-0.22068740568085984, 0.5015049314102079, -0.2091166221812886, -0.12941307961228038, -0.04204052252837402, -0.40058566314961996, -0.6907069471507928, 41.54493376121989], [-0.20234972729281617, -0.5678201654364636, 0.10484740306991014, -0.15949071929754244, 0.6810479207843696, -0.16440791197783, -0.3306786176789412, 14.62512771836947], [-0.17872725735605655, -0.2871963474309693, 0.0990540573010952, -0.7446520845704548, -0.07597849638022483, 0.2238061282820127, -0.5151645147024152, 62.76980047631062], [-0.16911909603876424, 0.5853153377517918, -0.1280501637428466, -0.0016241708451719778, -0.11036990408858867, -0.30981592409146447, -0.7100970228305852, 21.528639512573545], [-0.16553433635079018, -0.4983186184868788, 0.10207039478102906, -0.13719715187021753, 0.4032550364804391, 0.37323386555272553, -0.6269907265214589, 9.761877495600682], [-0.14729124735050078, 0.0631512041116029, 