{"omega": {"vertices": [[62.953357046045554, 76.5135929350409, 37.3670049749991, 18.061463005194, 12.436457945767154], [53.20266141034434, 92.64115549085966, 13.67594762678792, 90.8137141351311, 9.098447346248372], [26.78221822266994, 82.48012450009789, 20.573676116735975, 79.1371982036288, 67.24142195309693], [83.57449741823562, 0.2617614057557005, 55.617933842354496, 4.527300967278092, 36.45303821094562], [49.398566243140806, 15.40427233819701, 91.35442261708813, 39.320559908059735, 53.951863259073896], [70.62996475965106, 27.719936291274994, 66.39183506800902, 9.838564975577292, 62.720999172331474], [87.29913837325003, 63.79803179596936, 90.35257854783946, 81.30603228395134, 40.933565774677824], [49.034620286905074, 95.68961855878563, 27.5525998484916, 57.72200920620032, 33.047361387542104], [63.458850152874135, 41.01509174641591, 37.17270466281168, 10.918748980536408, 85.89896219996128], [86.11938956191463, 4.998852540987198, 54.417411303368254, 56.23533286127951, 67.70930542984962], [77.17670147901543, 92.10776742551256, 25.739805758515367, 97.9071687276033, 27.088330748929835], [62.39348232952449, 3.520610243393607, 18.178192634277547, 23.08435935287513, 21.312527406791638], [48.88708656506265, 76.42441806382976, 20.965669572384705, 84.0947970336685, 67.53697670876163], [91.40858280438142, 75.96006981822401, 51.216698804481744, 34.82978472649646, 86.14592796590472], [24.244166823068134, 49.0375223932743, 15.420071632974896, 7.8019194717909635, 39.847140647163236], [93.7747503897239, 46.19421889747427, 47.0515447611315, 27.063719858459955, 48.358455554865685], [96.45639086724583, 34.34644037110868, 91.68960746838657, 26.33464235064702, 31.06423470536763], [90.68542787154803, 23.71180177263844, 56.1126080809512, 37.416617111498326, 95.06719289998956]], "constraints": [[-0.798202321234024, 0.227063615240792, 0.4196214433704222, 0.03230864942133025, -0.3663183921763836, 16.09119141565303], [-0.7766919545130856, -0.39094025896164464, 0.006060099537035555, 0.3458467792198693, -0.35251752043620416, 49.25609034600913], [-0.7346219943324103, 0.23798303256791367, 0.44431653579475316, -0.027327491233834555, -0.4533548564811742, 17.56690869930353], [-0.6785859624120928, 0.33880950409088817, 0.5664995955427974, 0.1465988287517431, -0.2869080047914388, -13.73531030547539], [-0.6223081972401464, -0.6245955773649934, -0.21762966957942886, 0.1868117008324075, 0.3746352729451154, 32.68619419668916], [-0.6030409763433892, -0.5794517046602935, -0.19759884926360197, 0.11612383965731199, 0.49804342325748563, 25.33049520425608], [-0.5854046140048111, 0.3341032362625969, 0.5784676836854302, 0.014782198470478592, -0.45916564653807634, -4.882452027476672], [-0.5779776534333998, -0.5433636940810445, -0.14244599000221042, 0.1420373342501621, 0.574658388695075, 13.345582575148462], [-0.5762074990121578, -0.15572335991682015, 0.2599382935602003, 0.0071145417982311455, -0.7590234647851034, 47.787099046579726], [-0.5608742892659012, -0.6635165786198909, -0.19675448147578384, 0.0103282609999497, 0.4542540947321626, 30.987800053631815], [-0.5324178661060655, 0.48358346910708866, 0.4824451678463639, -0.3712106625178809, 0.33485451813010825, -28.69188606130607], [-0.5170368625690878, -0.69704155379753, -0.07655656010994538, -0.3151431385790503, 0.376337415539456, 35.35957785554991], [-0.5166642522453224, -0.4962972151378666, 0.13924411055887273, -0.5996410592256904, 0.3283120504391217, 26.312180770758502], [-0.5015578905736078, 0.5493534619085101, 0.5187859592216612, -0.36075496159955356, 0.21764062692487748, -28.636571685211845], [-0.47899055288126047, -0.5830804204343062, -0.41320776521587893, 0.13107481372929172, 0.49260938838778534, 25.92552865908725], [-0.4696492592761295, 0.5570369831511568, 0.5329994004052679, -0.39307637139956914, 0.17476263352963542, -28.04538852171865], [-0.4590764495911389, -0.5718815295225314, -0.058327791201886116, 0.655678561588438, -0.1699524117763286, 20.203240038859562], [-0.45829988045036524, -0.19842177486852125, 0.3463913729189463, -0.36486172481766316, -0.7053218820989565, 46.451513234489674], [-0.45034802714117167, 0.48182509005855245, 0.5154788811431087, -0.48316698821036236, 0.2566367503677106, -27.114527971138045], [-0.4349626890484627, 0.5884510265541415, 0.6169836415018878, -0.20862471852441164, 0.20084760746094912, -46.575172906673956], [-0.42959027960804674, 0.17725539237934504, 0.43746816061177257, -0.02179331191316948, 0.7695319210699011, -62.13475343142492], [-0.4181299730896477, 0.5169284806334075, 0.5375171970317458, -0.488139296350532, 0.1753498268252082, -26.67899853647321], [-0.408827973240706, -0.7658711445868003, -0.10758900182445855, -0.18330318060155132, 0.44847032103916606, 24.83370880470713], [-0.39261111727220166, -0.7659070132368959, -0.09027386555819412, -0.19231002978299364, 0.46272069254665493, 22.036677883063895], [-0.38835565885662277, -0.0016238616035516775, 0.4818916321572243, -0.6674715496900168, -0.41405244899503374, 23.770551493355175], [-0.37187968644423935, 0.030265162247723607, 0.5069875691084705, 0.07305182635983144, -0.773573884124348, 10.451867576017712], [-0.3712067721648991, -0.2087573839971267, 0.3746974619873159, -0.2667609524165394, -0.7791445906708699, 39.84806004999946], [-0.3692793293475008, 0.1437345652724112, 0.5258947472629513, -0.7181366159023028, -0.22513921773923742, 8.369146149040132], [-0.36694727639316926, 0.5982396980303547, 0.632450587381275, -0.31268648491557327, 0.09844986907258078, -41.88248234690105], [-0.35798910144649426, 0.04183126220786019, 0.49564600566001293, -0.7413565629477687, -0.27353141025332744, 15.668397906960381], [-0.3518818244740174, -0.774493809579441, -0.1526550895579489, -0.195448905835484, 0.46350260988232633, 22.09021756263408], [-0.3459960679105961, -0.45176212140604727, 0.12076733328273903, 0.8086095902269046, -0.08811066029696633, -14.023101111021866], [-0.3261034663829434, -0.18668876732256345, 0.34031423881794715, 0.06907685374295015, -0.8591963922778927, 31.534743207973857], [-0.30869983947587193, -0.4395479527538344, 0.1009584463923061, 0.8351926737410795, -0.06134000463614714, -19.525669070001168], [-0.3079906846546828, 0.7718651165207904, 0.4647110528994607, 0.3056275719573443, 0.0011851737506996588, -89.2418743779077], [-0.3047230677665778, -0.5762250411344407, -0.3211793971179243, 0.6840286237559255, -0.06369608064927297, 12.447019983489474], [-0.30441840087556127, 0.08304230523963682, 0.4635920328173652, -0.7831766431864229, -0.2686078655295905, 12.973095736560644], [-0.30399845339653087, 0.5125805526802986, 0.43273877687671947, -0.6498750869902287, 0.1877382210503776, -26.848912253743517], [-0.2995991348537284, 0.5798895271424306, 0.6630918161812341, -0.35827381618162063, 0.0769260076798235, -44.77215289681341], [-0.29763036364233575, -0.3659933274794195, 0.11868367377133648, 0.8728895399767659, -0.03798799097033603, -30.807048904075465], [-0.2951120326125671, 0.5221704409818498, 0.6234144678407586, -0.488947964698437, 0.11194287773761928, -37.23103224309128], [-0.2726245881452521, 0.19114982167926087, 0.5506440680703414, 0.26192982492606953, 0.719250621635993, -88.88516959985564], [-0.26826146007604473, -0.6276474564817208, 0.1902537317609558, -0.456402815251595, 0.5381398026455056, -5.547966764987102], [-0.2654501329651727, -0.43355508608736554, 0.08256827068280545, 0.8556056881453927, -0.05184208065123537, -24.070549590445445], [-0.22983755926035013, -0.2097691745489075, 0.35071497897047554, 0.6448040918055082, 0.6036541033397584, -75.37669857778369], [-0.21727944798234353, -0.206764668752188, 0.3411893843711785, 0.653144301950689, 0.6058302881682704, -76.57121879418625], [-0.17263985843826246, 0.15165471583399528, 0.6126934105349358, -0.38641241522124337, 0.6499911972432247, -69.65450549286662], [-0.16871904878830557, -0.34867120720401196, 0.3177380854884675, 0.3114001203392741, -0.8074866846739179, 15.999710104922105], [-0.1617729211195589, -0.4695266611796281, -0.682318639466936, 0.1714278014627441, 0.5083581607052207, 9.34801635370897], 