{"omega": {"vertices": [[14.253945374995169, 32.52006546800408, 30.60711457560561, 19.172421834167817, 93.43050427404775, 79.39881005681427, 20.85672981025941], [37.48178440413766, 83.85087638149696, 55.01320144763321, 30.127656014603655, 23.359734015408083, 12.81170435444523, 32.05061148478187], [71.79923279717814, 70.51210904886645, 94.47838837054407, 1.83465658159645, 67.08618635597824, 19.027204804569497, 43.04181126751773], [23.55894320334996, 39.418567571820354, 29.676687565795156, 82.02378099402138, 45.802511957194234, 65.54044988580159, 66.19778203461762], [66.96427101630675, 87.33084708964006, 53.60393780535922, 66.6851602414792, 68.42809425944648, 63.789562199781926, 57.510686690592784], [76.42614473998877, 33.45306606501672, 89.50841496762364, 52.67153803014965, 47.97263285886573, 1.8953596491343205, 93.84993289389209], [37.89031888187318, 68.6549834498868, 1.3990640750410455, 9.449130611822609, 68.36173652865918, 39.74115936125342, 34.79120750825378], [63.24102445973288, 16.70789283021177, 16.81018226231562, 3.8394802617519264, 65.23886133959273, 35.29977371326897, 13.987814144425359], [36.29667578786626, 7.067474519280115, 99.50608908224655, 21.781407964226183, 88.39040805728847, 45.0049073016068, 49.733352797222544], [10.284653708199077, 10.551564038456396, 91.15743553584763, 81.95288319840067, 50.90246392892268, 53.07637233964394, 21.755559112634447]], "constraints": [[-0.6621158363381663, -0.38954079146203274, -0.15958894294725945, -0.3702861384736812, -0.3694227657928102, -0.21991521860735078, 0.24988848060573218, 80.85399955828946], [-0.6348514389744138, -0.4028238140922406, -0.20713185999702444, -0.2247303532909217, -0.21573039226582136, -0.46980479658742796, 0.27209031050827037, 78.07582403316903], [-0.6189444794568112, 0.42976265076754105, 0.16057880370535546, -0.2162554821898888, 0.18285259397045028, 0.04200312655057738, 0.5696143219906107, -38.22152159232956], [-0.6098419979698627, 0.4187511513991211, 0.13344418409707373, -0.13961886435017495, 0.26305742383511055, -0.09468811315270027, 0.5807532919881613, -38.9348208755326], [-0.5989169807197172, 0.35282248911390335, 0.06798360295916842, 0.2062002252511392, 0.5212063599243264, -0.39078847306441716, 0.21284439835366073, -31.07869154450745], [-0.5540538302852734, 0.32319743402287926, 0.04716748954968446, 0.23811262557915405, 0.5350213879784986, -0.44765382138408544, 0.20737296801273794, -29.511251085832974], [-0.4675578972294005, 0.3590899823301635, 0.08796133125083284, 0.23355610607421695, 0.6139539435180373, -0.46175616681359294, -0.0003801274029862502, -32.87437188694122], [-0.390937869624027, 0.2952429579795796, 0.04472430114452032, 0.28408188653439753, 0.6138641712316445, -0.5478765976483932, 0.017274533707001518, -28.996610311542124], [-0.38857970979258144, 0.3055513001659967, 0.503938064917475, -0.1549726247748715, -0.3296770165804407, 0.386251061878599, 0.4688254540212963, -46.38387721777448], [-0.3752481173777349, 0.17437348302527064, -0.06970109556094414, 0.3544874724673137, 0.6712111418074976, -0.4843396006616536, 0.11469037582912577, -31.632578533897075], [-0.3413839609395333, 0.04934197307036993, 0.027415098369472136, 0.030790545573890035, 0.48709012789927364, -0.6558890320586795, -0.4602993596776019, 18.00010952628641], [-0.2924352410925591, -0.2766835847375537, -0.30642035762974196, 0.2995345665651512, 0.5449574629694506, -0.5934635317382713, 0.07166471668289642, 11.511920198221775], [-0.23034423374370697, 0.19487562487917734, 0.3632434727943681, -0.32755283277102015, -0.4454403093464742, 0.6533224751955004, 0.21090523995075114, -22.54601545464373], [-0.19858820925697113, 0.003574152704450451, -0.051170234656974685, 0.2081653545078112, 0.5115783214780041, -0.765615268049891, -0.2583014192120974, 9.824470219385695], [-0.04438181376080587, -0.10467075010572092, 0.036434493630810874, -0.5649905882830493, -0.555346440011699, 0.470743887600945, 0.3694901559686383, 20.557035834315716], [-0.043157850013346884, -0.12343426451711072, 0.02045280506711711, -0.5688189766867581, -0.5550072845529035, 0.4198928438399572, 0.4178336399052465, 22.173168573752285], [0.010625946298807134, 0.052109721944970516, 0.009673666208068367, -0.5097437526959592, -0.1959742893752661, 0.5243229852381538, 0.6510905297793993, -29.269397677142948], [0.013668750657400933, -0.08487371110477795, -0.25627383345643634, 0.48687115909025896, 0.6818877929445544, -0.46449255759216573, -0.09573670625790416, -23.757641025930706], [0.014064719557909671, -0.014853782423209765, -0.15449349381892474, 0.4194310534550677, 0.715963869418143, -0.5073857492031361, -0.17247127230367318, -26.040194696883283], [0.022854939351778184, 0.08717661119049576, -0.05655080607032061, 0.35414853012316777, 0.7048385460841032, -0.5114607403844771, -0.3238352206792437, -26.70969308536443], [0.02754159149424375, 0.06603452892186482, -0.07287986773829286, 0.37268039421219135, 0.6803860592920963, -0.5621035594160438, -0.26794243633495685, -23.84838577913465], [0.06273708785384126, 0.2844345020412208, -0.004503224930209187, 0.2968215532584259, 0.4591793270407352, -0.3156883465841362, -0.71870228314098, -18.5433346347016], [0.06520687378009611, 0.1250078166364054, -0.09342193355635302, 0.41764540990248133, 0.5211240542010169, -0.6301423299830906, -0.3582124054331222, -12.988517986086565], [0.09747870727755945, 0.20204689315899454, -0.31335605320077986, 0.3151389074638396, -0.322673203036486, 0.3439507842300475, -0.7278394531673391, 13.607502100528903], [0.10111511478125702, 0.043045631628581056, -0.31525713246340037, 0.5924253427821844, 0.29093214137889223, -0.6064695540776985, -0.29175525686836346, 2.420273899856948], [0.10799776212160021, -0.11329055512674237, 0.1854840036900953, -0.37659542477161345, -0.6323429578607085, 0.6300711607895522, 0.049254643408091645, 11.7138684791789], [0.1379965619990145, -0.09888166384887852, -0.01766498775125123, -0.5316763724478178, -0.38627992713877174, 0.5504018580212781, 0.48583244148141985, -5.760959440279372], [0.15182651622691495, 0.031075668501260537, 0.02400639235031235, -0.4551951535094061, -0.5661560650341929, 0.6396147845873158, 0.19637798885768618, 2.8335086645307674], [0.16562912474477806, -0.23017095678635188, -0.22841759172854942, 0.5147866602413603, 0.7174243082207247, -0.29143068531783156, -0.05271564799946641, -40.54478675687202], [0.17978187300994453, -0.19637046973949873, 0.19288654788414936, -0.33677516414128694, -0.6966218120098411, 0.5296224727615695, 0.11274960129559725, 15.13607039459433], [0.19012828457121655, -0.05243530893457736, 0.17774857483620787, -0.30730960335581137, -0.6116329346844748, 0.6779590605243124, -0.036670029645223166, 3.5274675961984845], [0.22206201965420902, -0.0774753048914388, -0.037021302665129034, -0.49693984339320413, -0.3245848141545264, 0.5894506646957445, 0.49351683260695717, -16.75380808702264], [0.2311306104183866, -0.11074605114528291, 0.19705632574071122, -0.30319378528364366, -0.5627897723664408, 0.6975494139093635, 0.015772552384760056, -3.0432457039288012], [0.2365048844016605, -0.09808902169648746, -0.009311220594077145, -0.48110125191802156, -0.3358890964041743, 0.6101064372450113, 0.46674138470863086, -17.466536973832714], [0.2712811904857713, 0.010604623412408629, -0.06303807371874572, -0.4352724149379128, -0.5953940791999884, 0.5007401502399512, 0.3572441407470809, 1.5673731776300688], [0.32229883251609415, -0.0850832633765575, -0.0882299112316533, -0.5092749463357897, -0.057974960951997466, 0.541440789763749, 0.5702802712117204, -38.829925674320755], [0.36085474961682634, -0.1912579864406781, 0.2083480014391589, -0.22491508147234324, -0.5877668902920197, 0.62436806550202, 0.06247519653387979, -6.8328171768541], [0.3660550560611707, -0.13620504795057684, 0.1816678336695965, -0.1870712563184494, -0.6912562127164547, 0.5491913324418982, -0.002598627649983369, 2.537177162760231]]},