{"omega": {"vertices": [[49.89146303610043, 6.13688115069645, 2.884531004123736, 55.45055214135053, 2.2412926792637067, 22.962087165663338, 8.826235745387267], [43.23028711322896, 74.0948364871578, 23.211833510986125, 54.105151554647044, 95.30306045254918, 89.67043663545866, 93.45101011244151], [83.16345845150826, 80.84957697797668, 87.69741001459283, 24.186026550419726, 15.76925029448768, 61.587476493272895, 72.88621433341899], [27.077255742254923, 19.90399849374044, 2.990966376707438, 28.301702993203715, 27.74762437979348, 64.95783813594426, 67.23346202329031], [76.94616554700744, 74.57540103027338, 79.96533771686893, 12.11280962582666, 3.56140365481169, 48.3717951558577, 56.130531302341716], [64.09594187617556, 23.276501290544903, 66.53468513667418, 12.601657043629078, 68.80168154577132, 98.99934749286754, 94.98564402523684], [28.07151604110123, 83.10685371172549, 3.8043686779774544, 9.856277311502614, 49.08084557514124, 55.67972500918016, 75.21026934583716], [72.7148744866697, 26.676537650787246, 48.55188580434717, 70.91265494497078, 82.23367185842972, 72.19371319071524, 58.71311275149195], [4.022723699529507, 66.01141569008533, 62.04575367491469, 76.58156196137485, 21.468965643710547, 11.129059929908857, 9.421269023205436], [75.3591011885187, 65.0364463297815, 30.962596089564066, 89.28627848107914, 69.59097020507411, 71.20899161822156, 51.18441700387013], [54.76584886400071, 92.47806738877469, 49.844197382844825, 96.57554462305477, 58.12315823176273, 89.88318225402485, 74.9550960315822]], "constraints": [[-0.5996714113222812, 0.1826791034094482, 0.23240275142020012, -0.16340048192440815, -0.3760181979472472, 0.6184637880701978, -0.04924068356371376, -9.899022633806322], [-0.5331818371036484, -0.3476727551547973, -0.30569670000717325, 0.6277031468406484, 0.20871741334298644, 0.23456276492206643, -0.09378924051537645, -10.215887686401658], [-0.46181340186573083, -0.01730881048665482, 0.23338214730620338, 0.1414813402093589, -0.21191178221061094, -0.24585570398155418, 0.7788407796257872, -22.366905320523497], [-0.3473854704687809, 0.38747756961381924, 0.30925689972434234, -0.328071546217409, 0.16388110578646728, 0.5336918580005321, -0.4628495245313564, -23.341569745289263], [-0.2799119911874313, -0.06653818650298694, -0.07282685900372483, -0.3138864909202234, 0.3842229919573843, 0.4126473419627445, -0.7039093194256054, 27.865275450926084], [-0.27556550989663553, -0.021455834153834865, -0.021781919451212398, -0.08269653884936666, 0.12273670842650215, 0.6888415647174813, -0.6532404813739932, 6.062524696950113], [-0.2748396875510273, 0.13654443789184176, -0.21411079723170706, -0.07735554905185854, 0.07530573158082135, 0.6365471881886317, -0.665678730445526, 8.871417464688331], [-0.24976718786310995, -0.039542094870453605, -0.007608022068606549, -0.06761897328626246, 0.07727088726670724, 0.7017811944022824, -0.6579931095508881, 5.995425209761024], [-0.2447348000333809, -0.22438346788315228, 0.2911475221660419, 0.17014537691686074, -0.5601507871960099, 0.6530778151551792, -0.18910597822272293, -8.75876115897915], [-0.23365493879816535, 0.0032430387986049367, -0.046737058092482825, -0.15638618589897513, 0.16305740244118572, 0.6391793620964908, -0.6954249687165854, 11.539632574841452], [-0.19553192462206556, 0.10470029413463804, -0.047269461832733166, -0.1979846863935316, 0.07287796922768752, 0.6651794724926156, -0.679409926163214, 9.403469042236843], [-0.1894259733489642, 0.08184828678154808, -0.05778480689486482, -0.2157600743130532, 0.11975053870003824, 0.6335439944852767, -0.7012909385761108, 12.453013776420796], [-0.16679078492959737, 0.1141879166602053, -0.04292416426351242, -0.2071837921106087, 0.037861035666708086, 0.6668440509832607, -0.6842951847023304, 9.87571209056939], [-0.1510910984972927, 0.06445604074060535, -0.05052991603387162, -0.27022902578373154, 0.2429231807436766, 0.5339492807989975, -0.743859122259128, 16.033124788096405], [-0.15013428188403594, 0.13940490380312964, -0.01547546974051487, -0.2257141606738164, -0.05635222311933784, 0.6820415655428239, -0.6621807363007717, 9.505289187541834], [-0.10844741645029361, 0.15093505430207868, -0.016390939145157112, -0.2342575336880804, 0.0027709782815296753, 0.6533634934602884, -0.6952848188801002, 8.649267198481038], [-0.09320032332240656, 0.2517610649085874, 0.08337052344628988, -0.2847407615359922, 0.18252809932966552, 0.5599759540663496, -0.7021485201091497, -3.14664519326481], [-0.08345067365462185, 0.21146670320996597, -0.223894058825422, 0.2966922428238047, -0.6725405721649785, -0.2618554594002214, 0.5378511682103696, -10.167282213369266], [-0.07117132234588165, -0.2038686945316754, 0.12768170213974836, 0.2976142369614299, -0.06676270261604236, -0.5330089091762323, 0.7482911140994635, -16.654544493615067], [-0.06063445312040716, -0.4076342408019526, 0.2564793480701665, 0.45596283788147285, -0.34002596604829866, -0.25265233480645105, 0.6140221196625991, -19.352450620690462], [-0.02309855853798621, 0.3118147832639152, 0.30961299291779587, -0.26206583218968804, 0.3981054184941068, 0.3854009268479638, -0.6562602327561213, -26.284434246960814], [-0.014043661977872553, 0.31055342845602785, 0.35461941632317756, -0.24495697068681224, 0.4414403466779852, 0.34505125966179856, -0.6353507253805832, -31.018572889277408], [-0.004478458951946762, -0.17858361461621616, 0.07430144287981129, 0.11660804598596089, 0.07098823430922989, -0.6984991487564464, 0.6752994187540179, -1.846125069935404], [-0.0017348031200748852, 0.23442862822840746, 0.3460962468104525, -0.20004094313448534, 0.3150819430545311, 0.45563014452782874, -0.6916399050786447, -26.941434571749447], [0.00016564534036438025, 0.3085708804609879, 0.32465277422967687, -0.27474185299223514, 0.4459845641264355, 0.3241182561718497, -0.6480328689731655, -26.549699614520648], [0.00040050647326199694, -0.03333726450664437, 0.21739148731164498, -0.033736967873800594, -0.08985322775665937, 0.6753292467692891, -0.6973865718184044, -7.72201737246791], [0.00391584290939362, 0.15084469105781667, -0.1216819666144784, -0.22914239644210296, -0.09625193453447822, 0.7212161599930236, -0.6168473248469768, 1.0355250672477183], [0.01173212365094416, 0.24142798443110638, 0.12641611813927758, -0.3792889399156435, 0.41274754217917786, 0.3053596436996063, -0.7198115761538803, -0.2593320770682155], [0.012818300142988685, -0.20513636278213607, 0.38456432111204897, 0.15556088980774818, -0.26678271826232847, 0.6522887654940556, -0.5375985528092637, -18.750852982044783], [0.0170900802008704, 0.12852636431766581, 0.016326266514724, -0.3707811005446954, 0.2676867519926374, 0.3991382767644034, -0.783885304214679, 16.02526723221281], [0.047096863605913475, -0.22687645402351903, 0.0768544436752084, -0.0135733795562958, 0.1036842880414419, -0.7730952808057556, 0.576013344560874, 12.009009587657516], [0.055740314027416554, -0.22140741650668144, 0.068658124016045, 0.01128708980428995, 0.10796591002003592, -0.7681401461318728, 0.5842384060401711, 9.993355218906274], [0.06726522270855063, -0.22010745384064123, 0.07605747026070511, -0.01789820585935009, 0.1322553109658394, -0.7832774448669866, 0.5566938037254332, 11.543639532397307], [0.06752868662447459, 0.10020884656623363, 0.30031791943355146, -0.3063041242348253, 0.6076813686054741, -0.6511112248751582, 0.09034667336336909, -8.713995356162986], [0.08502119828580157, -0.11306068627562953, -0.04088783067658556, 0.29856993409518207, -0.06366243014197792, -0.641753748814233, 0.6879477288931098, -11.179214638107197], [0.08623093044735189, -0.07195643625993034, -0.07417040491699041, 0.28721501335525557, -0.07889086506221177, -0.6499757152674409, 0.6860762246464012, -10.526737373064918], [0.08784943475148674, -0.11688444075210462, -0.03659307947193534, 0.2277971908501859, -0.01019497913897717, -0.6910418165038741, 0.6691391192740254, -6.2069242973867205], [0.09760824745302797, 0.65147854126755, 0.155420808840554, -0.24592893389744483, 0.4465401031053664, 0.037644553662978815, -0.5297135979438623, -39.2223794573753], 