{"omega": {"vertices": [[3.1956026532296455, 80.14219046825141, 63.88592046253262, 36.00485551494057, 0.4129483573186543, 52.9424818058407, 21.16305607163116], [20.446868784886398, 69.00416204978393, 60.446407179192896, 75.26427363667904, 35.59972488812366, 60.35492884124917, 38.761201904701714], [1.6052058024713878, 0.7232213062924098, 30.976537371086355, 23.594309973119987, 21.00891087191027, 8.127976194361553, 90.22055621854793], [38.676034377099455, 96.50888508296937, 79.75499723721752, 25.59954239868052, 47.478120234128895, 87.56180412899838, 34.82914330193785], [33.50463752498879, 70.80067449513837, 77.27171036616862, 59.000251130037185, 27.936960942762923, 89.84079656077967, 54.45806254949267], [87.40653495846324, 9.208689748249233, 55.61187469672056, 17.5828248719616, 35.802921202891014, 3.202456028698919, 86.04992876729322], [69.76137562589005, 43.505303002397255, 36.31295248383272, 90.87662180635047, 63.68039558053088, 91.36311379553753, 18.000249325480844], [80.92839398514815, 26.38708400790133, 73.86275205895626, 67.73730989058224, 82.86299921017566, 16.465576608621912, 32.370267291644794], [95.69974889441826, 34.2865088252193, 42.14322657773846, 69.85203099990709, 12.50940885929518, 12.412486307762405, 68.54790044551312], [41.607103624032284, 34.630111991581416, 71.06241958476109, 31.6074081295729, 96.85638717517497, 47.898325666964304, 24.401557876830772], [8.593343013667043, 42.99671317769166, 37.3277423530181, 33.381137812728376, 82.9787173598969, 66.32186675020456, 52.022020270782164]], "constraints": [[-0.601287184936905, 0.14476889104969773, 0.6635210906338725, 0.05240164415818602, 0.2416014713858571, -0.18262380169902923, 0.2876921887462895, -50.47664791873262], [-0.5779548017680468, -0.1304561182278732, 0.3377485840863145, 0.195231428936517, 0.19361015219009065, 0.4825063727985449, -0.47588101518235637, -31.85864484702956], [-0.5119013510761918, -0.6190593521885634, 0.33145547498200484, 0.21492140939624219, -0.07614621512291374, 0.32893938546063534, -0.290979751421068, 11.109651245498982], [-0.45749958277330366, -0.1761456390402246, -0.33880773097415257, 0.338662664146694, 0.1400111487876839, -0.382394638797629, -0.6036182447446048, 57.99173828956064], [-0.4012284602297542, -0.5449804848197197, 0.4389320725359887, 0.4993326020276802, 0.18900338816577789, 0.20702500080832728, 0.14641021283032118, -43.20246864189165], [-0.3766984565416124, 0.18366232807479987, 0.7596638184472846, 0.07724287263796133, 0.15497899203478205, -0.35548898161461, 0.3015293346136142, -52.453075038237884], [-0.31933120912124585, 0.30810824512431756, 0.5284470941204935, 0.14039359022071082, 0.35780334252553947, -0.29476950896755655, 0.5377898301090298, -73.0330657654925], [-0.3104483500515671, 0.5740611127899358, 0.1858109807154565, 0.009553327095956575, 0.3413304916789544, -0.5992843214525512, 0.25260734674778695, -30.988413191485265], [-0.3032080434420396, -0.6533660682667012, 0.4958740651824288, 0.2744776404527053, -0.19317094320080438, 0.15854737828772447, -0.3122439993686528, 10.06313664235169], [-0.27041351958681076, 0.023564069156975762, 0.8848044210853253, -0.06128046271415352, 0.02717420158857231, -0.2882470161239296, 0.2363521204696815, -45.09713493569435], [-0.2373266161919077, 0.3305077747412315, 0.676288200565323, 0.09906847613804368, 0.06725175641654006, -0.4449207884081285, 0.40593483244910283, -57.5648382082159], [-0.21975802411142142, 0.26284169885314174, 0.5263589887427057, 0.07194635150211795, 0.381725881245616, -0.2228462944468632, 0.6364082575646611, -81.46510188540644], [-0.18827475987291772, 0.1148888525463949, 0.7561894528619731, 0.2727403210770355, -0.1722058456748359, -0.4182474519802392, 0.31710820018082964, -51.23243645819498], [-0.17012838288427595, 0.2541337083468897, -0.660377005069548, 0.22432388951335105, 0.1400415240567509, -0.5177671812094369, -0.36381164493500195, 49.342290138474326], [-0.16846438673087316, 0.4335287167315561, 0.31838923117143275, 0.16976129631764025, 0.3538090614679088, -0.3002772516477223, 0.6619174586647397, -78.62217173488315], [-0.15128228899970486, 0.5521890537319123, 0.38973801871572017, 0.11218599638481899, -0.028526862103479145, -0.4347346002246096, 0.5638364501009431, -61.61300851519473], [-0.13171551352718772, 0.6345526000962204, -0.09877255812333527, -0.17826105190818148, 0.31266527227421226, -0.6505580435745106, 0.1321955362179614, -6.1897044548822455], [-0.13111984344428057, 0.6689589132416851, 0.018916543361383924, 0.02054703508654599, 0.23287584346967577, -0.6217862864030461, 0.30605914192432887, -28.795522858796296], [-0.12821670516263517, -0.6126316270111792, 0.45724120803239754, 0.39580928098235546, -0.420500094229093, 0.07302377127287049, -0.2456738823126895, 7.551834048093644], [-0.12623450604329084, -0.06071153954741494, 0.7161307859783343, 0.3260424763349125, 0.010330108666016852, 0.1440673997534691, -0.5834122321587564, -47.50560130710012], [-0.11841330692652946, 0.37965300041304945, 0.2965200952573756, 0.4771695619144071, 0.6414824655584169, 0.12175169454594231, 0.3160754681517503, -120.05022990104798], [-0.11566581665631619, 0.6830719870193555, -0.1520691260288674, -0.007071229688288634, 0.27612182945894376, -0.604717012174281, 0.23437817413194664, -17.46255168540697], [-0.11093094362264919, 0.6627588291432523, -0.059991564308615485, 0.04746130823945088, 0.309472013990497, -0.5458198588503131, 0.38587724837433596, -36.4420593169159], [-0.10505857074450124, -0.04472041992377076, 0.06810124015491457, 0.6143250517996741, 0.3206439695179091, 0.056549370655755646, 0.7063422301306151, -87.32573431796396], [-0.09247063792383761, 0.3423239331842331, 0.16173800746995337, 0.3376695605477129, 0.3555687899240763, -0.19528582093683472, 0.7546640805572726, -87.04535288906024], [-0.09193799275061192, 0.6789168483289765, -0.18297925302469514, -0.060327817780369164, 0.27565668882154987, -0.6145489407082532, 0.1996032446898706, -12.056494233614796], [-0.0889729035957218, 0.44008594726777384, 0.6367289429010167, 0.16414785942643847, -0.02897748997886017, -0.46997384782790247, 0.3799010428959168, -64.71958330338305], [-0.08038558272870085, 0.551044902519656, 0.03905386714029176, 0.16709822915502767, 0.27676645219042734, -0.24199384892337514, 0.7247620014848234, -74.65788538319593], [-0.051307422990849796, 0.5697327020582044, -0.6613942567312053, 0.02761513499136887, -0.13812815886481755, 0.10389881972615227, 0.45242997803196977, -19.254589223059256], [-0.044731698988186526, 0.430539451363948, -0.7663676454397091, 0.06781894816768168, -0.21558957825603253, 0.22514849318968685, 0.3514902103605248, -7.1126386402696475], [-0.02958002594173098, -0.6165294288339165, 0.37881484285444683, 0.21367618200127902, 0.2443698761843896, 0.4093466295017034, 0.45008553637586435, -65.3506170063696], [-0.02568020329591179, 0.5125666397711289, 0.12205669236316458, 0.22790431411790557, 0.37233740163688755, -0.2343956313434147, 0.6900734031663869, -85.231344833796], [-0.022859525798733453, -0.5691674619856916, 0.048383545968279464, -0.46132798922454904, -0.24512467201646923, 0.571805603268189, -0.27076485808633655, 34.76502529273771], [-0.013826400327394305, 0.64061935931606, -0.4538914557756991, 0.07358150226227542, 0.336785049504625, -0.37918970394961277, -0.34752694121590516, 2.34242836710467], [-0.006318048430259633, -0.706598274619017, 0.4538934694225342, -0.03324132475115626, -0.3419307217101964, 0.2453368726318581, -0.3412446245610144, 23.222206428142133], [0.0021543633356176863, 0.5180563560790985, -0.7445766851033476, 0.03922677735418671, -0.16178116550917412, 0.19384296803283152, 0.3345617264635864, -12.645512337853118], [0.009268192322293749, -0.16876840263682977, 0.10913198003987884, 0.4805970083506669, 0.33185098816390035, 0.17814047947561462, 0.7659562289101743, -92.13745251760201], [0.017237214813822718, -0.6832539676649436, 0.45115299201564785, 0.11267660909285324, -0.43908440316956915, 0.17958416807090186, -0.3026322308111697, 18.901467632794116], [0.028365931333164177, 0.09869216865753509, 