{"omega": {"vertices": [[0.011437481734488664, 39.67674742306699, 2.7387593197926163, 80.07445686755366, 8.504421136977792], [30.233257263183976, 53.88167340033569, 67.04675101784022, 96.82615757193975, 3.905478323288236], [9.233859476879779, 68.52195003967594, 55.868982844575164, 69.23226156693141, 87.8142503429413], [41.7022004702574, 18.62602113776709, 20.445224973151742, 14.038693859523377, 87.63891522960382], [14.675589081711305, 41.91945144032948, 41.730480236712694, 31.342417815924286, 16.98304195645689], [72.0324493442158, 34.556072704304775, 87.81174363909454, 19.81014890848788, 89.46066635038473], [5.336254511708038, 57.411760549201304, 14.672857490581015, 58.93055369032842, 69.97583600209312], [53.58964059155116, 66.37946452197887, 51.48891120583086, 94.45947559908133, 58.65550405019929], [53.84246942799851, 65.22988820635422, 36.1261020211621, 57.10085611850925, 63.78364840596764], [35.653172355805495, 75.27883531756042, 88.1341829634011, 1.1669193680893586, 49.81090696282365], [70.90425219928454, 47.0640807662421, 76.45925702404985, 46.73926831470522, 26.9001051257828], [84.20308923596058, 12.417331511991115, 27.91836790111395, 58.575927145828786, 96.95957483196746], [15.213715839256237, 16.16185247557571, 93.87116997045199, 37.113390095546826, 5.001808588824264], [63.94608808799401, 52.46703091237337, 92.48079703993507, 26.329677048711098, 6.596109068402378], [23.43620861214205, 61.67783570016576, 94.90163206876164, 95.01761192470796, 55.66531881951564], [2.4101626497119, 45.200160835818515, 80.83387458230065, 36.837685402390065, 60.92069891338239], [45.95452841220066, 96.13172622555156, 33.41852204130513, 47.20834208741505, 10.539125153469719], [12.652615823040536, 95.00433102183811, 31.3610829528669, 95.2831123720716, 21.83932321792569]], "constraints": [[-0.9787629967930978, 0.19649613896360432, 0.012114274107485383, 0.040973041002137715, 0.03983362593181977, -11.437967107278206], [-0.940757131788666, 0.041876508123883265, 0.17370893129623394, 0.2876707064197354, 0.017121591982154183, -25.307195499816224], [-0.9164334041843561, 0.045003557028418795, 0.27012276528735474, 0.23786493960691674, -0.1690516421960255, -20.124133803678454], [-0.8673817735431512, 0.2860961414703407, 0.10042885383021208, -0.2240056358141992, -0.3248590112691149, 9.083373325023189], [-0.856826491602253, 0.015147051155518482, 0.2938523215976067, 0.3331573490654874, -0.26129662069230825, -25.85119384378895], [-0.847250209990619, 0.37144330827335553, -0.10098809852033902, -0.3415638523805372, -0.1316529115287995, 14.018781948972679], [-0.823591641864447, -0.2819116662867892, -0.22693913868400317, -0.434135725980111, 0.04740694699635529, 46.17630329691703], [-0.8078500325226782, 0.42054548604073794, -0.10195066311339437, -0.38224745138331173, -0.1183755351648688, 12.472025179239704], [-0.7968256614981158, 0.37639202840317715, 0.1467006069413789, -0.28769605902551415, -0.3451200018498651, 4.672129399455284], [-0.7890914875413396, -0.44495438732701137, -0.16634681599911325, -0.38933941930467303, 0.009683536063707136, 49.2127416220399], [-0.782747416411815, 0.5403974504200706, -0.02585174798081074, -0.30009604799665657, 0.06746203957220072, -13.504796927304458], [-0.711984882586634, 0.09168956752301594, -0.22310201148507336, -0.6551992171469734, 0.07490012347684677, 35.178870953850584], [-0.7013764442368429, 0.485143239844029, -0.22206283916840458, -0.4499999473779084, -0.14455193919027381, 15.781980940209209], [-0.6933637587533343, 0.4657996676766325, -0.2798608325583426, -0.4409997557388492, -0.17168138360874582, 19.065852741685884], [-0.668197028857716, 0.4674119967653602, 0.5063151586077097, -0.03842069749558474, -0.27786249490268056, -42.1011429802271], [-0.6661181396089156, 0.6194190337808726, 0.41142259092026084, -0.02970282406826013, 0.0495568218992819, -61.57412194349647], [-0.6568389921837984, 0.43303702043978964, 0.13885256759341774, -0.319055127818995, -0.5098678918707485, 4.351507386477371], [-0.6214187456253646, 0.25497876665999647, -0.09184915752439306, -0.538702200628771, 0.5001882070158434, -13.23011069969554], [-0.6126749228019319, -0.2251923539714914, -0.028992021282924964, -0.7562624464171669, -0.03382924065771554, 43.91877331346618], [-0.5986496088251159, 0.34355180158568166, 0.04692402705789731, -0.24496533951441993, -0.6792502658093134, 11.639412200124129], [-0.5257225157797498, -0.7015593181978111, 0.0035963010298918265, 0.32151355693992417, 0.3578357986210623, -0.9564543677371233], [-0.5221990221025166, -0.7019232093343094, 0.0019214611358401665, 0.3249859992651544, 0.3591551166024661, -1.2267436364745237], [-0.5218720298968785, -0.7035179104287413, 0.005612973766434534, 0.3242571965491628, 0.3571244868793847, -1.097957176539051], [-0.491409817214865, -0.7641031487879493, 0.03517976334687795, 0.2950051678191193, 0.2939338442031895, 4.1042834419515835], [-0.4889732503568396, -0.7062502613145187, 0.06337718233772437, 0.3907413609628312, 0.3246848478455481, -6.1959279281803425], [-0.4718578694152605, -0.7325062109660082, 0.08228622182532631, 0.38459642766474694, 0.2934269372302774, -4.44827767842162], [-0.41906322708353666, 0.12586037531531644, 0.17985853003237195, -0.4780851433750076, 0.7400207311221171, -46.688590571664534], [-0.4007737162657636, 0.5471442014558361, 0.4491015438056973, -0.1113787124028971, -0.5708907399306776, -37.91416597624891], [-0.3928750360947079, 0.27627028288069205, 0.07622358722028894, -0.05746344031745616, -0.8719012871815006, 0.850598716031076], [-0.3917112797610641, 0.5423390744685826, 0.5908978221303157, 0.01310950147252652, -0.4506645164479915, -56.50649030141016], [-0.3878044447275347, 0.346597257849181, -0.4886133510449596, -0.6983140480440817, -0.055610583398305206, 34.38344907590157], [-0.37853568180977903, 0.8034068940721175, -0.21456403501542742, -0.3133968875177612, 0.2588296079011773, -40.599940066492245], [-0.3758054256444026, 0.5470858286376015, 0.5755780868443175, -0.0012677139391428529, -0.47767733566304144, -54.718412156585785], [-0.37422127089582086, -0.5368509493671072, 0.26872517380049044, 0.0904847122816635, 0.7009627639054397, -42.59080246413319], [-0.3664830705251411, 0.5396276897653838, 0.6060013836656303, 0.015181909515305863, -0.4549988440378167, -58.31950771148511], [-0.3659031154738408, -0.44437473387707227, 0.3253533815664246, -0.7174253249808826, 0.21929907924472922, 7.736556267181282], [-0.3504795192718554, 0.49954201435191875, 0.4116378175368891, -0.054867633799588186, -0.6746597160071865, -35.971509405015496], [-0.34198147838604126, 0.5688353270770946, 0.5964510971966197, 0.0230288805158828, -0.4507669003211374, -60.77003116038755], [-0.32906575848927605, 0.2581563498328179, -0.6438733005831343, -0.6260341474275738, -0.13630643668471662, 42.812925075414846], [-0.3199391495006399, -0.5577513106597373, 0.3742409312487837, 0.23945054380843345, 0.6238265612508346, -51.094544077990925], [-0.31357144958696215, 0.2783043333828295, 0.04728236508409698, -0.5881925513752272, -0.6899373482302761, 21.114976585071346], [-0.31123208124182483, -0.7945405147330392, 0.31277228963409126, 0.04701366953617252, 0.41449146163392886, -15.602101343346423], [-0.29185395882691606, 0.2696097825753049, 0.6969089479058898, -0.08602718627534295, 0.59080375202516, -100.63997558484395], [-0.2906691178329931, -0.14551336896442282, -0.2051619564200037, 0.8577173333588136, 0.34141890850475115, -65.24610886662603], [-0.2649249425691361, -0.7249529490350669, 0.4195237232430667, 0.23709124845261517, 0.4147837774474242, -34.508036374773965], [-0.24370036336860096, -0.09537150824697489, -0.3263432343276386, 0.8186140469007787, 0.39355500750722855, -64.21643857714491], [-0.24322471413065863, -0.32279156656853286, -0.1879735493944289, 0.8094367565860242, 0.3822635541139773, -54.74122325622376], [-0.21986150881017086, -0.22901494586496757, -0.2976373788727022, 0.7977938343719875, 0.41731290424573564, -57.52767269273192], [-0.21460070067820086, -0.05728147600986756, 0.9469132691521392, -0.11704356031687284, 0.20080198571357527,