{"omega": {"vertices": [[82.83805535086387, 97.53289972946777, 13.780318829813854, 32.752029345008594, 4.509872653397052, 31.382178425461237, 33.04365598449542], [88.74776097128496, 13.904924531719365, 7.6628673927496616, 25.42001929768708, 78.70780096676793, 72.53087193623328, 7.866781369271614], [50.66411789602625, 26.641754157220333, 74.5948430220197, 56.50432524493135, 91.0182740014309, 64.49576215256303, 97.25194987913912], [54.644054909767824, 10.005680015047858, 60.0416504654247, 28.244132396485575, 4.27304855923566, 0.47636652711108285, 40.62745829755362], [27.74141804146265, 65.40429975700714, 5.941523395169002, 88.41000197365699, 94.90020339406789, 92.60109074715409, 66.58090168246729], [7.822890805750071, 73.65406012708895, 75.94073109983167, 12.85399151166693, 86.55537755213703, 88.36821315999468, 76.89239839707072], [0.47970011375201294, 12.364837605521362, 8.424822757387162, 75.03287255039935, 33.29410891909765, 65.6932032872247, 22.48031529104251], [57.68714512819862, 83.22285875128814, 64.6996239338998, 38.373953991906454, 75.11864925657429, 98.87776095245846, 36.67837243385684], [4.717406120970669, 90.70758078640037, 85.88025366790366, 57.37760061333545, 57.36110571194067, 78.8868818579191, 28.027400549659], [1.3736962607667325, 1.990353934365896, 95.12948623651282, 57.46774674694396, 53.468109097342534, 92.07938872198088, 79.96797995104879], [10.080177435864679, 43.80319990985582, 3.0394507874653254, 68.31232362849282, 53.81272188750267, 26.60207108614233, 96.77141982687073], [90.37773682242724, 15.875561811482253, 55.11244166388343, 72.67713754498402, 40.62098815589017, 2.219089653659212, 50.9671671034223]], "constraints": [[-0.5812863749837229, 0.17797382687701996, -0.03302439942395512, -0.3187508901544427, -0.6936668706873321, 0.07799568471172207, 0.20120057641732095, 35.72142688127463], [-0.5153363513537295, -0.1861542131803529, 0.11380875078212627, 0.13554273712687975, 0.6891123293814148, -0.3788153680889306, -0.22377198873041113, -1.6073270593926026], [-0.4546611214606034, -0.2313465027866318, 0.18541398702601797, -0.023187222484280942, 0.5795948028886614, -0.5407414575181445, -0.2766127383089362, 25.700674430226528], [-0.4540967729317668, -0.4516309780151171, -0.17743476878530276, -0.17152210293216655, 0.712901672326568, -0.13595487437590045, -0.04701201196836103, 6.4195566660419034], [-0.445749277813475, -0.23073518542735785, 0.20282730113792155, 0.03261486498833564, 0.5680940300856491, -0.5542231658270026, -0.2756303094204408, 22.601624851337593], [-0.4357532539246637, 0.18025381712370925, -0.23449885207149157, -0.4223893010027481, 0.31380312039072106, -0.5103922934049937, -0.43040973310068137, 64.40617148515247], [-0.43400950445040737, 0.3409447820638871, -0.4333720502424653, -0.3307052597026227, 0.37630325494302724, -0.297505478052314, -0.4100017728643751, 40.68969127624341], [-0.42573273925426747, -0.40099156458714386, 0.042529840636404935, -0.231694106520573, 0.5938417420892745, -0.4586929798069174, -0.19854266328503342, 37.01366881314988], [-0.407629878711073, -0.2071459231520451, 0.14861426364790686, -0.03573035985699569, 0.6119230498240217, -0.5459088410061484, -0.30838175843223053, 26.607355463609302], [-0.3843659706176099, -0.25936324460589216, 0.132646255800101, 0.07430830302344978, 0.7529076965646941, -0.23089540257220562, -0.3764227257052127, -4.73875250414477], [-0.38321357101838005, -0.1565111636651708, 0.22833330138351088, 0.540864893615614, 0.5162023554825594, -0.4275554295499724, -0.1863120173944458, -25.297910311841715], [-0.3777923139070099, -0.22528615127859974, 0.1026879559071956, -0.08077838393946545, 0.6353180449470028, -0.5363008198708903, -0.3133712915458633, 29.286416083671458], [-0.37511173476869863, -0.16055202005772992, 0.09092155876271185, -0.07550692080265992, 0.6249997598179663, -0.5546342651014156, -0.3482848583561398, 30.521088821469], [-0.37497405878607404, -0.27993106161064196, 0.2029287167482437, -0.07108716871770046, 0.6141194539367246, -0.4669419601370948, -0.3736604187031802, 25.893770361732205], [-0.3710918243295563, -0.23942443886566453, 0.16541488320156578, -0.060794817605991106, 0.6262691951590058, -0.5033665360415789, -0.35821463977018436, 26.575939252225318], [-0.3700315790183727, 0.3865635247704824, -0.508664817706228, -0.4137401619536285, 0.06184204032269078, 0.32025819142468237, -0.42111127547809013, 17.096184900900866], [-0.3675937987062474, -0.14483655776112236, 0.05275018915951027, 0.03181033305111016, 0.7195351040855544, -0.4639175254671402, -0.32734149522550426, 13.014671846406674], [-0.3660575805886868, -0.17945103286185107, -0.015428381974478276, -0.08129863259431834, 0.3739759231325246, 0.6812674141238771, -0.47219528929930815, -37.96620280043513], [-0.3652599820451424, -0.17439312552265762, 0.09877653317142145, -0.026260569195005485, 0.6606915423209392, -0.5269515478414223, -0.33396783440942024, 23.59749028598921], [-0.3590921884416813, -0.28610565825428724, 0.21651545722060256, -0.04169291595138687, 0.6117178343311535, -0.46623239517922577, -0.38601522626149715, 23.953584768618864], [-0.32575940158346794, -0.135397802365675, 0.06606505740927088, 0.09390043919208138, 0.705673680851525, -0.4964283678441139, -0.3434383421469703, 11.06602808414987], [-0.3247599692724173, 0.29799291083828294, -0.20978070619972286, 0.007830885675908261, -0.601725878269039, 0.5290650119270656, 0.3459452276880689, -24.84806137714776], [-0.26049450927995255, 0.18836683494271786, -0.1579484076293889, -0.01986658605969859, 0.407860594906085, -0.6598764254041667, -0.5191637542558284, 42.058174251582926], [-0.24663138971459359, -0.7377145063913154, -0.084199907516122, -0.0812146555338665, 0.4712642893294128, -0.39885576161414743, -0.009427141565702457, 26.766880537450476], [-0.2355779488660118, 0.01930379329597903, 0.04560652846764812, 0.014743985798243231, 0.744873911531691, -0.5480959819147864, -0.29425618692684186, 3.355669511662633], [-0.18694278891081656, 0.25391441613040744, -0.21122940905153384, 0.16430181940965025, 0.45239664761648174, -0.5938679394946331, -0.5211766068345606, 22.068757271361193], [-0.18157274444392524, 0.23104508848743058, -0.1982693160196213, -0.061866885168590194, -0.5650165076525312, 0.7166861749194022, 0.19398078555650175, -29.087739231864155], [-0.1687189920579998, 0.25196596787750564, -0.04647354093185305, -0.24083043499204948, 0.5366145609559991, -0.6766279603488634, -0.31954245503440853, 27.30233440988153], [-0.15480839408415162, -0.08580283524572063, 0.06270251421707879, -0.5904829744157104, -0.519626641810894, 0.48733925917819865, -0.3294830584489765, 37.60508794561979], [-0.15480195802033184, -0.0858494760312579, 0.06274707574715335, -0.5904623063426424, -0.5196174497867141, 0.48736295397411145, -0.3294819380523284, 37.601847541924286], [-0.1547927365291409, -0.08580800031302292, 0.06272269067725605, -0.5904384466793999, -0.5196829286557088, 0.48738031432447704, -0.329415517894835, 37.59929191616237], [-0.1547623325254758, -0.0858379822229826, 0.06268872847227844, -0.5904600258144339, -0.5196684778452084, 0.4873961670498535, -0.32938911936502013, 37.59943733240921], [-0.13830753968301115, -0.2001738723129165, 0.2965598981246891, 0.13637083124356755, 0.801550847130909, 0.19339513561270769, -0.3929010428916694, -64.70571702589446], [-0.13722928839156803, 0.15690561915053738, 0.2039445941937621, 0.6350678991615111, -0.6888553949350409, -0.05602012393843903, 0.18434778442679356, -28.772677770564645], [-0.1243272331839781, -0.29047949974244636, 0.2697757692054775, 0.44974116651893914, 0.6190195038480673, -0.14929099484849953, -0.46866338615130776, -32.633411462508015], [-0.08728178274511351, -0.23668325127693807, -0.37978084770128573, -0.6039257432439317, -0.43382673453970966, 0.35532814599055557, 0.33606458664652067, 35.028681255941834], [-0.0362698144298755, 0.3949822099313868, 0.4701180011083508, 0.09743239546104905, -0.41394038386319415, -0.24106785433682718, 0.6186349456344837, -56.198631487826745], [-0.031825744241050835, 0.36977316890402845, 