{"omega": {"vertices": [[37.56280063519624, 9.353072894213078, 63.851071089762655, 33.273971904763314, 72.2089574197765, 93.87496589761145, 7.553624307037254], [73.35769419822462, 23.693013103727377, 45.27266443168496, 91.98052674721865, 52.17889481909871, 64.24978081189083, 43.66153081708946], [23.66908722254245, 64.58391386194926, 65.5846793643465, 13.486493714707482, 66.65132686308527, 25.94417986118843, 33.57712964701606], [31.43382850876202, 30.853224071275985, 27.802288386281116, 9.435652949113315, 37.98921880387096, 83.75048209095101, 49.44090984164078], [0.18948548006560983, 43.34274951797216, 18.314712621232786, 84.58514396388469, 23.03678511055576, 64.27723608368233, 45.31983971676824], [90.04368810853359, 39.041633805418776, 97.7028348727322, 77.28741397857492, 52.89544980121388, 11.284536954684555, 9.069019583976667], [11.491855384917994, 22.088671528920944, 77.12868519070192, 29.96538955683462, 35.42450573425514, 68.71933283594667, 86.92024552955317], [65.07190135512543, 88.05875579878008, 53.79144897489121, 22.21393982961005, 26.60235829592382, 54.14895992232351, 19.281994315179162], [45.361714280662554, 62.000341090695024, 76.91514965442522, 46.5293865468296, 65.20356870374592, 42.33433144294462, 89.08435168959133], [7.450357579256739, 74.09461902815383, 89.62287963543403, 62.74001363615287, 1.9399826122058594, 80.12993567269038, 29.736080419775302], [12.08653300965975, 97.63479291090465, 66.02801143981657, 0.8713607464739037, 15.202357166369552, 38.4075696102365, 10.845973485597781], [22.718734156668763, 85.62831101252632, 59.016084523081844, 81.40070789871879, 36.831637581824225, 87.70064466318482, 68.30584321966037]], "constraints": [[-0.8515593011415197, 0.14729409771905397, 0.036198213081500945, -0.11194902184411744, 0.39958517192613907, 0.27930460325297324, -0.04036013221986499, -22.745479739046306], [-0.8141594641274443, 0.15116373898584015, -0.05750334676791916, -0.20257217394456473, 0.29215067267983935, 0.4292272161332128, -0.019072278957806544, -21.665225657126356], [-0.7978349824044542, 0.17385527824008876, -0.09559082349405394, -0.2030813300914883, 0.4142815887373454, 0.33315933585628965, 0.015154968716665496, -20.100903601268485], [-0.7867545544169747, 0.26882772588752185, 0.1894953518485497, 0.15636767228532447, 0.08531904282886309, -0.38541398397358967, 0.3042471190965114, -19.18015069531496], [-0.6206328095032688, -0.0989252269841429, 0.40053157999750144, 0.4146154490103084, 0.5061940407108556, -0.12138965667137348, -0.04158536404701897, -39.97448567447725], [-0.6063067869395283, -0.12193705148410221, 0.4122545183491551, 0.426801130538177, 0.4907775496771608, -0.14837119965046902, -0.05033712850006152, -37.739160414484516], [-0.5980416292503137, -0.09436015708232962, 0.4029235847702564, 0.4369630656924576, 0.5080807142433683, -0.1358330332452176, -0.05967922074655263, -40.40578619208871], [-0.5940351652006535, -0.5102299170116079, 0.2603050084800207, 0.020626769376824967, -0.1415476449196141, -0.4165844850699383, -0.35358891986794067, 61.77749399523435], [-0.5870444438959672, -0.13084490752398298, 0.4195589374030294, 0.4559221600357929, 0.48863014795993925, -0.12002955427659112, -0.03460054485500769, -42.439137031268174], [-0.5418076855180484, 0.37167291155002713, -0.4284305160255061, -0.29054316346893977, 0.1883715775444801, -0.057672556960894905, 0.5113958024662278, -7.393262922719295], [-0.5338432072189141, 0.058301430615466845, -0.27912341873374147, -0.05567070510142835, 0.721694351641021, 0.20602768155033785, 0.2594477216063971, -34.23134574088967], [-0.495422976489386, -0.008875342878512464, 0.27042925220736264, 0.23963535133205258, -0.21838753039817363, -0.7307697287632643, 0.20543298344610678, 17.948747598812098], [-0.469328308433265, 0.3806790866864601, 0.19297514042259437, 0.44379723751693445, 0.05473495723833909, -0.6250155423405229, 0.08353822659626745, -22.35626978368432], [-0.46175994773427975, -0.2500474275337508, 0.37489908098671143, 0.568820081769567, 0.5035036670060709, -0.042983096473720554, 0.06917325373395389, -56.02584952314], [-0.4468875268755558, -0.30438588240877623, 0.45972773638205405, 0.6170529297675617, 0.3361629540856141, 0.04565815428203793, 0.021134437006276995, -58.97239551291762], [-0.38661937509988603, -0.5016496993988158, -0.013618704281934188, 0.2772933687672788, 0.5801989461614115, -0.4175787686020513, 0.10388989993165192, 7.3772761982712005], [-0.3607883287518512, 0.05594318331394122, 0.03815945667270854, 0.48240658915274576, 0.7803051542576979, -0.12064896137830394, -0.09538120906558831, -49.75775678597847], [-0.35878886507518293, 0.372624921859198, 0.011686754238330242, 0.39457409210717137, 0.48209797946840327, -0.002478564764653821, -0.5866611615147652, -34.031031757428515], [-0.2900199660311558, 0.34973800628099355, 0.5242513128142685, -0.3288094724048947, 0.44252239367776786, 0.45340212319146556, 0.09600564522143172, -90.1527537091893], [-0.27467617879122874, -0.6633889719114161, -0.09279342687879966, -0.22267492524400867, -0.3086297939300045, -0.5026691622231304, -0.2799012147084154, 101.44472558627643], [-0.20544852778237155, -0.49565181681290355, -0.4315367931313962, -0.007231937661657853, 0.5971163819786778, -0.31932316493403706, 0.2594775845479835, 25.047115037113805], [-0.20446482173290975, 0.3793929458532208, 0.22531006715965338, -0.4840903373673023, 0.4541359499071413, 0.5341565151873533, 0.19386697629949712, -78.54790579431638], [-0.17812163017364022, -0.19134482363869845, -0.37665419067040856, 0.15816614432507636, 0.6528900071216724, 0.35869817328717735, 0.458088631000403, -57.01014789817014], [-0.17034240000301834, 0.46323491097821423, -0.5643072946608311, -0.06018784564601174, 0.5343119109508541, 0.2626202303697725, -0.28261808303407926, -21.000598780695704], [-0.1331582566264904, 0.3689615901319872, -0.41989561521398283, -0.03069460731132213, -0.04784018867801556, 0.6714462050762092, -0.4644922465892761, -26.68591085460354], [-0.12954546457261362, 0.45959598352234765, -0.23792434429246498, 0.3292851366867763, 0.5092522694270873, 0.030962682544792255, -0.5887752101285813, -30.429253910573514], [-0.12874832109887907, -0.6347918983616301, 0.03582531987256372, -0.1471094835291387, -0.6338978802216729, -0.23134125533843286, -0.3196766537133799, 83.28580903036298], [-0.12874628416814082, -0.7332364224115723, -0.3225380018801271, -0.08627259612697508, 0.14961082444185822, -0.5582136472672082, 0.0181423503750188, 76.62111848946674], [-0.11411230167012659, 0.4361273913656742, -0.15060050723248974, 0.39669567290257274, 0.3098665001363491, 0.14852113085389945, -0.7061497979982284, -34.359953355969616], [-0.04611870432547908, 0.5288077186109016, -0.7087867068373866, -0.17952240415497997, 0.19665747717514584, -0.1585666596840985, 0.34613729006513483, -4.770104348725685], [-0.04574310876113432, 0.2108188454995169, -0.5714798099743136, 0.06384305476546276, 0.7747557826336156, 0.11919037078824106, 0.09135100612576673, -33.71160928447862], [-0.033663217513506344, 0.4370567108539827, -0.3405266680302455, 0.32173109908871245, 0.5843458318683368, 0.02184175743113593, -0.49642904219429523, -32.28117665688879], [0.018520689297649343, 0.4775808869775816, 0.11928290432690875, -0.46689986035519543, 0.4917362179439274, 0.5310558027254376, 0.12459861937889279, -83.54504233049019], [0.028187206491460476, 0.615304849567952, -0.37597166004248606, 0.32769296676109977, 0.1280093149401989, -0.5912029647951356, 0.0772057224210529, -15.953470404661541], [0.03670233608826332, 0.37356233908520053, -0.18737397677128442, 0.4619171071235666, 0.17564890985182155, 0.2728486121775164, -0.7108648195114438, -41.20585909090633], [0.03680877283539309, 0.09412158436499152, 0.884408512117636, -0.3689300407436338, 0.200644082268205, 0.17586986973516588, -0.01761225425185377, -77.32267126923672], [0.05206022032377965, -0.3744539874401262, -0.03586187144664911, 0.2149715648784833, -0.3946987066826764, 0.7925016090256514, 0.16040332869004162, -50.42327704304577], [0.07069856032986992, 0.36661684235449427, 