{"omega": {"vertices": [[9.83468338330501, 68.65009276815837, 28.044399206440517, 28.777533858634875, 49.15731592803383], [42.11076250050522, 83.46256718973729, 78.92793284514885, 13.002857211827767, 5.336254511708038], [95.7889530150502, 1.8288277344191806, 10.322600657764202, 1.9366957870297075, 57.411760549201304], [53.316528497301704, 75.01443149449675, 44.78935261759052, 67.8835532939891, 14.672857490581015], [69.18771139504733, 98.88610889064947, 90.85955030930955, 21.162811600005902, 58.93055369032842], [31.551563100606295, 74.81656543798394, 29.36141483736795, 26.554665937222623, 69.97583600209312], [94.45947559908133, 58.65550405019929, 90.34019152878835, 13.747470414623752, 13.927634725075855]], "constraints": [[-0.42781355763614065, -0.5434938425963924, 0.5827881589873403, -0.3124572546602864, 0.29037635702105613, 19.891996721421357], [-0.4154965803181179, -0.7598979797733969, 0.3884121105253867, 0.24341503089647254, -0.1995064089475418, 48.16287511684237], [-0.40619604750859495, -0.4974345084326348, 0.6471217316736978, 0.38409981349083355, 0.14582344969420982, 1.7738597163985022], [-0.3413198259001909, -0.1216242190093172, 0.2327925238502793, -0.8560080782015882, 0.2859477866514757, 15.75513563324812], [-0.25383152619663824, -0.6023813229429444, 0.5327359758214654, 0.43298619593147086, 0.3184676314424097, 0.794337131707719], [-0.2188047297964524, -0.5553237421098406, 0.4698375950116451, 0.49963728865849316, 0.41635951503897184, -7.746856636001372], [-0.11379842902532222, 0.9303852632350992, -0.32001886553406544, -0.009201095669037375, -0.13760975636597494, -46.74781518299166], [0.1973809618293364, 0.5205468217939719, -0.6797159047334067, -0.3231741265152276, -0.3515914319648399, 7.968902774212797], [0.39894768158370625, 0.6320850532140713, -0.5558832749364242, -0.2933618975199617, -0.2150391001464477, -20.71866826569019], [0.4515255583884766, 0.6179921477947538, -0.5238890356511244, -0.28100381884010783, -0.24655122694444692, -24.274305456567397]]}, "solution": {"min": {"arg": [60.09732371227048, 84.98808283445875, 76.70449997879477, 21.286466587443584, 47.61558653909925], "value": -43.49597605756449, "pred": -51.61391463193755}}, "policies": {"policy0": {"pos": [40.4733144024484, 72.73427058785272, 41.8346614465411, 27.956838336044374, 55.82939944014416], "value": -17.43660838734337, "pred": -26.678096879267102}, "policy1": {"pos": [55.76399257945493, 68.61685445540324, 56.51064729225833, 16.232126034381913, 42.82870392139604], "value": -11.824578127833433, "pred": -17.676874323404377}, "policy2": {"pos": [61.87522387647415, 53.60653598448772, 40.88456859171401, 29.546374301734684, 37.77011391956585], "value": -21.79860908791776, "pred": -10.21298904121538}, "policy3": {"pos": [60.46222984390254, 85.75031525927898, 77.86228903266644, 25.136427756087798, 36.12467658874709], "value": -32.686268724188835, "pred": -37.06919070233435}, "policy4": {"pos": [64.75430098548091, 73.93116921414645, 72.42332890195419, 14.823583298217915, 35.5430638243418], "value": -24.294341932152236, "pred": -25.986698371536164}, "policy5": {"pos": [40.40334880471084, 79.42898937101687, 51.75663778264759, 25.378974712331555, 50.605261430249456], "value": -18.314658453508827, "pred": -27.54463027934817}}, "model": {"name": "ElasticNet", "alpha": 0.1, "l1_ratio": 0.1, "fit_intercept": true, "normalize": false, "precompute": false, "max_iter": 10000.0, "copy_X": true, "tol": 0.0001, "warm_start": false, "positive": false, "random_state": 1, "selection": "cyclic"}, "objective_id": "ythksmdo", "data_id": "ywsercgp", "solution_id": "p7p8b5lq", "generated_file_name": "solution_ythksmdo_ywsercgp_p7p8b5lq.json"}