{"omega": {"vertices": [[63.80503998148818, 34.41878501499428, 72.23617688838881, 30.9633065520196, 80.15862197902605], [42.04829661108058, 83.9225504433099, 27.384637229412423, 13.180737318258107, 99.3854607554137], [14.469423897971257, 59.98563107837048, 23.94799198850378, 67.34686811098143, 84.37011894251182], [90.25575239851871, 66.8290948382414, 95.64667533794837, 89.98594733290066, 70.98660797272352], [55.86102558541841, 39.11452983841889, 24.13811624521871, 22.300641094351615, 45.6465971738121], [19.24682722132436, 23.347521645653437, 86.0916832357298, 30.293038419715323, 89.46723281694423], [16.228021834769002, 37.787310035691405, 57.21135611261664, 5.079848671972598, 81.42238541023517], [50.54807075801454, 20.741612301032497, 12.201787009894671, 65.972280004374, 66.3105897706658], [50.54153167607615, 15.388503321003366, 86.89283156493721, 10.181268570832213, 88.75287436530148], [63.88264452527, 9.315850537110004, 61.780734132075665, 2.085404098700727, 6.622395041451556], [99.54309779123494, 99.40047971911042, 75.87574962372928, 36.931601701089654, 40.94073394752339], [14.913047186870376, 30.0726265390322, 41.00704621519948, 6.710413192906028, 9.49405202257182], [74.31499107838341, 62.7910280351234, 31.896151886061396, 66.8094332351973, 34.58141585679333], [62.076972985522175, 48.52020809171671, 77.16962890328169, 86.79578347437447, 44.19591917756183], [66.1815510611299, 9.207909741045583, 45.22278146758721, 12.40891176274863, 29.19378314092388], [5.430091322478237, 94.76084219084994, 83.76279947599315, 94.77354149152794, 63.363730816452524]], "constraints": [[-0.9789134570890972, -0.19537256269805156, -0.02928409280909072, 0.02418222646960438, 0.04599638144451745, 21.07583806879706], [-0.855366530212873, 0.3799917212791233, -0.21723542065243945, -0.2765050703315558, 0.01755302953391353, 11.925769135765522], [-0.7093478533101821, 0.18920598919314674, 0.05865612568956188, -0.08790372717138892, 0.6707153720663838, -53.158777310524236], [-0.702306210449897, -0.623638187842135, -0.3073494458176395, 0.031219795813693853, 0.14967645083119782, 40.20092316293331], [-0.6792494683670344, -0.5745740624553917, -0.015213574998609149, 0.43691009471334774, -0.1317684436803594, 26.351663541272515], [-0.517720577305615, -0.6378124905573862, 0.12135377588672988, 0.5018733899428176, -0.2419855207830884, 20.854773639241607], [-0.4455930798145632, -0.262076710530603, -0.7616447461664584, -0.335507709351746, 0.2002360172931097, 46.10963116557645], [-0.4370883261472552, -0.49349390047584113, 0.5474530580532624, 0.30420214881453045, -0.4161415230707996, 0.8190909047931356], [-0.39107564497710723, 0.03134234868842154, -0.5126737418082351, 0.523765631348752, -0.5557991498397775, 27.674920863952483], [-0.38703422478546623, 0.6092008190266434, 0.36040417324114654, -0.570930718452689, -0.1524001889088144, -22.04944330186149], [-0.36709275800506286, -0.7629035774703031, 0.16292659669255302, 0.43260781618812993, -0.2636786680153873, 21.33624930666469], [-0.3650093316561199, -0.8575879313182091, -0.265588463543442, -0.19240428568027895, 0.15412490631238945, 41.95216374679595], [-0.36136688175494075, -0.9242246492832306, -0.05788741189063267, 0.09492203637836343, -0.053494195782242904, 35.427646442575096], [-0.36118752055045233, -0.8610126076576179, -0.2275030859468023, -0.23549350687713985, 0.14486551886709997, 40.8134446552754], [-0.3590406369764332, -0.9033307421734585, -0.09434098912181715, -0.20700609232316583, 0.05772041888721737, 37.22965906600616], [-0.33842847977142715, -0.860351087617028, -0.2675439804158098, -0.20318417178773643, 0.17999605827349047, 39.68536840207766], [-0.3152839615639113, 0.34313357126428096, 0.6996489020403124, -0.5033085092225215, -0.20006832400451388, -29.030750869393454], [-0.30828917435763026, -0.183046584544683, -0.28284847768197635, 0.6255424139310973, -0.6325702806065593, 23.509010261703896], [-0.2883554508979499, -0.7747327676962227, -0.19242451658637413, -0.5149787089751771, 0.12004168989959554, 37.80530655489512], [-0.2855817193632214, 0.6621846078161265, -0.568002881066158, 0.0012347204250593104, -0.39664320150856586, 11.3948493453597], [-0.284217462046711, 0.31394501978643286, 0.7060923939438357, -0.5312775177858381, -0.19959130524400215, -28.69734444196301], [-0.2757583787528707, 0.25767915323139234, 0.7744826241760349, -0.42740929376722486, -0.2739648353134864, -29.926806627473113], [-0.26590972473307634, 0.2670496558475021, 0.7526653728593671, -0.48073916718420123, -0.24568514248448334, -29.371438050971168], [-0.22905147455371733, 0.14403535497617465, -0.9387104074793449, -0.1536489838971025, -0.14833745029157488, 40.017446710404215], [-0.22632087997234535, -0.35161896648705815, -0.7484038998438568, -0.47450559933681885, 0.19969727236902657, 45.92726547540028], [-0.22137889127868876, 0.7329981159207775, -0.4660693594256451, -0.06805386902316066, -0.43801046981591235, 4.985546786756915], [-0.21115152749152705, 0.3073796160619374, 0.6340930615725723, -0.6511485532279666, -0.1867199907943951, -25.954878038745907], [-0.209696753900224, 0.5103933699257593, 0.6293748747722803, -0.4845895336755202, 0.2541380140731688, -70.12170092766733], [-0.19862294638032243, 0.5034594013098541, 0.6298760804299688, -0.4924624920714776, 0.26041193061926377, -70.53890936519062], [-0.19352100386877907, -0.5381128944501132, 0.16353127172429918, 0.7117184083999472, 0.3737627110895638, -52.790043249306066], [-0.17899837896580156, -0.42857276146978573, -0.3521629132015819, -0.0786819581892588, 0.8087492815914313, -26.20348401558372], [-0.17478557363064823, -0.4588467038853513, 0.1095171716086779, 0.6869717564695909, 0.5243905991911701, -63.07775419640417], [-0.17250451274091907, 0.14549745830768485, 0.8889955031161865, -0.28053992123865457, -0.28294351157188546, -42.799380121677885], [-0.16231610435140922, 0.5069558639085238, 0.6438881137112137, -0.4392753315329777, 0.33029458736853756, -80.38906276649834], [-0.15792208598383425, -0.4765024691902365, -0.6794508714439582, -0.49802110257750704, 0.19577412059731533, 46.0302912987281], [-0.15442814820118755, -0.189155049918356, 0.9050293803499203, 0.07106541423514243, -0.34094551138937595, -42.176285101596115], [-0.15326163667938386, 0.2714373639892427, -0.8974299801251917, -0.0020285164531937197, -0.3121665325534191, 33.90105369698564], [-0.15200400058419614, 0.3645660175897382, -0.8666425437354381, -0.05441339456938879, -0.2999271353251715, 30.054496167071235], [-0.14638803593292596, -0.440431377724631, -0.3465467757039609, -0.09604669405152835, 0.8094881773455647, -26.57783943216014], [-0.10738648696579597, 0.015597834192804536, 0.9413021294303097, -0.12532905968931263, -0.2940540391033524, -49.230807169440695], [-0.09330068589275503, 0.06359905471286889, 0.9363878511575264, -0.16188443576516712, -0.2902091726895529, -50.22343936196102], [-0.07961465985743442, 0.3069546563803239, -0.9209191959021128, -0.025726480706668393, -0.22513624246592936, 25.520644470307417], [-0.061952016482505166, -0.3989189205556519, -0.23022274200544812, 0.5372969896482919, -0.7038004521558943, 25.437620981989742], [-0.06075460399363416, 0.08674661216286345, 0.14426535761887435, 0.2781608149392351, 0.9437149839836608, -106.13393694792606], [-0.054095009274632906, -0.30349499067331565, -0.6148657315333321, -0.7089231792590767, 0.155989033918942, 38.4236398578821], [-0.05304543219581385, 0.22602316467299807, 0.28048924435553807, 0.24220238455881418, -0.899312793119972, -10.595232227402455], [-0.051248849920193566, -0.9389931798133755, 0.16127567063346218, 0.29890338102951286, -0.01767174345321349, 1.5513977812134818], [-0.03711573402517077, 0.26109140552348264, 0.13528483583603354, 0.29432715842863993, -0.9085830932026441, -6.1947488465648775], [-0.03561692847739928, -0.4610653336516454, 0.8355489186132571, 0.16898491399619603, -0.24382841498981958, -43.7879800239165], [-0.03264399099886026, 0.3655465513798246, 0.22766835135109376, -0.8951730125997739, -0.11019295772463651, -12.788971682893697], [-0.03162752894662436, 