{"omega": {"vertices": [[39.53741179164704, 12.729996727065117, 29.0827972776881, 27.126269509776957, 87.74818277081312, 88.10182116648522, 66.78144021869498], [70.13502588582863, 69.60226451212223, 36.93281732043896, 93.3910599277565, 82.65025696645833, 0.9004896351547109, 11.555253934123987], [33.852506065873825, 93.52880038638055, 75.3066695440915, 61.16345236537316, 25.49981763748328, 37.292355971264094, 69.1999138737044], [42.69937698881973, 54.763438767342855, 64.5295525846952, 38.82504401165343, 93.46842638966669, 91.29260069340421, 62.43972330073208], [68.42663366179212, 74.16137407048564, 8.248028392176888, 51.982813439336326, 15.468168435500829, 42.87783807651442, 53.72351167949704], [1.985124277168293, 1.7727357274935684, 92.1923115653273, 1.4467342460606547, 15.876132732405413, 46.36539148000589, 7.392723872723018], [0.32976199172704, 92.66756107078857, 52.93694864491303, 23.91910657718349, 22.85080863964134, 66.51216900670477, 26.4785355731733], [8.229875276210874, 4.8241520716269415, 7.231371723770397, 88.3773664236559, 46.95466807643609, 62.94291585945082, 73.84951882796548], [62.62568789895935, 1.5870144132093644, 3.2914905538036554, 8.657134126075238, 68.10955507770589, 68.12135807558205, 66.63294233749936], [49.61763141790281, 6.130234777056687, 99.89053902309763, 55.201839031428705, 46.28359557452858, 5.116262568473628, 2.189307051575262]], "constraints": [[-0.730291339163511, 0.08351396411563704, 0.21136397067833412, 0.04857732909799197, 0.5041390379086063, -0.3764464224007999, 0.12960483885825827, -9.762565967014392], [-0.613924890632916, 0.0745215013016322, 0.032276877510107355, -0.20456434596461306, 0.49374971233415776, -0.5130017993657308, 0.2601822081942567, 12.430118640151711], [-0.5679104845720422, 0.017429992534266924, 0.09473145259115402, -0.17876745849520517, 0.499681912533337, -0.5398078389826063, 0.30849231401526667, 7.436378448324323], [-0.5238459065159004, 0.06640356856054382, -0.1006397763183827, -0.3180034730458596, 0.3910055211934348, -0.605058327635768, 0.30156352799563635, 30.27719816007426], [-0.4585958393433441, 0.052856007010788394, -0.23538694047416991, 0.18506669758322447, -0.48530343671054443, -0.670854435296926, -0.10804769927710249, 61.857730928641004], [-0.4550200839794821, -0.01894095892130568, -0.006833889333310626, -0.27890926281929046, 0.39993852829654, -0.6444697403676072, 0.3734552338033742, 22.74115159337491], [-0.40761370985411893, 0.0543112069392062, -0.3055381175187425, -0.3282114715874393, 0.03156625707734469, -0.7533167140952808, 0.24767427133252076, 61.95167132735563], [-0.3764910792419747, 0.15049892239672683, 0.015543654028630553, -0.4611613048636467, 0.47012487130291397, -0.5768026817961709, 0.2626298897302017, 17.053126257579247], [-0.34048798411976633, 0.43982459499150667, -0.46432474515072475, -0.17276713197718527, 0.4221906692894309, -0.2977798335384313, 0.42220672301903694, -12.953653202575797], [-0.33336386397900647, 0.4654338520784092, -0.4699695819937388, -0.14364976834114868, 0.43304144413536044, -0.25683284012532803, 0.42100498747986803, -18.666392876271694], [-0.3270342992683905, 0.08866896062169356, 0.08284610522643618, -0.43232282889005924, 0.47606689326854673, -0.604929023867347, 0.314389990632878, 11.645170822525376], [-0.30900134315367306, 0.46413910039740686, -0.45222646698179597, -0.19480252107732005, 0.4369537668610882, -0.28468259955715286, 0.4179276120213669, -16.425750889233544], [-0.2948934758616215, -0.049924212949735536, -0.23539029343246873, -0.2795486703015031, -0.0373627491014875, -0.8215864831768724, 0.31715774811074143, 59.1212057757027], [-0.20699842165427682, 0.42350625029167377, -0.43458325148966126, -0.08652790820642896, 0.4464113362002785, -0.2773081672504593, 0.5525047758261381, -33.858468999597214], [0.101263504058522, -0.09970294364678735, 0.14269675514042965, -0.08710982583431631, -0.5981740321035082, 0.6538494325282896, 0.40807264915567104, -36.889855603642445], [0.1252043982414162, 0.3123440486134921, 0.1653027313425557, -0.7122715431427279, 0.3419003117282805, -0.4780600915427022, 0.08168252879773596, 1.1221091630906217], [0.14584818964069352, -0.09884726221612583, 0.17617181486351136, -0.00815010942806577, -0.5793167772333649, 0.7063444067437896, 0.32144088472474647, -42.27314110234452], [0.1649757810377475, -0.13224872190844428, -0.2791030972913283, 0.2015707776928081, -0.11739130255955062, 0.5590335021300341, -0.7144681766649046, 6.572263633695535], [0.17541199797221338, -0.07060346879264243, 0.18397335156504196, -0.11894587919210178, -0.5718714624933778, 0.673898401826869, 0.367526106963659, -41.895373793246996], [0.2240514142747404, 0.04118804474977563, 0.2011371523155298, 0.5777829779502542, -0.29526410006794473, 0.5988703326827207, -0.35775497330445116, -51.97063256820708], [0.23653897467014917, -0.1115772899609157, -0.09903482979281526, 0.30417792256529746, -0.15388192464992356, 0.6399920920595757, -0.6292838716398055, -14.159889077214842], [0.2418507520782724, -0.10458842485620455, -0.0588156107861938, 0.33587547249963257, -0.17708572391924193, 0.6413198366696972, -0.6096288866878099, -17.77506240495776], [0.2474996910830116, 0.31737168046765674, 0.06703979941174429, -0.7298984321821606, 0.11990935735212412, -0.5344445467169179, 0.027637580352756524, 16.49319798076542], [0.24901453065375914, -0.05546792009762384, 0.2573860868762965, 0.45597752987578644, -0.4153424691556267, 0.6500872371182262, -0.2561819379775119, -46.43832619504245], [0.25275536543307453, -0.22816621563826017, 0.26821141183261044, 0.1612203409230131, 0.31744944932035724, -0.3933556701374127, 0.7284385405910935, -61.108818569264834], [0.2597937140955587, -0.12766369845598624, -0.08179580506733242, 0.31270436762137244, -0.16122614212961023, 0.6375878903487266, -0.6158103962515907, -15.650712870682483], [0.27882991777040256, -0.1967169132781602, -0.17546426234690116, 0.2617587382589484, -0.15741524337656432, 0.576024769454906, -0.6539624566423703, -3.7809291014974065], [0.3370864401234916, -0.22739561732641395, 0.28228053121593655, 0.09178368139873505, -0.5381859311817349, 0.5936951529316027, 0.323170839486679, -47.7946371058206], [0.3447075344696228, -0.04904192305064189, -0.1283339917939195, 0.08867871755491152, -0.08154457821999696, 0.5947340687679972, -0.7029082061521328, -9.978295209300327], [0.386277851403528, -0.0919427053426133, -0.08771594239485382, 0.13218198990660524, -0.10639565703329687, 0.5982285149631457, -0.6693074058255375, -13.80825902322789], [0.41589839996018746, -0.369640167002959, 0.43165112898027486, 0.15719974325754132, -0.40273063793710906, 0.37696953223525004, 0.41840436954160004, -54.370360148739024], [0.4761712625181669, -0.3112634796396677, 0.3567480335573932, 0.20353771120989045, -0.4658163031847664, 0.47270918046788524, 0.25930757422700074, -50.01633612417902], [0.4791285568150525, 0.3754600729161022, 0.20543364707048287, -0.7012594132349116, 0.15355229640607862, -0.2597012329577795, -0.06689374828440162, -13.516752755316514], [0.4873809764015967, -0.31170833648291846, 0.26271040845328686, 0.2533684025352271, -0.43140362830138246, 0.5875241138280682, 0.028137445777434593, -45.60114852078534], [0.5236986973228057, 0.34217948106078316, 0.2568717788416851, -0.7092623896689844, 0.06927924307493072, -0.1769172999326505, -0.05930669829475539, -16.760298211403313], [0.5877655626002831, 0.17576438417586784, 0.04413682108640702, -0.3584515520700238, 0.012410358906391103, 0.3260006185554804, -0.6219103876063551, -15.74342595437027], [0.6425858652005965, -0.2764685984948217, 0.07632339704679988, 0.457862450000203, -0.1307393860421559, 0.5046113190852832, -0.15316613666894074, -59.28291316230079], [0.6780373622446405, -0.24229840694093926, 0.2629956864381166, 0.4055884671909935, -0.04998668964015483, 0.059724195856559574, 0.49175444367989574, -79.88587437617157]]}, "solution": {"min": {"arg": [44.50851647691745, 45.85314210026944, 43.83925247192383, 58.693521180698255, 75.05589726699267, 53.56371307373047, 44.443671986672754],