{"omega": {"vertices": [[38.78156761905676, 38.915327069712305, 92.74873949896987, 23.206301997744095, 56.6013275576092], [87.29976237846088, 23.822696737072846, 77.33602685786238, 20.794804075400076, 65.93961619535686], [64.78981026087793, 60.64772630590143, 6.653501922241722, 41.384766108861506, 60.074216521874725], [33.83016259666848, 80.69353209940608, 2.649890525238341, 95.68471572598027, 0.7886841122959898], [88.5669607039258, 48.92705234968112, 61.27727877591593, 32.40745647594782, 83.24812793763986], [81.77347447893766, 61.96946877677817, 37.27964098447636, 98.09454898355516, 71.83152689437428], [47.982404726213815, 61.34157881114329, 95.12473559254647, 7.619084528817799, 49.46251912040805], [70.05584496796983, 8.89317217093215, 56.53302129815692, 24.79374802950005, 42.49261112157776], [3.534540281596177, 7.339218966681493, 15.979314775180386, 3.473666771580608, 37.814092689309305], [72.71135537720482, 80.08959031894388, 39.86658611752061, 73.74897470624175, 85.49139366064115], [26.864424127852903, 40.85100464272592, 6.666103017367275, 27.73923805737928, 13.666693872411983], [35.29471029544982, 83.14340088866287, 65.54750445406559, 9.889387689372242, 99.97976399492221], [59.53539983383913, 63.936087996587844, 11.67920132855389, 63.189279590471834, 54.11664053430418], [7.420066032957184, 77.65682970261072, 21.703592457757725, 91.5143298047704, 46.81594719411343]], "constraints": [[-0.888166368119231, 0.20194152041391872, 0.38023391580890636, -0.13849396090421018, -0.08137393278254455, -0.8605473540255772], [-0.7137348389938099, 0.3574765566879341, 0.2428461068244527, -0.2180436753873442, -0.5062369159285044, 15.918912162555966], [-0.6953575195647983, 0.06441240108709348, 0.43022991785105413, 0.009750401511087243, -0.5719581366036629, 16.704461510419613], [-0.6857096593403419, 0.5287764322231289, 0.09197759142130475, -0.3642865598513421, -0.33020171532071313, 10.8248118939233], [-0.5968035833128876, 0.6140540509952372, 0.06372101743886305, -0.363593924390212, -0.3612508761017979, 5.546212388130549], [-0.4492636007088694, -0.11225802577939901, 0.44233019093755016, -0.007534291148424225, -0.7680153575080738, 24.411668702599087], [-0.39210863794658013, -0.5056980026045091, 0.1347729156747858, 0.34352082855428684, 0.6740549293339385, -23.738279158038534], [-0.382918928541668, 0.46788342304554126, -0.6918821657818409, -0.3334042291291681, 0.21118448161619854, 2.1477320291178197], [-0.34616892176583786, -0.6084087917439872, 0.3610433471885688, 0.5126814206157363, -0.34177665534439877, 11.062657758906028], [-0.3215266912512107, -0.7054570892773616, 0.24570518152560408, 0.5393270414833153, 0.21841746289544986, -7.744947955758171], [-0.32066701890435767, -0.38302224523357564, -0.23688501234861498, 0.2543377879537512, 0.7935139590370242, -23.159740320042047], [-0.30977786005551944, 0.6090570491107544, -0.6364420097167137, -0.3450696721256511, 0.09463444401891585, -4.037370716323543], [-0.3078000942699828, 0.16740982489983502, -0.9104721333013113, -0.0817782539035864, 0.2039261242818983, 6.980784319669767], [-0.2729275042527742, -0.1827224174373814, -0.5302679044789195, 0.11338872382934513, 0.7733576419588025, -18.858661346978565], [-0.27266153976542296, 0.19838781650108675, 0.6862243874874041, 0.528803104102718, 0.3684580384596692, -93.91931043440846], [-0.26696939497417316, -0.5736809409873054, 0.11399238730401645, 0.26841413811029724, 0.7173403001325669, -24.7254899868639], [-0.24610176009653328, -0.6955088974428841, 0.17200176384163474, 0.37398354753274127, 0.5350261644680233, -18.304744846852053], [-0.23217446359832858, -0.5740414746019896, 0.06163190402789826, 0.24187708667836294, 0.7444920330235141, -24.943680664653314], [-0.2309667404994915, -0.3736374690989771, 0.42114481137878146, 0.1189683640904744, -0.7845591008093133, 26.08309704595714], [-0.21522838778126868, -0.30011632570846203, -0.5356490115144752, 0.20939123991154993, 0.7299605312948075, -16.807493582049915], [-0.20154117181557427, 0.39523811401948783, 0.7358657638529252, 0.4756287904743142, 0.18827326031759026, -97.50946176064406], [-0.18221229175346673, -0.7551920796502213, 0.013338727927750944, 0.6209388199846455, -0.10363717354727912, 7.735424127612819], [-0.17653040013175914, -0.5496798824990498, 0.43197185623325324, 0.6430121219666777, -0.25811774644812757, -12.139873479470548], [-0.16665912745928632, -0.30186844800611023, 0.42651263463293715, -0.0867852055911655, -0.831658268714898, 27.73902813790095], [-0.1661509824391032, 0.3818111487963187, 0.7454548545664454, 0.5021264197243402, 0.13704092858519148, -96.96390411308066], [-0.16049240553962044, -0.44467206269698795, 0.3332793650686257, 0.3235962893190899, 0.7488118927870214, -57.27575561269499], [-0.13248256345411571, -0.40154871557766564, -0.69226122868074, 0.32163454281200665, 0.4883980052519634, -5.108399677535534], [-0.12980727322807215, -0.32196497215542424, -0.8466989289635564, 0.2892021015785223, 0.2809834455205183, 4.72172338843675], [-0.1275511070846347, -0.3970800320779602, 0.32870645099558976, -0.7641722396838049, 0.3661297862465871, -13.07779797711253], [-0.1208064570297614, -0.25192202982489276, 0.4382633935289108, 0.024156217521412567, -0.8539805418605294, 21.616170549219746], [-0.11810466046931085, -0.4697193344847082, -0.25834448585971853, 0.13017174259869524, 0.8256685049348608, -23.681092044589313], [-0.07709117879794354, -0.49135765552098926, -0.7163420016679207, 0.41608500066216764, 0.2575888456102495, 4.139488508383936], [-0.05997228760312206, 0.2489884962858961, 0.7387385459074751, 0.5604793547157825, -0.27301338275774356, -73.4344516587849], [-0.047929307834835386, 0.7962034820198336, -0.5439979566930624, -0.09784987085336264, 0.24135952966004753, -52.01309927560433], [-0.03612596611294002, 0.08451813542805665, -0.7663057030586035, 0.30727682212326113, 0.5566939225479838, -43.846152440857125], [-0.0353344839182876, -0.3905435401937455, -0.4133007365550451, 0.022207852082524886, 0.8215330364191707, -21.547230783861046], [-0.03483371722793418, -0.5534825812294627, 0.453753807387337, -0.6831213341825646, -0.14105449119324065, 4.641359599640487], [-0.02607829802773335, 0.8600551700437061, 0.44797723519508853, 0.20824658861156464, -0.12479896606814696, -89.53333571015911], [-0.009680721918802813, -0.44373662887346554, -0.4145839473791725, 0.0731317722361619, 0.791060037092157, -20.251588392249836], [0.01917012764232656, 0.6261299723218505, 0.6272280734252075, 0.43111568459770416, -0.1682794531948897, -93.95371567860727], [0.032491125929063634, 0.42669986469481197, -0.781486219816625, 0.23048530971614978, 0.39118711948000395, -55.82269077746872], [0.05894247002323895, 0.29917069791438716, -0.7860163510372706, 0.3474911579971156, 0.4104276668949788, -57.62560682916816], [0.08124490657895873, -0.6933575523920067, -0.26579541919962185, 0.1610752981196844, 0.6450287692530419, -15.901931405185213], [0.08664058472411229, 0.011199167960147647, 0.7296120991492466, 0.37187332977944637, 0.567225174943286, -112.20198222005624], [0.18620011539955886, 0.19410819247993752, 0.8055661074180239, 0.3194931170990124, 0.42028433392537023, -120.69306222286687], [0.20966883796308403, 0.10256509501291142, 0.8251128983890476, 0.1756210509544847, 0.48359624796504574, -120.09852648767506], [0.2175493540706595, 0.18286066834071257, 0.8146855005587319, 0.3476087539304115, 0.36700128594834874, -119.95351468774305], [0.23280094380406258, -0.6395089208556258, -0.463808272863501, 0.07922361574407853, 0.5616382870156035, -10.231048609352417], [0.23520160638633358, 0.7165510324559717, -0.20130485734367284, -0.5215026459092024, -0.3445956571971186, -15.072896947070213], [0.25553313952451573, -0.6215336915955947, -0.6742134256454773, 0.30579637821576744, -0.01798656625947441, 14.049759202719937], [0.26612973532670164, -0.18426432454639613, 0.6150786473213413, 0.4701491859790753, -0.5439297962117556, -40.321266530896146], [0.26829242087076083, 0.14491884088309467, 0.8303954891012333, 0.3549160154583561, 0.3024824955462616, -118.41969870239868], 