{"omega": {"vertices": [[4.880073425574027, 33.49044627491744, 52.40783886731115, 31.2098758614057, 10.505824146857057, 52.23428017402085, 56.51115284013913], [40.70173560568047, 70.1077445534013, 15.657733305055832, 96.18645329682103, 11.205252032719704, 15.434904132924988, 9.06276906421648], [54.178912001939395, 84.21761774494061, 63.66110061760249, 10.7847029399045, 49.7924264970954, 50.566082486393725, 41.33923136586961], [52.796877778739315, 79.59998294012327, 10.348916904728489, 24.151902919755575, 63.921103792237375, 94.81972045185437, 31.19059868507842], [67.10297228693624, 2.4067247539384384, 46.26772104321976, 84.49254647954757, 29.136759234621124, 21.023677001950112, 85.8272975059174], [65.18147398453728, 56.01539031606493, 72.25096897984143, 62.449220858967195, 97.2442269229479, 7.598484059412547, 19.84764191415819], [24.7418590589919, 67.76397090806513, 1.611768770428168, 70.38129976059668, 61.36510985848223, 71.26404220753857, 80.31154268515117], [84.2844417714895, 59.5352613372109, 4.295318201618558, 42.02337866256022, 3.558539360662283, 79.9457878362453, 33.37957276194058], [81.56653301587569, 18.789814627296963, 20.70960077139382, 2.723580445084295, 39.46538647157703, 52.50733602600383, 44.770385580718106], [65.23136659902156, 25.281805748350195, 53.95170280253699, 80.99816786072064, 71.40368683227608, 47.91589171472395, 49.25220815063227], [89.14900835320009, 47.130615108484534, 8.803601130279215, 63.163978959758914, 19.60341392662667, 66.16797908619925, 82.98716895343229]], "constraints": [[-0.4764108824513182, -0.526072592296639, -0.40077239573222795, -0.009394639671045571, 0.36425637827694746, -0.016249294824195855, -0.45014084194064197, 63.7000813344441], [-0.46004876416807383, -0.5892367273352171, -0.44796916862417885, 0.00406432874404319, 0.33716445303379033, -0.26124678075045404, -0.24193505347237765, 69.10499739203155], [-0.449742456079247, 0.11734129869040467, -0.4681260379376203, -0.4664921688982957, 0.2383637436190407, -0.5268779663264912, -0.11308468556980912, 68.76503008338865], [-0.36519135448768864, 0.32899588920173123, 0.5399083114442967, 0.4367262610074525, 0.044131417454526374, 0.47861687873820813, -0.2124722783234983, -64.61845036497164], [-0.30925415380546023, -0.31481260361227276, 0.2399146148677351, -0.4092157851978685, 0.6478353356341389, 0.2373282401024995, 0.32283586546779774, -25.195975890412964], [-0.30598917221974636, -0.6364285310945346, -0.4156769611838311, 0.1894869804853478, 0.048875527436033364, 0.34884643333357623, -0.4105533439505042, 43.14401395681996], [-0.2826871377082441, -0.47661981993677593, -0.762758266709995, -0.011767013428457372, -0.3148904651535301, -0.0910814557353613, 0.05942269562057092, 62.39121692202002], [-0.2759708103173643, -0.689988250436617, -0.44403634359692956, 0.22975114245443531, -0.012546639625969486, 0.3075664590787081, -0.32101077754808516, 42.762242067921946], [-0.23986633238595628, 0.36727222012694344, -0.564822813218212, -0.5120828399117087, -0.24198726710551444, -0.38672769188710593, 0.13492764184345693, 49.57144129855494], [-0.20438687318594376, -0.27128542799822314, 0.27204547313784705, -0.3939235452632879, 0.5531151528654302, 0.021790882998400384, 0.5907914257555731, -32.21558354858512], [-0.20117629227898243, 0.16183986454887436, -0.32741242021753647, -0.35657776965030696, 0.047859040503834355, -0.76550789243796, 0.3327108922224166, 44.53047006033017], [-0.19211087508961353, 0.4354699919713511, 0.6442910663063555, 0.49598044178027784, -0.13087293728657237, 0.09952399604098264, 0.29209411071100627, -83.2221707610675], [-0.16645605430768873, -0.14578927119781973, 0.21065996064554837, 0.6326206757250691, -0.33590580893292565, 0.626845908409867, -0.026130951931047412, -52.82656773720997], [-0.14539088381469814, -0.6885828919677213, -0.18299361542151282, 0.1545172829610711, -0.024651097623521936, 0.6682521216811769, -0.013574351874158763, -5.341284951854628], [-0.134853350470232, 0.3458983485253421, -0.3868908505314965, -0.6192196994285829, -0.3025895225775381, -0.03915991400183526, 0.4857544872985228, 6.449583656036648], [-0.1285145501699018, 0.37110425227448884, -0.4849188323366449, -0.44661736255730067, -0.31101249588942576, -0.4667482411015461, 0.3107565102701615, 37.63762622745054], [-0.11869925289922982, -0.6300532118197644, -0.09098463744621006, 0.10747422045609228, 0.003569461855695555, 0.7539801993441174, 0.024812159558697273, -17.729201407431297], [-0.09533997221170969, -0.411776378957407, 0.2144609083451049, 0.00817375094230314, -0.04550005762022954, 0.3415919223126305, -0.8102684218122039, 31.185716336757107], [-0.09505313635729584, 0.2614025669105669, -0.3484880663722621, -0.3555461656855479, -0.16380646786378744, -0.6769186477910734, 0.43557453587454986, 33.53389686432759], [-0.09011396504198028, 0.33351365872357563, 0.524760094273512, 0.46120841085857023, -0.21969445077057365, 0.5852176593205286, -0.042619214922520014, -78.4774491626559], [-0.0787573478369162, -0.20867856583356262, 0.27878739013733594, -0.1968901443329145, -0.14292735061442985, 0.215918977972322, -0.8756215882937374, 38.612934907661824], [-0.0512072030656508, -0.0549589328530241, 0.5376898099092892, 0.17460810726734383, -0.154675238612994, 0.4901042825472785, -0.6408060377672083, -19.300729782784423], [-0.04355431223878645, 0.40340008517303577, 0.5985525025357787, 0.49541274422611165, -0.27104247029261275, 0.3107885884627642, 0.24823162633577672, -87.54226304308118], [-0.03430149750968645, 0.35591438332404857, 0.5454890805437943, 0.47566983747733566, -0.27543181214361473, 0.5168916443863514, 0.07272257253620872, -83.4012993236074], [-0.020082242754111163, 0.25706466199528083, 0.549183675656112, 0.36977078247518735, -0.20153749913891136, 0.665385769276327, 0.10874620170438455, -87.61723962964751], [0.03303088552318787, -0.21329963967397428, 0.40770954274336735, -0.2573995658323591, 0.25013925111558216, 0.5047136357827773, 0.6353149750226891, -71.24511464676574], [0.03450738161901573, -0.21241103631533478, 0.4067833674007696, -0.2404497700707051, 0.23317509582827944, 0.5968393802794006, 0.5655211058638346, -72.45230946233565], [0.045618136609411844, -0.302082537069918, 0.4910480231818456, -0.07463002304858415, -0.0841882547011037, 0.4582748950808879, -0.6654801148852153, 1.042543419090613], [0.06284248583822649, 0.2965337629582532, -0.37254617880844565, -0.28325600374046683, 0.04941245456297998, -0.7326642910265609, 0.38711158131513607, 16.978128761235766], [0.06896067438342593, -0.5586249948466251, -0.6989749194717894, 0.30374509852434883, 0.18106015059161198, 0.1062364173464411, -0.2414261027523039, 16.604733924259268], [0.0917350283451189, 0.5467467126944102, 0.5338984511024835, 0.5200822637209994, -0.11705217943715783, 0.09882065067463254, 0.337124407147925, -103.71843041356045], [0.11606575723664077, 0.4780333185623532, -0.586087282893716, -0.37136115277147885, -0.021962322517895472, -0.4896126463287115, 0.19079462866774974, 12.732884955718578], [0.11664943870023527, 0.24919922335242994, 0.6685766727419663, 0.41784571703058254, -0.4092538718532121, 0.36485768704701194, 0.04574911509313754, -74.3384871956714], [0.1392671800257975, 0.5114407806192464, 0.45133426040921, 0.5187389055514987, -0.1075183746194208, 0.4839676118072383, 0.021341592633609307, -104.94553966622767], [0.20114267502532804, -0.22385923770341484, 0.5558155697988147, -0.10535806688541285, -0.08611984945484939, 0.7471602252920058, 0.15405312512689415, -66.15366213156511], [0.21016784780464373, 0.20314734256613387, 0.04013628048235797, -0.34818582614668636, -0.6530436828603482, -0.5584548838465968, 0.2310377315529871, 23.909293399511796], [0.23574334306042985, -0.3982454218291365, 0.5533757883637734, 0.04719166345816144, -0.401049331850654, 0.07518842875490551, -0.5575661194433912, 13.507541467971071], [0.24958103217679176, 0.6087577304313041, 0.38078769194026046, 0.5294575112513936, 0.01504616729847408, 0.3742428304053517, 0.03891950929549598, -116.02364178000511], [0.24969655221122783, 0.458758806511659, 