{"omega": {"vertices": [[77.67376998641323, 89.11781097831596, 13.047548246390594, 2.8274756621446406, 91.46631826779958, 8.060202222744618, 37.48758889892891], [61.530064465053435, 81.08965960642695, 81.83044984131558, 95.97853367898816, 59.29631208842674, 1.372173274891264, 44.855561239690545], [67.1208315471919, 27.40557958179296, 92.5539636139649, 76.81304468756642, 75.97180202080915, 77.95075360154978, 19.734708324017113], [50.90666330379743, 16.645914138601135, 72.33732234529661, 35.900419981601715, 91.54732591669898, 56.012724859517796, 81.99343303063316], [76.06234206059534, 13.924449498418213, 27.40916740867354, 94.70112907690171, 46.63516195147681, 41.23807539806692, 40.575472846645035], [5.803805989087851, 2.535952513275197, 21.002187499760126, 85.51550931370852, 66.38744349590127, 21.901629439151883, 2.6136877775254197], [86.70061522772806, 39.07421914014926, 15.964292419506322, 4.761950035175932, 9.791501272526748, 50.68914699336461, 60.49035818630538], [3.8940524395980947, 58.75935059395401, 84.78296864529493, 90.58365628472728, 20.356701887683435, 99.7366086392624, 68.3098137520721], [79.12968559693047, 12.780243979715245, 76.63126312851355, 50.078154084762225, 19.993698629450762, 82.53088986656358, 78.06324425924282], [78.31714041355924, 18.25092090350354, 12.493803580321627, 68.84739643712197, 9.219901381567453, 0.7862572459278128, 29.063033813282757], [20.536938990894306, 46.3511320826095, 9.799319527605855, 19.017005593036384, 87.16579822748577, 92.07911130114834, 68.18436110486743]], "constraints": [[-0.6064071770584009, 0.2639356992196592, 0.47089739971819705, -0.2646288154270058, 0.4346440037293425, -0.08696875798971837, -0.27268394971043725, -10.647302367103446], [-0.5857714132973392, 0.016744233261066967, 0.04074534912648328, -0.2911278058326671, -0.24860879401343633, -0.560204202029954, 0.4410678165304308, 55.018515732517265], [-0.5842345174367521, 0.022690873220009084, -0.04637831418591527, -0.24320785883180343, -0.22349663440014764, -0.5376463410772582, 0.5077792912493816, 50.39085537404902], [-0.5734192542339712, 0.03678448120777453, -0.07033930197059213, -0.1948486800716128, -0.19931293251868817, -0.543840700480894, 0.5398474624557594, 45.10647455552886], [-0.5286907216394062, 0.05636013347599755, -0.09046776427109016, -0.17703790524428897, -0.20847628301953008, -0.5285679868308133, 0.5957653419404809, 38.71877936955191], [-0.4778222927750858, -0.45129559312799455, -0.1976866094012886, -0.09185097838572835, -0.30898256085001913, -0.21883471170342897, 0.6141194447561973, 39.624469089708064], [-0.4208265202644681, -0.057669113266019104, 0.43716234568104945, -0.6719958215342068, -0.13946114720741257, -0.03178452063644454, -0.39551276242862676, 61.861689690757714], [-0.4054571911998187, -0.2784452349248022, 0.3952001874485933, -0.6482564797650657, -0.19007154250821418, 0.1063631839652103, -0.3663505798556322, 61.441596144333474], [-0.3909545372736502, -0.17807617490167857, 0.5275833282077842, -0.4588802077258188, -0.36166536025145063, -0.4365106178360635, -0.0720059732439355, 64.64012130346775], [-0.34533640843299346, -0.04400211793512504, 0.5700797588348543, -0.5621441374192183, -0.23989332218571985, -0.2789211063988223, -0.32009971311417446, 61.08634482584236], [-0.3198701387023919, -0.4481011423707929, -0.32964038161843334, 0.20584118153661932, -0.16591249111584158, -0.12413732903003251, 0.7091671567378105, 4.193157449742209], [-0.31975281715998477, -0.11232719740409672, 0.5941521963285076, -0.5245457215624412, -0.2847023485099905, -0.30301718843271774, -0.2900014594745513, 60.81414298057777], [-0.31143982946352955, -0.059253319707364964, -0.3301080290553471, 0.33222511057947623, 0.014269295446347178, -0.34115878660462856, 0.7507040104534913, -14.957083481804691], [-0.2675231937943327, -0.11079067340610221, 0.5811796667007099, -0.4512339929974344, -0.39004185525551427, -0.28969640102571015, -0.3724489125063097, 61.42724302307606], [-0.22252122581764833, -0.4835727127837511, 0.21398683860077783, 0.4051152959058344, -0.15385572662860886, -0.41772652674655436, 0.5554871102700681, -18.708935024401907], [-0.2210878513072273, 0.07408438125004348, 0.6631297535766033, -0.5973301135521661, -0.23134259082793288, -0.20096179156753072, -0.23490912247788326, 35.19323226217146], [-0.21822019374478055, -0.5036154448924471, -0.548756206197114, 0.16327165543437563, -0.43602260578676444, 0.3821635157754716, 0.1865362105669911, 20.195349467142687], [-0.20981231585429588, -0.20567705887619767, 0.5943046614972954, -0.5076614680086563, -0.26114842931633897, -0.38054836758838007, -0.29956965897968296, 59.12511577474655], [-0.18626233964302003, 0.2632904939461777, 0.31076816726248807, -0.33183670350039424, -0.41727821539841936, -0.07179967172575315, -0.7141538371727594, 53.4048505898467], [-0.16895557119352705, -0.03991295762584027, -0.43246204849234954, 0.2816985757244233, 0.23197689563015128, -0.4408682023291762, 0.6747632235782395, -21.433386868140115], [-0.16648929507573706, -0.1941866628710738, 0.5706482751534282, -0.5381330834599828, -0.19917978483016965, -0.40625700582992186, -0.33856881673828526, 58.49822265092691], [-0.13770433332793483, 0.5435858983556697, -0.6624958414305183, 0.48684754403550723, -0.0806241425618044, 0.053420148369408935, 0.016632859940402603, -24.159483285589], [-0.11442534058037336, -0.6654580804564378, -0.11922061405573717, 0.3863377170999971, 0.24615158303693183, 0.5307326475455943, 0.1957913509736593, -56.659321935169594], [-0.11365218794284974, 0.22110235201571127, 0.5515014770943084, -0.7272637333706318, -0.061182581227464984, 0.2604858821925581, -0.1831237557725374, -5.654340698965955], [-0.10496106089602707, -0.5789383946724854, 0.471415236601297, 0.5384443891760889, 0.02045673152668709, -0.23867085305295516, 0.2903042737762869, -50.75831771497472], [-0.10373057312023895, 0.030755648579251563, -0.12639803980007894, 0.6773618250522471, 0.6354244653685389, 0.171050100011373, 0.28368321042037165, -101.41820990661883], [-0.06139883159844606, -0.00687794911918498, -0.33675331078948517, 0.25398405200282154, -0.11184187415817508, -0.18863320559341454, 0.8775996212551299, -32.670923368314995], [-0.031283779001471494, -0.5191211202519643, 0.5238168470304371, 0.5206705932493141, -0.34622743826397123, -0.2473075645044112, -0.054937794861973976, -25.483495737015282], [-0.031187690284284027, 0.085351232541968, -0.3269425603944437, 0.2658245587383895, -0.08155779471811066, -0.2148490065370151, 0.8725689610359405, -37.77040032817975], [-0.02948468778296087, -0.8256414112133652, -0.4153435074895195, -0.08923093520214272, -0.017980501027974865, 0.03204785784495836, 0.3682718569963375, 18.147893448570272], [-0.00800478294882742, 0.0700632575935506, -0.29834501883299, 0.2699538890472379, -0.0992936184924755, -0.21454674923169018, 0.881619351325685, -40.04833232843911], [0.04561073973543456, 0.12564498697523155, -0.3169994108767238, 0.2829828789015783, -0.05644815211808932, -0.1520093021342836, 0.8804952240689703, -50.15437546080136], [0.05090824838980908, -0.27204854624372193, -0.3351264785967339, 0.060595584255646665, -0.29515428974474156, 0.6995211919754877, -0.48059380402487367, 7.780974440575676], [0.061526273979663704, 0.5317438077582807, -0.39388423775774517, 0.4704668708287636, 0.18650494398716352, 0.36602063376022387, -0.41015115841553423, -52.99137471133817], [0.07165666700197922, 0.10811510907132935, -0.3859784922753899, 0.23297311799425233, 0.03388797924773049, -0.2621786676471758, 0.8426354645698056, -43.39824564890431], [0.07475231508878433, -0.24964282406507016, -0.22701117041742475, 0.08496368947090384, -0.44717015120098597, 0.5844131505470479, -0.576053623460045, 16.093759598566205], [0.08350755945158511, 0.4905669873768973, -0.5788001833811293, 0.39403603930916475, -0.15376757857859874, 0.02209390719495698, 0.4878153922303475, -48.167356972538855], [0.09097245805947417, -0.668961346503134, 0.5134920592177128, 0.27039473961070815, -0.013687998387545197, -0.44425344769294023, 0.09939231149148227, 