{"omega": {"vertices": [[4.4599358255550285, 28.941574998573927, 16.651473766544022, 45.38869168359675, 51.502727083303824, 98.03532607345267, 70.64554908863782], [34.414347901770256, 32.75036184690764, 79.76895350135774, 6.846070172140262, 8.187753497201788, 46.13906152252739, 80.7946409073217], [72.436113516711, 47.81697765153516, 62.929333649884214, 59.25055656248097, 75.42364352500176, 62.79522850296373, 40.344460182904584], [66.43241461461777, 6.724959549628107, 43.576816662538555, 10.388295858301111, 39.116737688383616, 94.96380395341404, 40.70185101730984], [71.57991437332228, 71.86889557555848, 20.647315661670042, 77.78599130722112, 40.18765117545492, 3.5264761201896033, 58.86472477829889], [32.412548800737895, 83.58567024817783, 3.9319168651771763, 26.53320322775825, 32.0273337938058, 98.72183316726945, 67.25667251857045], [90.53714915184248, 81.98676976836187, 42.92029282362727, 44.07040773502816, 74.9407711836449, 45.831352937464956, 76.8186810567369], [76.00645006817368, 10.946193873400867, 85.57873957929267, 46.736521959112075, 54.94620208374196, 4.741397409784598, 56.95546539734474], [33.89264746337174, 9.226284220308656, 42.620339382679475, 25.355172102322477, 86.25818298166779, 58.72222178650264, 41.48423574135348], [40.8085442356629, 71.04363613599281, 59.78596404109188, 12.644923136498932, 16.103120558959493, 19.37402025742473, 91.93495077102969], [42.88654053102909, 49.65485159111499, 20.583068220393063, 50.73808600716203, 57.297070911875736, 47.934845524753925, 11.651418409473491]], "constraints": [[-0.7039705272929474, 0.23511964043238404, 0.5223629076599307, 0.29614774831448265, 0.19298827791979342, -0.1651246589628085, -0.1551358335238164, -8.596657108135144], [-0.6852364611022128, 0.26751194050952076, 0.4033057374527792, 0.36211515151085377, 0.3125198834630218, -0.25579785821253614, -0.04476864325647998, -15.69336856293851], [-0.6686657592085287, -0.35393466444989335, -0.20136442336509555, 0.07766784742254289, -0.17398611911201436, -0.5860372374555725, -0.08558981781845067, 85.51305639360912], [-0.6406061853900118, 0.23494144673203757, 0.4998605546430957, 0.4960229713823847, 4.732152603604078e-05, -0.13992061008064305, -0.13765569459973487, -11.340274077014143], [-0.6211900037427223, 0.4570092607386794, 0.2568782164854254, 0.21711689713625526, 0.4974695855820364, -0.21037285225649002, 0.02016492441593295, -31.0097843171659], [-0.6119665560473693, 0.4719982591909327, 0.5037857424217591, -0.08457753041283077, 0.24848794813610292, 0.09762661289568039, -0.2654880953408293, -19.09406460600945], [-0.5987701719493705, 0.555053135680314, 0.29903684073534903, 0.029801771788762352, 0.4837219026335043, -0.06467939181838492, -0.07006295185810131, -33.348199117030106], [-0.5962435461724921, 0.5931231585949172, 0.2813392879512538, 0.27531159773147174, 0.35969037692355743, -0.08750182810500157, -0.02676834740020504, -39.74315789131058], [-0.5930523523492945, 0.4670311107725539, -0.12716809496508488, -0.04256661820786467, 0.5587629560061206, -0.3058916862657358, 0.08000901730196681, -11.263966959879617], [-0.5577478858436606, 0.25127135152319235, 0.3363104641994749, 0.34841065549241496, 0.5121289293159611, -0.2426521731457264, 0.2648191329478641, -47.49448219838683], [-0.47915999122923325, 0.42425231438694, 0.4575786444999488, 0.5147246242554, -0.25622840571951644, 0.1037057632117582, -0.19921882592856174, -24.019986746279187], [-0.47171911510379855, 0.4291953268527659, 0.34407129003244435, 0.056971671996333385, 0.5349794565970805, -0.40787016964674444, -0.13813229003465036, -20.54603091626753], [-0.44334368737343227, 0.275258199498616, 0.5333069036488798, -0.17464015385367246, 0.05820782717775541, 0.3957204692598979, -0.5027733293655194, -13.21652840212925], [-0.4146635317638581, 0.43145832652146954, 0.5424089775463933, -0.2230496449481792, 0.4632295295202221, 0.2568306445276876, 0.13189256187499968, -67.89937054267921], [-0.40981299843726865, -0.2775218175246153, 0.5487286368484147, 0.34863001145583034, -0.19362006396745854, 0.2156817925257049, -0.4983789527323696, 8.934438790089494], [-0.39929792375355583, 0.13116084493408184, 0.570363195387471, 0.1356856117267527, 0.5063760088958719, 0.04146523499039404, 0.4706349039987225, -81.06420293124074], [-0.31093317860835185, -0.2681748192553168, -0.574839469868834, -0.5681828119528043, -0.2554906432087616, -0.2946250603791511, -0.16140416930662538, 97.95375739003704], [-0.17657895690088607, -0.6159942208947622, -0.5177029171643881, -0.09163336204408692, -0.38044026877409787, -0.40447854927460203, -0.06797288721126568, 95.44388846261558], [-0.15350533435008834, -0.47552396550396403, -0.6290712302242149, -0.29097128416046897, -0.31699823543551225, -0.4112625829245232, -0.017128230284359554, 95.98337370193514], [-0.13815339154929476, -0.3536026714771548, -0.6516966284248361, -0.23872450523427455, -0.5299406422490887, -0.2945567073237258, -0.0811182352571043, 94.43806916255284], [-0.12957733220293788, 0.10063038771382452, 0.44750326890431075, 0.6648619678409674, -0.05527874702564893, 0.13787307408092184, 0.555623886866897, -89.885079267348], [-0.11650709184915606, 0.22399304456320984, 0.5254991316687927, -0.3536852699849866, 0.43699266947767085, 0.5338031961473825, 0.24310935924551752, -90.67259943782132], [-0.07365240072022652, 0.45953544229145993, 0.3709954162957636, -0.619964869414844, 0.21768148077321808, 0.10545039308388249, -0.4504480552205127, -8.1187613963816], [-0.06947191003378438, -0.3389860639293884, -0.741540022698084, -0.40816402019503767, -0.18964995655560618, -0.355987485010898, 0.0329914235391666, 83.33053785069802], [-0.058576648355063564, 0.2773192024828871, 0.4127507758249833, 0.6497293827414978, -0.26425208017840757, 0.30571604244250394, 0.40479612396198533, -89.08639533782065], [-0.05663501126183972, 0.4588381950312929, 0.38378334713872997, -0.6359377436144589, 0.25291760437136424, 0.1302859938583075, -0.3919333619236101, -15.754366739709024], [-0.05635315622802324, -0.4762180712662992, -0.543883251945937, -0.36196538890568375, -0.2904197445125913, -0.4974688055839439, -0.10674219099185278, 97.35353565879151], [-0.04571968042333344, -0.203456305205447, 0.24827810737368539, 0.6560280802988339, -0.5902186783197716, 0.2142035055089325, -0.2650644297951927, 0.30578327955815254], [-0.04237354523844124, 0.4630000104440401, 0.3451373386985626, -0.6370116861547721, 0.23369692498951902, 0.09225183112962232, -0.44250101585730545, -8.612635783336376], [-0.0055157761662817445, 0.009951298895014603, 0.23076192283747696, 0.5925608645366744, -0.6459866607064887, 0.3244847250770918, -0.2700037074419698, -10.467825719000093], [0.00816859512293906, -0.5815238762269668, -0.5914239143433453, -0.2205898796194004, -0.19638737180197693, -0.37206882008958486, 0.29379909342581534, 62.48892633137366], [0.04567997677168393, -0.09451922101205888, -0.09681315979523208, -0.6297046647059017, 0.36813093690263954, 0.18767582975764113, 0.6421340203878536, -49.997160771950085], [0.10505414981059318, 0.31248701130108164, 0.3850555369437028, -0.6492224776487218, 0.18817623552358856, -0.11752602435270874, -0.5218574894972384, 5.924800971070695], [0.11087065915818245, -0.2642955642696662, 0.45631014396512876, 0.0007443547590501173, 0.39266967205691916, 0.39488980505027993, 0.6320669431395608, -104.0667938238819], [0.1338383719374309, 0.3075904121566239, 0.40368291212541957, -0.6739375106649046, 0.23168772907575436, -0.09637312723601407, -0.4553644510341795, -2.9266266142777013], [0.1399436667263066, 0.31581427787512895, 0.3504980036593462, -0.6641872710138523, 0.20633514182413382, -0.1299528737071629, -0.5071701788858023, 5.117979360715307], [0.21267325065293932, -0.32324965151967255, -0.6753836385423365, -0.3502202143590117, 0.08969073125768647, -0.21332435313948087, 0.46683057588042387, 18.863518154573566], [0.21334581888085255, -0.4473203021948012, -0.2822207843404493, -0.2600451950055446, 0.18440333705786985, -0.06622714497342477, 0.7541388524680259, -27.78407973081493], [0.2436389020054, -0.04776358050574939, 