{"omega": {"vertices": [[59.00582013764043, 66.95429801055965, 6.99890727978959, 85.78078124075793, 41.80766671829426], [32.15690345981926, 47.4558760941839, 44.86734516406264, 41.2432517246928, 97.7713968953006], [21.940189527650634, 19.163096150123415, 90.84940881268791, 84.85784215736791, 24.815157367377417], [94.76125988580742, 19.78598657737387, 12.012562210887722, 50.83326920546788, 56.01687289667735], [14.032403191249598, 92.44565240598716, 79.68990416551078, 69.25962738995526, 51.84316735077207], [6.960943445591639, 3.5633311722877203, 69.63559352759316, 89.70048771424672, 26.712658914901265], [13.919768061350645, 36.33662245763194, 83.30917897844678, 52.6471069112191, 28.369422467552695], [25.852064019768438, 29.15242035997545, 22.40941627571692, 0.2686598767501769, 53.385058840869114], [10.201553389844854, 17.26339613225093, 41.97350180251731, 42.62935510845816, 88.65238582163913], [25.10794314855539, 57.974629786476925, 21.252707392341296, 13.888893324684592, 88.64157003731528], [64.16639270530308, 76.49440047855836, 35.20857009325994, 85.83310810485698, 89.22037669702443], [19.21177928382054, 36.69153775527035, 79.14088709025458, 0.4280428692123972, 1.1200691339259716], [42.853990203304626, 8.946032665951254, 85.91564545107441, 70.41364173808938, 97.20313484762883], [17.397093869731982, 87.89799969761432, 2.2614780742929996, 36.01598468784314, 58.366408810459646]], "constraints": [[-0.9917333986095096, 0.06899312861556708, -0.008126999406976565, -0.0992044609714874, -0.04239388033977252, 17.254624960425744], [-0.9873239844220346, 0.03935386496412466, 0.10598882242809607, -0.11124753035128357, 0.005742787513839407, 9.177433612627825], [-0.9440317252869146, -0.1091321588629713, -0.2291327271066338, -0.15288053618761097, -0.14498278717621646, 40.50235332322272], [-0.9278998191582222, 0.06013832425455292, -0.05322238102013159, -0.35772748945326, 0.06770324224148108, 19.909395764309206], [-0.9246716233556008, 0.17107498007882505, 0.09030140284916463, -0.3024075201243921, 0.1269294629612674, 4.328323529334913], [-0.7954464788201153, -0.08014121377994889, 0.5282535899302929, -0.012559776464371562, 0.28571433623022696, -37.468196165948285], [-0.7542845675302504, 0.18361633992796503, 0.38749226355609007, 0.1424432537753467, -0.4763396855556242, -22.439937158799072], [-0.7459069326534927, -0.07410722533977647, 0.6109092265619583, 0.03111519577188083, 0.2528887669815423, -46.63112163495404], [-0.6995696182837018, -0.3405991905055003, 0.5559705112976773, -0.21880039656861075, 0.1939528747665573, -18.186498981070628], [-0.6895647773777986, 0.3225896906180137, -0.0554637294013418, 0.13905593849871323, 0.6308910603234271, -58.06421745255843], [-0.6642839887935278, -0.01095501914280642, 0.6089632376545571, -0.28591664144941564, 0.3256105328697258, -35.27217868835699], [-0.6551351422136089, 0.12282778648220798, -0.26564631477914225, 0.6037602202354128, 0.3472994561040692, -40.81375673797943], [-0.6167934657114224, 0.28732433131998486, -0.13928489619947043, 0.34641075368509433, 0.6305631266647644, -63.4898600595709], [-0.6067474095329001, -0.36666201431831463, 0.6673767833048214, -0.18608309142125382, 0.13190094948092662, -27.774786841309556], [-0.6027720467933044, 0.1790751327297346, -0.31067373949644134, 0.6800183313537644, 0.2136699629161233, -41.513960447853066], [-0.5925740951679647, 0.06309689971707408, -0.04637206044232008, 0.640059470757997, 0.4827506901965942, -63.180015655121096], [-0.5711097832858032, 0.011153452846178042, -0.42699247882074004, 0.62709143797594, 0.3132777798897305, -30.94929615671038], [-0.547921292325819, 0.20075934484617236, 0.05093691213948131, 0.4079299477980884, 0.7003402969586168, -79.49076917021333], [-0.4692327561547544, 0.127171680209298, 0.5742137526666762, -0.47738706854130314, 0.4539032246439222, -41.39917498845129], [-0.4648394624360041, 0.1232776963491235, 0.5803159387408866, -0.4745481167631071, 0.45471351405575366, -41.825756914208156], [-0.45942867671932847, 0.16441127095035168, -0.39262940991897705, 0.2774025085166068, 0.7285493941578612, -58.08451150422495], [-0.44788919339456984, 0.108717048822553, 0.575927320949979, -0.4936962781646475, 0.4605948107018045, -41.26822131319298], [-0.4332200724134218, 0.5266908959661779, -0.031686937588340736, 0.09993816003988541, 0.723826893061158, -84.53319422388554], [-0.42659527651493584, 0.3359356027388798, -0.21594210540955258, 0.26319366948540107, -0.7676339233786571, 13.706655117227353], [-0.3849507677169614, -0.429698553272992, -0.7898451026445729, 0.1835878708359603, -0.0980421708221636, 45.36315680654018], [-0.31663510664869843, -0.4865920056548583, -0.7882862697184305, 0.18387660427009864, -0.08811685789818471, 44.69076428112136], [-0.3107621696552639, -0.20852570972492146, -0.6329889401678197, 0.006845673783975233, -0.6776592363943212, 64.4728243598529], [-0.2968997100248837, -0.42483115913847613, -0.841458556504838, 0.15244914832562884, 0.008706507438892702, 38.41116753439166], [-0.24379232446804447, 0.34190282026134405, -0.08013386678382851, 0.3265534029939127, -0.8429763949335554, -0.7149776212137233], [-0.203916584519963, 0.11095426614006751, 0.2894038613821148, 0.8880540592964027, 0.2715005896261277, -106.04010952067563], [-0.20195422215595785, -0.3599719162818971, -0.8741818131484836, 0.015506735647938943, 0.2553437102254435, 21.669185220260367], [-0.16445718613673918, -0.2195732717536963, 0.44200019064026447, -0.7151661609092117, 0.466813245338768, -23.98103236096853], [-0.15987360672499193, 0.06587739649219199, 0.9701876637420627, -0.14188496814564938, 0.09330140106761418, -76.17097005809647], [-0.12007700377868054, -0.42592469152351853, -0.4793752954169867, 0.6538147018787875, 0.3832692683547159, -33.15049568979591], [-0.10666119656898859, -0.3504986830164799, -0.6117381077723997, -0.008861974826516607, -0.7010506509885024, 64.11200204434735], [-0.0990194345893399, -0.18812481943772932, -0.7894963314507328, 0.25116408774579435, 0.5180891308817305, -19.24104958784703], [-0.09894742986786512, -0.18881840674808772, -0.7900290125513375, 0.2506032944883178, 0.5173095432276672, -19.114433423824863], [-0.09850341408295758, -0.18846054586059727, -0.7895228772900925, 0.25097529191299267, 0.518116520825855, -19.23378373782156], [-0.09775175225525522, -0.18752512981087932, -0.7900041909424341, 0.2504196516594723, 0.518133474093866, -19.290443137305733], [-0.09276004197440355, -0.9275122397441237, 0.11156233479739677, -0.34448021798251355, -0.001960767966775819, 27.13444217066162], [-0.08634703592119947, 0.24349893316459945, 0.09183622940355828, 0.9569418042719439, -0.09529401419301557, -89.95427090665007], [-0.08205353387702805, -0.47029181913161405, -0.4957111145701164, 0.6276419981634092, 0.3639077293343253, -29.254623206078886], [-0.07178022096346837, -0.4486642627445872, -0.5012744531307426, 0.6210716890406388, 0.39565371086971346, -32.03354819103147], [0.03320093253121903, -0.969058330942785, -0.05923254870966297, -0.23723571771186985, 0.005862484501678726, 28.470216663379116], [0.09303156723444911, -0.24132456933474694, -0.5679070980303607, 0.11556082768921619, 0.7728096808683356, -46.3836408156013], [0.10808464800574667, -0.94080115736273, 0.06375803460886369, -0.3042343669615326, -0.08116190086951108, 27.61820765740611], [0.13823692945009958, 0.02989122944149704, -0.6368832489810098, -0.27708915280639695, -0.7054065454070512, 47.55968288058274], [0.1566948504953687, -0.31226616168976806, -0.4319225991642593, 0.15400955819279694, 0.8171049457739342, -57.0820834965431], [0.2065037168739018, -0.4165378750959073, -0.25091528361152265, 0.822746681983102, 0.2097184571366942, -61.88347985307756], [0.2559778069701354, -0.41380274608465617, -0.24926847296091648, -0.27397723702597304, 0.7912296453311797, -43.46998270161682], [0.2724625272692855, -0.5124622441194782, -0.09306941826324344, -0.5177296358773869, 0.6216435691813054, -23.065957940993393], [0.3392361173038128, -0.18528298710871247, -0.13286042177610022, 0.21773443486802851, -0.886300680132247, 