{"omega": {"vertices": [[19.85212474292195, 56.57816228631607, 19.200770940342103, 80.45192109426777, 62.62969626154904], [16.090897165813168, 92.04709061363164, 64.54342685626713, 97.5237108758843, 13.547834834205796], [3.828301000177803, 23.42445054186446, 16.46966179838468, 95.71642853542856, 10.806331744028519], [17.55663543154695, 92.36310980848732, 72.0434473073711, 59.79943571593057, 23.364180815894787], [71.57706048267376, 98.94453237475034, 76.80044104105342, 90.86940252589542, 2.3300705395790544], [49.977559372363686, 68.58335749342372, 37.789540287965316, 10.349339647127554, 41.94715226713177], [3.2742067229391325, 2.8322003523446493, 72.83499833540475, 9.698869585079962, 43.855182234937], [74.48787884229198, 99.47851895699897, 48.51131354696955, 58.881646304830284, 90.86518608657967], [78.12306859764045, 84.13010326399598, 79.98836451368393, 80.32349153645869, 39.84266773706037], [20.167289786886833, 9.986490218918808, 35.70522162822112, 76.89125486090201, 26.96382394766933], [67.50758391167803, 35.37514046655799, 35.18020201200508, 37.76271885621313, 96.1455480524577], [28.50300142609821, 58.63108516039044, 12.914710014189822, 71.73626964925538, 87.20424748423386], [68.8825334723561, 40.54841220506824, 38.235045012117006, 72.31997945227783, 24.390812401673656], [41.49868362843468, 96.08039503162054, 5.602220829513493, 41.090963834380254, 85.0639115609344], [75.27704801122108, 70.07614118157998, 45.39604551835862, 4.598875559998417, 88.86147321341397], [36.940925594682305, 32.75329335699979, 45.03426860559959, 1.6815173587780285, 7.975673308445142]], "constraints": [[-0.9642288729038525, 0.19270370834504771, -0.039348986472064855, 0.0025638702573734873, 0.1776880561027039, -2.3401162129815587], [-0.9336182177317573, 0.24889318496017318, -0.19176853295239565, -0.1416430721884766, 0.09783289768811985, 13.40270258548779], [-0.9256793905436692, 0.25507853167824984, -0.05324882118143032, -0.08631382178012781, 0.2603211397717548, -4.392474544840191], [-0.9139330679975367, 0.32224576475432565, -0.2286548085991793, -0.05983072587511268, 0.07086096996400469, 4.677284514013778], [-0.9088953731916302, 0.12502917889137677, -0.31879474801853463, -0.1683265514895573, 0.16826463002077427, 20.09451985545669], [-0.8927214852429564, 0.3440510415712503, -0.046843926012405133, 0.033117458565183173, 0.2852825110539998, -21.375438065126843], [-0.8923449506870087, 0.17597085079978805, 0.15647837627395625, 0.09501154534240229, 0.3731515411498568, -26.259898570085234], [-0.8051626356718586, 0.28252183787924245, -0.33980340566317724, -0.35336804762359963, -0.17764911949591108, 37.803796070636814], [-0.694768047670708, 0.05417206184440283, 0.145252838175602, -0.17467510978791018, -0.6802594848099311, 23.06895263616734], [-0.6729289764636692, 0.4242629683556004, -0.1084732605833538, -0.5930199997117334, -0.0610602816728259, 17.331794022985502], [-0.6144710501100994, 0.2771688636969928, 0.39036196068564366, -0.058621515496092784, 0.6243266830306958, -54.01650329161237], [-0.6075137422267759, 0.44724607933877714, 0.2794634548122612, 0.18276255222192506, 0.5651513288062182, -74.91004745400174], [-0.5664819829477971, -0.28954419418077226, 0.34833794853064537, 0.4878441921995393, 0.48572733129028217, -48.72956544382512], [-0.5513955206623214, 0.3616829042946763, 0.4214598296069334, -0.24916744874892655, 0.5704696758339931, -52.51741051903255], [-0.5483794138234205, -0.23327910442276267, 0.4281500410836456, 0.5116553054920097, 0.44694213117175097, -53.291313495917436], [-0.5405566899046452, 0.4863175908442946, 0.17087746960784128, -0.6429288335465259, 0.16952012036823091, -13.251967580552273], [-0.5118165832504281, 0.16774137582392215, 0.3381480417974718, -0.1456787375475124, 0.7578523755993998, -55.251130909659416], [-0.4915742391907937, -0.02337506699685083, 0.04494205662558995, -0.304618289440478, 0.8142458368892681, -34.352082566052076], [-0.48935791630574554, 0.08054438825476898, 0.5685621068646451, 0.252356641936547, 0.6058833940435314, -69.05577979033592], [-0.4419484036750209, -0.24421096586108082, 0.4822978009779592, 0.525754131509122, 0.4858127592140955, -59.39410255605155], [-0.43796326832503935, 0.06912094402628091, 0.3687280446564974, -0.0949202342750311, 0.8114433121937322, -60.28346395960667], [-0.42817612051273807, 0.4720885578327996, -0.5265312580205312, -0.24868995715779205, -0.5046937119899365, 28.510165934613838], [-0.40353810531130724, 0.11207571314849112, -0.3520050792422394, -0.819486727028363, 0.17067501426987927, 27.105246702162574], [-0.33470651543358737, 0.11226378035573625, 0.17019186598056754, -0.10916083126929402, 0.9135026183964631, -71.0705031607194], [-0.32875056817311493, 0.028976967232569126, 0.7306125822717089, 0.27131635905809265, 0.5326125113340677, -78.20911819787533], [-0.3108787247417813, -0.3555377716665329, -0.7850492214797027, -0.38641663630475154, 0.10642938721215053, 58.28421854212254], [-0.29617051653508336, -0.12341091289727109, 0.6187514348369273, 0.42604533267182393, 0.5767883564263436, -73.17482839999366], [-0.2831085157813151, -0.07064427313945959, 0.581038458735539, -0.09231234791572032, -0.7541430201607747, -7.224495629956276], [-0.2439460012774461, -0.26402829081342993, 0.5719532202353211, 0.5334539760608707, 0.5089948716816087, -67.6076645857836], [-0.2281960885462273, -0.2588786507711765, 0.4715722405000794, 0.06156774269480575, -0.8091584668013425, 2.022048532819146], [-0.22233053551860568, -0.1950731083430351, 0.6058131219341321, 0.4328235608579926, 0.598472924898048, -73.28799392153832], [-0.21598278441807706, -0.6354961324611846, -0.664915218199549, -0.1759654632962104, 0.27644169511035604, 40.51938862938901], [-0.20327231940646798, 0.4214273951545119, 0.5105160606121881, -0.7175650805930022, -0.07451860000676697, -27.483850728474255], [-0.1986092045484944, -0.40931185417811417, -0.7727854092808293, -0.4113981220562116, 0.16301069372643112, 54.93659782274053], [-0.18847128711947958, -0.06630068633255476, 0.9633759708204525, 0.1770444656362283, -0.025392694947400086, -69.9661463671288], [-0.17538812457907255, -0.3141810090540885, 0.5597742162176094, 0.5212017879824445, 0.5343508420207219, -67.79619528861161], [-0.17106026347493763, -0.39769295167009694, 0.632976338412806, 0.29136809819520554, -0.5718603752800479, -22.163297986907033], [-0.1694111913441209, -0.47433720007742547, -0.7804500604315258, -0.3476355489375374, 0.1278721907116593, 56.50599772506865], [-0.15728991093268352, -0.3108651189470098, -0.6605007286660435, -0.6190162917393717, 0.24327017847182236, 44.838101731577126], [-0.15362041217482306, 0.5708820055656194, -0.4953661497866306, -0.2517815966889291, -0.5845621522977318, 14.370718543725793], [-0.14410049252169332, 0.6523229783761849, 0.6565273312781368, 0.20440345923948602, 0.2844307808117262, -123.88785497983154], [-0.12615593276377293, 0.21881238946069728, 0.8688808663827607, -0.18438372630271838, 0.38373754097777524, -78.53216245493337], [-0.12435320096218572, 0.9921086345178691, 0.013276317481927938, 0.007427828992977422, 0.005030454861871759, -90.969199056182], [-0.11821542767706042, 0.5777037410145982, -0.476820050077872, -0.2510863032390852, -0.6015661297366512, 12.138630328469985], [-0.11526281136787826, 0.5937018119771592, -0.4813214657790869, -0.24724531719160073, -0.584321865479726, 10.30087133383229], [-0.10340915032482591, 0.5567877845286303, -0.5174902643419259, -0.22673346887335455, -0.6000747212079311, 14.055447849592767], [-0.08007127075813618, -0.40756493899327356, 0.7740365693798411, 0.47105537727341856, -0.0803345063286645, -56.00609704220073], [-0.07927382476885524, -0.2579968609251621, 0.3521421166179902, 0.7915354623076912, 0.42026280119995235, -80.59213814075942], [-0.06574856978359182, 0.46788613427475034, -0.6103963704563777, -0.14350910531514727, -0.6193392435088937, 19.773715838831155], [-0.060844202975909166, -0.5973034709726321, -0.7341956316181123, -0.306176198229067, 0.0820941939429861, 54.735344387027], [-0.060523224459010094, -0.25618062484512766, 