{"omega": {"vertices": [[11.497101936639408, 50.90717982353641, 42.24751041873868, 46.63219156002274, 94.27196249611669, 45.91817358802268, 42.832151721734135], [81.40219346938558, 51.863424162028736, 62.428940457276404, 56.97832614633792, 2.815135937232527, 82.08561348898472, 2.988158432469923], [22.110035526628458, 26.53755278118902, 10.103558744302465, 92.81673882975497, 23.46351396023263, 40.799826964806876, 74.13398616174057], [59.24062250918504, 84.54061071010082, 32.99326657902641, 40.50763962466952, 94.75929334719528, 24.754117523419026, 86.28109042784371], [20.491354409030638, 2.622087422286423, 25.876733110286175, 98.70018506238885, 21.338597077557964, 68.83431539800713, 29.99668468678194], [63.37235572160722, 90.01495892680144, 72.25274717058736, 12.555621016337925, 70.1380644668979, 12.735205339955924, 20.64582105544881], [60.718784963769934, 44.24715978073851, 68.63758014165833, 36.76823616488479, 3.8220542233562194, 29.770635562191817, 92.19910154938012], [68.55321859842898, 95.70947597151954, 26.73839029635461, 2.2415147845447847, 1.3000040175287553, 88.12170215456217, 10.076324806307968], [87.65152676954156, 26.411672573768197, 3.1195040978490574, 3.726212076110036, 57.906085507124374, 64.14161028454485, 96.44983385727173], [41.25084608844512, 59.508938805946364, 37.72214699497548, 84.30019611557486, 24.030462432705036, 40.24410229330917, 57.911967106234364], [46.34389409020623, 96.90873797971773, 38.4704499797192, 86.08787020623683, 72.98431340725662, 89.48233637245362, 9.77951624047384]], "constraints": [[-0.790607505453641, 0.18007303157703197, 0.18517403517885284, -0.1496966857995948, -0.42091140562668766, -0.27728676727113377, -0.17821501587946162, 59.12620618770495], [-0.7565604338326384, 0.2940466623014408, 0.30806501561912164, -0.004939596489108196, -0.2896141170440891, 0.3437792182110458, 0.21015215730856104, -16.539961356529815], [-0.7073849269623042, 0.2633750562709938, 0.5388815391931733, 0.01623608047509505, -0.33201258204680617, 0.029454373485830042, -0.1687699810202019, 8.377435888116292], [-0.7067720112757786, 0.2542824091533108, 0.5452176983822573, 0.0064402416948268195, -0.336075664473411, 0.030532440475601032, -0.15694229180626873, 8.849311143053532], [-0.7057892366533484, 0.2598170368005675, 0.5501572874362002, 0.013044066551784557, -0.33002870703115467, 0.060381079932832336, -0.1376540952626557, 5.272815118394151], [-0.7024407572552196, 0.5192316719031811, -0.08419567318943488, -0.1960058927466905, -0.2702417630152527, -0.28921125514766566, 0.18653276249069842, 25.107329197966052], [-0.7004764529747686, 0.26720829629996834, 0.5540968610319602, 0.012268943407182374, -0.327971788030673, 0.04425482029821113, -0.14572104849640402, 5.597277404042375], [-0.6537945721964068, 0.22019682626367457, 0.6480924729525734, 0.09297040701287908, -0.27390659494513586, 0.021537835118966408, -0.14110267146992472, -4.53209869447528], [-0.6498043280966112, 0.33820756213504516, -0.20172871301324324, 0.06966196661953811, -0.2500181690472529, -0.38522835270960054, -0.45487662972415605, 56.269749794177116], [-0.6454655794243056, 0.6509162250760613, 0.24294760003094995, -0.055243039037693, -0.1849852302284613, 0.000693336537038165, 0.2517675671527746, -26.779815737452033], [-0.6451541013793716, 0.5243554184438487, 0.07690704369968854, -0.049497366408206435, -0.16664358839841076, 0.2710690592528313, 0.4463343786125643, -36.07165339243943], [-0.5629301229399877, 0.6009813008615884, -0.3928906359672475, 0.01131316919568924, -0.12675717178797014, -0.3734259705746956, -0.10920520580149226, 25.72307504419588], [-0.5439289276058871, 0.12056068262512268, -0.3826690252673431, -0.5334342688184356, -0.20623308618424807, -0.44541219066733756, 0.1330211864230677, 75.35515303348521], [-0.49461353608946806, 0.3148713087632609, 0.04597529646372765, -0.10004752898493736, -0.05732246134062602, 0.5621398747120722, 0.5699150547041308, -52.43871788612209], [-0.4790198121201248, 0.08643271731298591, 0.16263314348853491, -0.0928336302019157, -0.07937836047651263, 0.7077707462843111, 0.46985256124562697, -46.57569842713059], [-0.43549354918313743, -0.36885347243013855, -0.24509505559706674, -0.5649694035560772, -0.25656388259706, -0.43098599927101233, -0.2084622599957926, 113.39037893931877], [-0.30500429963839304, -0.10344228204074073, 0.4191812104273487, -0.15951200931494092, 0.011787951053853427, 0.7742517400424299, 0.30904755370086906, -51.39901839220782], [-0.2713166545057198, -0.602157496276404, 0.2866998841075065, -0.6342764216460477, -0.09820506239911016, 0.023923515581259443, -0.26281866597333603, 70.65538722871017], [-0.2336157809417895, 0.2632002484030214, 0.18894502137667019, 0.276871286113314, -0.44205266812766886, 0.6401345716841108, 0.3982568702414106, -74.69638435979941], [-0.1430087475921389, -0.03104017399949625, -0.11676165579781107, -0.02555106912229669, -0.5940755318703075, -0.6625116407447029, -0.41527274485937893, 79.29221766448916], [-0.09141124243648387, -0.12846751275971052, 0.39622679575460845, 0.2987079418638904, 0.26755122821259253, 0.5530976173681406, 0.5928046395387317, -99.08902852068556], [-0.07486306700340013, -0.09324574907114724, 0.5961659638171624, 0.5455716497891889, 0.2920875738952301, 0.20307216765638558, 0.45396587306822606, -101.3248500308998], [-0.06070507826518923, 0.15305235544719756, 0.6149123457199402, -0.3159942779989569, 0.2378579877090903, 0.5820615268504027, 0.3155126779727888, -81.00116975577612], [-0.024374566787425413, 0.10941950630977532, 0.07692873614312794, 0.20241529416775703, -0.2714744722351036, 0.7817454618229569, 0.5056865770604708, -84.94348109477836], [-0.018100083224254722, 0.03721724630905599, 0.6595909197730253, -0.3060377636582269, 0.2333460657967975, 0.6005736544160194, 0.2332999539884998, -74.84936508939498], [-0.01808068351800981, 0.5105147911981277, -0.1440203368427787, 0.19382286348834746, -0.22338463074551118, 0.4625275840120672, 0.645682675771137, -91.17962437067393], [0.08517458613360558, 0.004461668345979506, -0.78180763024157, -0.018564344865254243, 0.18129425997874435, -0.3786634105041396, -0.4526632198803616, 52.3738364882808], [0.0953344439847517, -0.3274478942647142, 0.49221482713681985, 0.4992139915159027, 0.29199725078904554, -0.5515753563542622, 0.05197505889810555, -32.9269390278003], [0.10572943098636499, -0.05189387387303045, -0.7588313968185373, -0.013532633661254801, 0.1786177255620989, -0.3691960868664541, -0.4918435217260542, 55.29686525694467], [0.11656845925955212, -0.07618653364353238, 0.01999552762440141, 0.627518347512478, 0.36488287447067175, -0.6127529858338148, -0.27896697847098784, -21.882045680906742], [0.18276376656885543, -0.09413361615101785, -0.7147136929181303, 0.06310995625658006, 0.24678602411662096, -0.4017206697676552, -0.4697391832694568, 45.24395849438667], [0.2045514638810502, -0.12474191436107641, 0.7246208211964508, -0.06536681316786808, 0.3858437128275151, 0.45718336994998326, 0.23528279614788286, -91.01165569551596], [0.21249008421552062, -0.21313340555482635, 0.684309271118798, 0.5438698819689142, 0.3399984689563656, -0.1556735419321781, 0.07426491731820288, -73.95021153556374], [0.22310253927864807, -0.6541529075643191, 0.14052167002238766, 0.10802540131661349, 0.30921399975046665, -0.6287042119070728, -0.0033346222717534173, 19.62346273238039], [0.23033587002501296, -0.34598871093351613, -0.3668997051336033, -0.19696293911087462, -0.3684792225585411, -0.6247400526869978, -0.3574217886298555, 86.70961517382553], [0.23651010964036429, -0.3588896241366833, -0.4251323552343151, -0.17086167101420285, 0.3467801107827018, -0.049933097499862314, -0.6946799379395506, 40.835147113802996], [0.24908792219627213, 0.10264199176635233, -0.5424667723295878, 0.2546944654691561, -0.1262549666796893, -0.5087799835405993, -0.541740685620914, 37.49164209107388], [0.259792958182632, 0.2761751020670477, -0.07804479258590731, 0.35238391028083355, -0.33256077005913776, 0.5889401794327778, 0.518191394438142, -99.63284491168739], [0.3032333594005121, 