{"omega": {"vertices": [[94.92058615753784, 27.227284654593586, 62.06465574907287, 18.759944694327114, 16.923790853600472], [18.04539355988144, 62.43809800562025, 94.36624231734551, 46.96030064851963, 13.99057504668444], [26.334895903985668, 37.13434180014167, 60.68974860701915, 43.46467627620777, 94.87087225545582], [84.98280667819014, 23.31456565285953, 35.97851549205671, 76.11462564285382, 84.59015090797561], [25.740633984049623, 16.266248303570585, 12.937535347365682, 57.00084221790289, 69.76008339481193], [68.32197713000843, 38.60247144476261, 42.20478900295996, 33.89016417922912, 58.528571637005456], [3.1093294724324094, 24.56441298140414, 82.6397292820394, 23.492469663912008, 28.977291762303402], [74.61725988300742, 85.52086055849986, 93.48117035909878, 17.492041619241817, 33.107280474560895], [40.00517394758548, 6.128955734198904, 92.37009796045955, 31.41851653092157, 13.583773735265925], [3.0464462923538105, 82.20953034248652, 30.619552513206884, 35.929601787439935, 17.526358988467283], [14.189642199748176, 58.071535201863156, 31.330113514214897, 52.36611020252459, 71.76517682638568], [2.2839488160209642, 15.043981302498, 28.05044988198324, 60.44621886610052, 9.378399525192616], [9.646885283185968, 49.9832702970878, 66.45631239015992, 53.7567263334328, 24.036034321867415], [37.34337077144541, 25.285552979563143, 50.3298568126216, 7.657226647674465, 52.28340709620603]], "constraints": [[-0.9538575482044217, 0.07018721565657154, 0.09809079498871089, 0.2252898825816229, 0.1576457967618192, -16.72521108719896], [-0.9299303395527629, 0.0989778863790274, 0.20432284437080253, 0.19162424446014803, -0.21671471060019373, -14.646979761504957], [-0.906694882332935, -0.2387855956501832, -0.06190607635037072, 0.008181797209401438, 0.34203293052947176, 3.6973438532047105], [-0.8783214197750723, 0.2614815926295463, 0.2742419942384134, 0.15687395570357593, 0.2456842504074446, -37.1600561641247], [-0.846127901814822, -0.08302276179156604, 0.20922309214943174, 0.406908123901938, 0.26043477342510046, -29.72581503606937], [-0.8410890816665376, 0.19843295031060004, 0.3292820253762524, 0.23938940193560523, 0.2957356639592151, -43.66441018641521], [-0.8267182152654294, -0.1479237955750334, -0.30533830100308057, -0.3879855335772315, 0.2255909814827758, 34.01499773896494], [-0.8071865010624791, 0.3638587770762276, 0.3254110059806855, -0.02471396706379008, 0.33098888178564645, -42.33061520520613], [-0.7263225246957737, -0.12874134703025475, -0.3257586216736293, -0.5323916191004423, 0.2575300759159971, 37.3861057688127], [-0.7180292843368804, -0.16085410679894227, -0.25438961143421296, -0.5170102104305292, 0.3557334269723776, 29.044220327598207], [-0.7080770817374781, -0.19422459411806758, -0.37790322031529516, -0.5427214588994217, 0.1534478005160763, 46.50584362503962], [-0.6720424519107928, 0.07820710106094926, -0.14187575015577583, -0.6242493956728344, 0.3639045969663055, 16.01325376909538], [-0.5427420231403708, 0.5032367516991183, 0.37785589069551095, -0.43088835486319427, 0.35177268166645514, -41.970848167880625], [-0.4431375174052671, 0.7112107975242473, 0.35400207072353856, -0.03582722274973253, 0.4137720219955773, -73.92235513670552], [-0.42670775907355096, 0.37581722589366406, 0.16606892398134387, -0.7239901608077322, 0.35347031078902746, -14.863140886251756], [-0.4109900798610548, -0.36364315579408163, 0.4869001508975078, 0.6715421664388901, 0.10397197338932877, -48.81572261368634], [-0.410638811184665, -0.7326187616629561, 0.2898440227768188, 0.3724667236787768, 0.26815014268284554, -21.199898526203206], [-0.3928357446288704, -0.09628084192989078, 0.16361094972763637, 0.8658295642642704, 0.24490957513808348, -56.87668001130953], [-0.39003454953430056, -0.37446627469319266, 0.472060693751589, 0.6774528280649565, 0.1608242097712234, -49.17496785804763], [-0.3840676544694249, -0.3543617622966236, 0.49680282594703884, 0.6731002063572827, 0.1644470812912326, -51.73478672414989], [-0.378696417537532, -0.066169606368605, 0.2008153628718987, 0.8736493528211459, 0.2205008047311482, -58.649328351550544], [-0.3211232527849973, -0.023512633855856356, 0.08144615391226359, -0.3561425905539059, -0.8734162763404377, 28.521271206186924], [-0.30062733724589374, -0.8790746592657057, -0.10618618706751938, -0.34315727151251524, 0.08842244184297869, 36.803269059698536], [-0.29311588085761164, -0.6515507275118532, 0.323829671081775, 0.5716211549851653, 0.24072459194759516, -35.42213816916946], [-0.28698672171925255, -0.3525731610217858, 0.44990988749968464, 0.7539643640195136, 0.14983196789274858, -53.64008674656767], [-0.27421140949356687, -0.33308075376269564, 0.46976156519139023, 0.7550144757424576, 0.15212668294780832, -56.168498691318675], [-0.26979143549736306, 0.17151233554215103, 0.3030931293722488, 0.863703986527983, 0.24483888308876903, -78.42740672106139], [-0.24680702864752616, -0.852267513385465, 0.10999689282163604, -0.2597145960788816, 0.3649320325637422, 8.139337381614983], [-0.2467872755688347, -0.33016198364611477, 0.44804114225414254, 0.7874370918093369, 0.09639017824774439, -55.538735787958814], [-0.1650051320474263, -0.1830798090512116, -0.24708873403852866, -0.7284998497286382, -0.5894830077045241, 59.62553117094271], [-0.16124583194635847, -0.15865992875490925, -0.1914815053321562, -0.681964372191326, -0.668645075406105, 55.61928495532379], [-0.15696183766532013, -0.2677982515761434, -0.23294555152118096, -0.7210435811036561, -0.5740031377485619, 59.88906108093386], [-0.15478610379037513, 0.48141372775307967, -0.17138243640687553, -0.7076601020285451, 0.46273893859548, -16.541778484626555], [-0.1397328725224994, 0.12406460319460977, 0.142926273692512, -0.6462880254462174, -0.7259246290242379, 21.793744428937615], [-0.11230022153425273, 0.08007093541682807, -0.019455208432870918, -0.8768034976468304, -0.46023301372668834, 33.92464190829148], [-0.1108254634679342, 0.3522686939011023, -0.10203338110504843, 0.9185379029312768, -0.09747714585077506, -56.79228521448347], [-0.11055000971247694, 0.0916482600247943, 0.08353685773506316, -0.7079500031102735, -0.686445684874568, 27.711818248021725], [-0.10946153690021179, -0.06479704791824097, 0.9185123735173002, -0.047589646991891756, 0.3713351043401738, -83.61584778362936], [-0.06970076719310594, 0.12936400147515592, 0.10859825060303048, -0.5599760924075854, -0.8081088751355977, 20.53508026019464], [-0.05622837384590879, 0.312915149449021, -0.5433902878614383, 0.7731855408994615, -0.07637796555167024, -35.356564247141776], [-0.05589596631775222, 0.47075096945252887, 0.004477832149577759, 0.8793038413961868, -0.045539754435645785, -69.46193205131114], [-0.018967851335481855, -0.09880361869408795, 0.25844739582920506, -0.9296768778083694, -0.2424539379062602, 9.994071714653947], [-0.016320470825350014, 0.584230244797624, 0.34048463852631417, 0.6458088294384576, 0.354132503510595, -103.59586602663722], [-0.005282644109703942, 0.054414759375589324, -0.005540093011563562, -0.17818602721054455, -0.9824612840767077, 19.33343880725056], [0.026884386421858218, -0.23199891810512938, 0.6288296156349736, -0.6057743283743228, 0.4278603853452422, -44.518084567249694], [0.03210318250014659, -0.8770029736703824, 0.10317324483811044, -0.22079328428489997, 0.41284473717237996, -4.110295773720949], [0.07354428051784113, 0.3587862325762724, -0.0745500851668853, 0.8791589223648796, -0.295610473672148, -53.843860832637425], [0.07556992854239629, 0.6815063984510095, 0.07261308826523097, 0.7210403000184978, 0.06831134556024551, -85.58386095759671], [0.08861323913015565, -0.8731416679744204, -0.3184371908954428, -0.3390574988718688, -0.11579762264865646, 43.44618544288436], [0.10217387768074622, -0.12476177921211704, -0.8009193082960016, -0.5112161679078775, -0.26679821670271003, 57.51292552574162], [0.11720594561146545, 0.2723028401776312, -0.7180170969724577, -0.5651599882801115, 0.2777761070484397, 14.679981540299188], [0.1297423055793489, 0.1870264810844212, -0.547293861463219, -0.5563137258922037, 0.5823851793312964, 