{"omega": {"vertices": [[35.30103533503336, 75.37011618232567, 66.3408999821299, 90.92780567857002, 99.7653272471281, 79.60314397279201, 37.663606644622774], [10.188901591371968, 77.2031533867808, 16.41630300675785, 5.843269379069172, 8.887135667426705, 53.106950406710965, 13.073021989513634], [15.3956309521331, 41.07765810440412, 9.277416899340096, 51.842037703693734, 16.034580329911496, 46.95484971806563, 93.73658486042227], [49.825862074242835, 15.372484123567865, 46.809295111428185, 65.4716755933707, 95.58772041014741, 70.63815395695386, 5.3725231860416445], [25.53184904455651, 24.15699745406109, 12.632434150604233, 82.34550227044903, 0.5525727915792089, 39.92753434773637, 40.682890710685946], [78.17892068003528, 38.158888004255274, 72.44558823544827, 79.38115793417572, 66.80059542198165, 64.63953208249428, 66.05212838791661], [39.468660295232006, 86.83968356995442, 58.98534843723512, 38.45939188402016, 0.09263678354004545, 39.29780553611282, 66.51339637569734], [0.45714547421606966, 7.731803669888693, 82.14947027826409, 87.84884023208157, 38.879352092052656, 45.783096615257705, 64.89381744781396], [47.103113224931235, 71.2896142217891, 43.98923679213086, 61.097269249455856, 7.458409574658864, 60.44969570577179, 49.71332719891163], [82.05853386441312, 10.791297440189462, 33.44521872298189, 20.462502135621897, 63.94345418006928, 18.427719885897353, 0.2628609036227081], [56.12302059782635, 10.127218073738863, 14.39736844745293, 78.62814770558228, 1.5814584506635754, 39.74576162201133, 74.811391003279]], "constraints": [[-0.6635472490374666, 0.478323915137845, -0.03627048484752117, 0.4548290378679867, -0.28209090294212175, 0.2047441733161362, 0.03508311151268588, -41.05455910914626], [-0.5419732372755248, 0.05536092588176279, -0.33902411072436694, 0.11750090595148836, 0.43715978436092473, -0.6069597166127044, -0.12226034826413806, 36.07400048812866], [-0.3378903953374469, 0.2962722239042649, -0.12774920637691015, 0.16728650529826403, 0.2642100977805489, -0.8261050687529905, -0.038621951117183626, 23.71800715680542], [-0.3009477634118546, -0.7504154542799353, -0.18577981834101417, -0.39805485776203897, -0.13749996896024633, 0.36059419041229646, -0.0664143611073329, 49.31668561252711], [-0.26510907930583166, -0.3191868563710952, 0.12178070101096125, -0.35560467193493994, -0.41532968290429445, -0.713539013918215, 0.07010731106036122, 68.09056499885851], [-0.2389823115369074, -0.17228579070015487, -0.08393709746728203, 0.06590497018079701, -0.21788496095145252, 0.9241508892802995, -0.01695397602778888, -30.192012624578442], [-0.22826642572492567, -0.23168635271908694, 0.1951313069225021, -0.13265154183197167, -0.7346940766722949, 0.5354495856350736, 0.10982517609675183, -5.558030391439791], [-0.19679311523503967, -0.09330075291510805, 0.29492906451768724, -0.7221705291108209, 0.4222588122058462, 0.1404402684333365, 0.3821361532293972, -7.6202899817962475], [-0.19473998020297031, -0.0550115786626296, 0.3154234660525527, -0.7198042160633954, 0.4233319197162706, 0.07943199458817314, 0.3948678739900578, -7.883539019574098], [-0.15318003358168483, -0.09510112571727719, -0.37672263602231937, 0.3899223055129219, 0.49443297920127727, -0.6394896063856963, 0.14184983882232574, -1.6519255331586198], [-0.1506950711400137, -0.048933584469671464, 0.2725071944698117, -0.33904166721704526, -0.11024063484721495, 0.8341955778250855, 0.27866075623145997, -44.14400250286489], [-0.13824602763019797, -0.0546372866936492, 0.5700624717403622, -0.7106630688432087, 0.2881068903992898, 0.19558318371227462, 0.16319075217753742, -14.659644274890342], [-0.12680318151184367, -0.2984928780877999, -0.02956528076318104, -0.05902137826642219, -0.2858362582692941, 0.8993123312023625, -0.0005388657014070047, -20.045618154640746], [-0.12386357851679819, -0.21194408830076203, -0.08395839893332262, 0.13220054962290195, -0.21490807769703268, 0.9306459690829872, 0.054075111183253574, -40.782701101071545], [-0.11681987846795258, 0.422838582674385, -0.006123669110467533, 0.7819585076093455, -0.2114975408016034, -0.1208829583414707, 0.369756869669962, -81.64464434018142], [-0.11624209106057336, -0.18006294645201407, 0.12241921782498931, -0.2276834886678211, -0.13437628760164233, 0.9202144654021408, 0.14962361668902888, -35.225045025785796], [-0.06738550249249528, -0.22561264532877923, -0.03327133930411713, 0.0758590560351917, -0.19571379698702313, 0.9415936767610442, 0.11311059840918976, -44.99573671560649], [-0.05684201877492352, 0.23183294066256777, 0.41002727259301625, 0.3516084486035568, -0.24669949958548543, -0.3514613902710234, -0.6832904617941776, 3.685414605562947], [-0.03799268808747838, 0.1567315827286798, 0.4280421538402411, 0.3416939698471442, -0.2821936230033096, -0.19736424728384616, -0.745272450291505, 1.995721165546442], [-0.022975840849444724, 0.24428627510733966, -0.09242452368017, 0.34274130352642607, 0.24323723228764643, -0.8554206578024789, 0.1512401396612754, -4.502719957209578], [-0.015088730515558342, -0.18243284226229317, -0.2839032397229805, 0.288087485034751, 0.596613966008642, -0.5654922583652753, 0.3566026093693901, -21.015500409375047], [-0.006125986191589455, 0.36353134948569243, 0.1038342642853077, 0.7057329899815669, -0.21916412732733723, 0.09982372705806311, 0.5486065361034103, -104.98615951904134], [0.01116610354533543, -0.35491462648290567, 0.11980307216518973, -0.2917398685415291, -0.2590917434661057, 0.8345781055918147, 0.10390790719545594, -16.352955821261], [0.01324688725594758, -0.21854620281039616, 0.03185818759902671, 0.3074241098006444, -0.2853974073816604, 0.8785687037376771, -0.05659419125578153, -53.395200604933045], [0.017812416923983485, -0.02891800613876293, 0.6803281459368685, -0.25013699707483866, -0.23771389837290874, 0.5803979036350357, -0.2829521854327687, -32.66730970920627], [0.01944692164595198, 0.13335297351068853, 0.6432440633739289, 0.1323294239797454, -0.28304626712411274, -0.03985672661294997, -0.6847342931302225, -8.242652511406071], [0.04012423628441904, 0.22118884350797796, -0.045366856137823784, 0.303350428216538, 0.2838838793082088, -0.8449327395393685, 0.24674787933967823, -13.01664731447362], [0.07514266097670794, -0.4901816356691504, 0.19089393694967827, -0.540229517112517, -0.1868460589197508, 0.6035324486426008, 0.16316939643177045, 4.576522059909244], [0.08209649513835117, -0.3591983719480991, 0.2706930555143081, -0.45524717509253704, -0.33384312076962613, 0.6583148311343797, 0.19718602426575788, -9.460874661582256], [0.11600834875702327, 0.24324438600302, 0.0483174656216554, 0.4670794888648465, 0.12945301924353078, -0.8299504361388144, 0.036063758207687625, -16.311059579502665], [0.1181472215088882, -0.4382644138571218, 0.297229642777251, -0.5977383521258841, -0.26224868127017853, 0.4793723232407498, 0.22306219834692273, 5.201479073318485], [0.13491951408600691, 0.34971071117939095, 0.17808436204971423, 0.799745977760944, -0.21042617615231685, -0.36449989073430455, 0.10512910300355684, -69.60492675215718], [0.14353308266993228, -0.4436236103621008, 0.3123647833818503, -0.16677707669776107, -0.5139871859347244, 0.5348818317759497, -0.3269993792508297, 9.07014664976262], [0.1455900184756577, -0.37756170744531564, 0.44655816403647247, -0.1987729773987716, -0.6821141079007044, 0.19142779980452093, -0.3088714205692469, 21.429978783126387], [0.14677462336169775, 0.08683922825206906, -0.6091020954043399, 0.1419726879546826, -0.0465731094853461, 0.7587471113802354, -0.04345478187261179, -38.34287290614315], [0.14933273217889736, -0.19920173424292395, 0.6495751695450243, -0.2991120174433667, -0.35118172316557067, 0.44575479987161365, -0.3233829927686172, -11.382450642494256], [0.1706599403545922, -0.09755512315242208, -0.05877892900134313, 0.706525231679622, 0.24766847027369124, -0.6181018268803177, -0.12383770689857627, -29.856776132040196], [0.17141135079048445, -0.44210651089309716, 0.32359067899316357, -0.3492704562184894, -0.4001219678952368, 0.6151543069691907, -0.09973360593442168, 1.305030677236049], [0.1721018619850927, 